<?xml version="1.0" encoding="UTF-8"?>
<FFSignatureFile xmlns="http://www.nationalarchives.gov.uk/pronom/SignatureFile" Version="1" DateCreated="2020-09-30T14:37:39+01:00">
  <InternalSignatureCollection>
  <InternalSignature ID="1" Specificity="Specific">
  <ByteSequence Reference="BOFoffset">
    <SubSequence MinFragLength="0" Position="1" SubSeqMaxOffset="348" SubSeqMinOffset="348">
      <Sequence>48617373656C626C6164</Sequence>
      <DefaultShift>11</DefaultShift>
      <Shift Byte="48">10</Shift>
      <Shift Byte="61">2</Shift>
      <Shift Byte="73">7</Shift>
      <Shift Byte="65">6</Shift>
      <Shift Byte="6C">3</Shift>
      <Shift Byte="62">4</Shift>
      <Shift Byte="64">1</Shift>
    </SubSequence>
  </ByteSequence>
  <ByteSequence>
    <SubSequence MinFragLength="0" Position="1" SubSeqMinOffset="0">
      <Sequence>334652</Sequence>
      <DefaultShift>4</DefaultShift>
      <Shift Byte="33">3</Shift>
      <Shift Byte="46">2</Shift>
      <Shift Byte="52">1</Shift>
    </SubSequence>
  </ByteSequence>
</InternalSignature>
</InternalSignatureCollection>
<FileFormatCollection>
  <FileFormat ID="1" Name="Hasselblad 3F RAW" PUID="dev/1" Version="1.0" MIMEType="image/x-hasselblad-3fr">
    <InternalSignatureID>1</InternalSignatureID>
    <Extension>3fr</Extension>
    <HasPriorityOverFileFormatID>673</HasPriorityOverFileFormatID>
  </FileFormat>
</FileFormatCollection></FFSignatureFile>
