BOTTLE,20081119PRINUNIVRMK
# 5/18/05 Initialized README file  
# Data from Kozyr via CARINA site 5/11/04 
# Ship: Meteor 
# Cruise: 06MT21/5-6 
# EXPOCODE: 06MT19920701 
# DATES: 7/1/1992-7/23/1992 & 7/26 - 8/31/1992 
#    Trondheim - Reykjavik 
#    Reykjavik - Hamburg 
# 88 stations with 12 place Rosette (many only have surface data) 
# Chief Scientist - G.Graf 
# 	          O. Pfannkuche 
# Hydro: Who - ??; Status - final 
# 	Notes: Pressure approximated from depth 
# 	Bottle and cast values fabricated 
# 	Bottom depths from global topography 
# TCO2: Who - Pegler; Status - final; S Plus - up to date 
# 	Notes: Coulometric, Precision? CRM? 
# 	Deep TCO2 values north of Iceland ~15umol/kg lower than TTO for area 
# 	Deep TCO2 values south of Iceland are comparable to GLODAP for area 
# TA: Who - Pegler; Status - final; S Plus - up to date 
# 	Notes: Potentiometric, Precision? 
# 	Deep Alk values north of Iceland ~10umol/kg lower than TTO for area 
# 	Deep Alk values south of Iceland are at least 5-8umol/kg lower than 
# 		 GLODAP for area 
EXPOCODE,STNNBR,CASTNO,BTLNBR,BTLNBR_FLAG_W,DATE,LATITUDE,LONGITUDE,DEPTH,CTDPRS,CTDTMP,SALNTY,SALNTY_FLAG_W,TCARBN,TCARBN_FLAG_W,ALKALI,ALKALI_FLAG_W,THETA
,,,,,,,,METERS,DBARS,ITS-90,PSS-78,,UMOL/KG,,UMOL/KG,,DEGC
  06MT19920701,   315,  1,      1,2,19920703, 66.6660,   4.9140, 1268,     12.1,   9.0010,  35.1740,2,   2075.7,2,   2334.4,2,     8.99969621
  06MT19920701,   315,  1,      2,2,19920703, 66.6660,   4.9140, 1268,     33.3,   8.3260,  35.1740,2,   2090.4,2,   2331.2,2,     8.32257776
  06MT19920701,   315,  1,      3,2,19920703, 66.6660,   4.9140, 1268,     73.6,   6.7890,  35.1700,2,   2123.0,2,   2318.1,2,     6.78226703
  06MT19920701,   315,  1,      4,2,19920703, 66.6660,   4.9140, 1268,    504.4,   1.9310,  34.9360,2,   2144.9,2,   2298.7,2,     1.90267802
  06MT19920701,   315,  1,      5,2,19920703, 66.6660,   4.9140, 1268,   1004.9,  -0.8990,  34.9080,2,   2150.5,2,   2304.0,2,    -0.93648545
  06MT19920701,   317,  1,      1,2,19920704, 67.6530,   5.7700, 2009,     14.1,   9.0500,  35.1750,2,   2059.6,2,   2337.7,2,     9.04847356
  06MT19920701,   317,  1,      2,2,19920704, 67.6530,   5.7700, 2009,     33.3,   7.6860,  35.1660,2,   2093.3,2,   2324.6,2,     7.68273867
  06MT19920701,   317,  1,      3,2,19920704, 67.6530,   5.7700, 2009,     54.4,   6.6820,  35.1630,2,   2118.1,2,   2317.1,2,     6.67707212
  06MT19920701,   317,  1,      4,2,19920704, 67.6530,   5.7700, 2009,     74.6,   6.4090,  35.1550,2,   2122.9,2,   2314.5,2,     6.40239371
  06MT19920701,   317,  1,      5,2,19920704, 67.6530,   5.7700, 2009,    103.8,   6.2840,  35.1570,2,   2122.8,2,   2316.1,2,     6.27488248
  06MT19920701,   317,  1,      6,2,19920704, 67.6530,   5.7700, 2009,    254.1,   5.4990,  35.1050,2,   2125.9,2,   2316.9,2,      5.4779758
  06MT19920701,   317,  1,      7,2,19920704, 67.6530,   5.7700, 2009,    506.4,   1.8110,  34.9330,2,   2139.6,2,   2301.2,2,     1.78305118
  06MT19920701,   317,  1,      8,2,19920704, 67.6530,   5.7700, 2009,   1006.9,  -0.7520,  34.9080,2,   2149.7,2,   2300.2,2,   -0.790803652
  06MT19920701,   317,  1,      9,2,19920704, 67.6530,   5.7700, 2009,   1385.8,  -0.9170,  34.9070,2,   2149.4,2,   2302.3,2,   -0.973276692
  06MT19920701,   319,  1,      1,2,19920705, 67.2240,   2.9280, 1469,     13.1,   8.9780,  35.1590,2,   2066.3,2,   2332.4,2,     8.97659001
  06MT19920701,   319,  1,      2,2,19920705, 67.2240,   2.9280, 1469,     33.3,   8.5910,  35.1580,2,   2079.1,2,   2322.5,2,     8.58751253
  06MT19920701,   319,  1,      3,2,19920705, 67.2240,   2.9280, 1469,     52.4,   7.7310,  35.1650,2,   2094.9,2,   2321.5,2,      7.7258363
  06MT19920701,   319,  1,      4,2,19920705, 67.2240,   2.9280, 1469,     73.6,   6.6240,  35.1650,2,   2120.8,2,   2321.1,2,     6.61736071
  06MT19920701,   319,  1,      5,2,19920705, 67.2240,   2.9280, 1469,    203.6,   5.9210,  35.1370,2,   2119.0,2,   2314.3,2,     5.90354775
  06MT19920701,   319,  1,      6,2,19920705, 67.2240,   2.9280, 1469,    404.4,   3.9330,  35.0400,2,   2128.7,2,   2312.0,2,     3.90407344
  06MT19920701,   319,  1,      7,2,19920705, 67.2240,   2.9280, 1469,    705.5,  -0.1920,  34.9080,2,   2149.2,2,   2297.1,2,   -0.220532301
  06MT19920701,   319,  1,      8,2,19920705, 67.2240,   2.9280, 1469,   1007.9,  -0.8050,  34.9090,2,   2148.3,2,   2311.2,2,   -0.843412395
  06MT19920701,   319,  1,      9,2,19920705, 67.2240,   2.9280, 1469,   1209.4,  -0.9250,  34.9100,2,   2151.4,2,   2300.7,2,   -0.972115283
  06MT19920701,   322,  1,      1,2,19920706, 68.7300,   0.1630, 3101,     15.1,   7.9550,  35.1250,2,   2070.8,2,   2323.0,2,     7.95348966
  06MT19920701,   322,  1,      2,2,19920706, 68.7300,   0.1630, 3101,     34.3,   7.3430,  35.1320,2,   2094.0,2,   2318.3,2,     7.33973068
  06MT19920701,   322,  1,      3,2,19920706, 68.7300,   0.1630, 3101,     54.4,   6.5300,  35.1180,2,   2101.3,2,   2320.0,2,     6.52513964
  06MT19920701,   322,  1,      4,2,19920706, 68.7300,   0.1630, 3101,    125.0,   5.3760,  35.0840,2,   2117.9,2,   2312.2,2,     5.36589908
  06MT19920701,   322,  1,      5,2,19920706, 68.7300,   0.1630, 3101,    194.6,   4.4910,  35.0510,2,   2123.1,2,   2308.7,2,     4.47653664
  06MT19920701,   322,  1,      6,2,19920706, 68.7300,   0.1630, 3101,    406.4,   4.1280,  35.0760,2,   2126.9,2,   2314.9,2,     4.09827405
  06MT19920701,   322,  1,      7,2,19920706, 68.7300,   0.1630, 3101,   1010.9,  -0.3920,  34.8990,2,   2145.3,2,   2304.7,2,   -0.433977377
  06MT19920701,   322,  1,      8,2,19920706, 68.7300,   0.1630, 3101,   1516.6,  -0.8350,  34.9080,2,   2145.7,2,   2307.5,2,   -0.899379717
  06MT19920701,   322,  1,      9,2,19920706, 68.7300,   0.1630, 3101,   2022.5,  -0.9200,  34.9050,2,   2145.4,2,   2306.0,2,    -1.01349748
  06MT19920701,   322,  1,     10,2,19920706, 68.7300,   0.1630, 3101,   2327.7,  -0.9440,  34.9060,2,   2146.4,2,   2312.6,2,    -1.05734794
  06MT19920701,   323,  1,      1,2,19920707, 69.6880,   0.4620, 3265,     15.1,   7.3910,  35.1300,2,   2075.0,2,   2324.3,2,     7.38955419
  06MT19920701,   323,  1,      2,2,19920707, 69.6880,   0.4620, 3265,     25.2,   7.1770,  35.1350,2,   2086.0,2,   2330.0,2,     7.17462944
  06MT19920701,   323,  1,      3,2,19920707, 69.6880,   0.4620, 3265,     35.3,   6.5570,  35.1410,2,   2098.8,2,   2330.0,2,     6.55384598
  06MT19920701,   323,  1,      4,2,19920707, 69.6880,   0.4620, 3265,     55.4,   5.9710,  35.1420,2,   2110.6,2,   2318.6,2,     5.96628645
  06MT19920701,   323,  1,      5,2,19920707, 69.6880,   0.4620, 3265,    105.8,   5.4850,  35.1370,2,   2121.4,2,   2314.6,2,      5.4763627
  06MT19920701,   323,  1,      6,2,19920707, 69.6880,   0.4620, 3265,    196.6,   4.8590,  35.1250,2,   2120.1,2,   -999.0,9,     4.84379043
  06MT19920701,   323,  1,      7,2,19920707, 69.6880,   0.4620, 3265,    508.4,   4.2390,  35.0990,2,   2123.2,2,   2319.1,2,     4.20095983
  06MT19920701,   323,  1,      8,2,19920707, 69.6880,   0.4620, 3265,   1010.9,   0.1730,  34.8990,2,   2140.2,2,   2307.2,2,    0.126352128
  06MT19920701,   323,  1,      9,2,19920707, 69.6880,   0.4620, 3265,   2026.5,  -0.8480,  34.9060,2,   2144.9,2,   2302.3,2,   -0.942916552
  06MT19920701,   323,  1,     10,2,19920707, 69.6880,   0.4620, 3265,   3255.1,  -0.8710,  34.9070,2,   2146.5,2,   2303.1,2,     -1.0568217
  06MT19920701,   325,  1,      1,2,19920710, 70.7520,  -5.4930, 1742,     12.1,   3.1400,  34.6710,2,   2082.6,2,   2287.8,2,      3.1392571
  06MT19920701,   325,  1,      2,2,19920710, 70.7520,  -5.4930, 1742,     23.2,   2.7960,  34.6850,2,   2089.6,2,   2288.6,2,     2.79463834
  06MT19920701,   325,  1,      3,2,19920710, 70.7520,  -5.4930, 1742,     33.3,   2.4300,  34.6820,2,   2094.8,2,   2289.7,2,      2.4281433
  06MT19920701,   325,  1,      4,2,19920710, 70.7520,  -5.4930, 1742,     53.4,   2.4030,  34.7650,2,   2109.6,2,   2285.7,2,      2.4000128
  06MT19920701,   325,  1,      5,2,19920710, 70.7520,  -5.4930, 1742,    102.8,   3.6360,  35.0320,2,   2130.4,2,   2305.7,2,     3.62913302
  06MT19920701,   325,  1,      6,2,19920710, 70.7520,  -5.4930, 1742,    302.5,   0.2600,  34.8270,2,   2132.1,2,   2288.9,2,    0.247769183
  06MT19920701,   325,  1,      7,2,19920710, 70.7520,  -5.4930, 1742,    505.4,  -0.1900,  34.8890,2,   2141.4,2,   2292.9,2,   -0.209516252
  06MT19920701,   325,  1,      8,2,19920710, 70.7520,  -5.4930, 1742,   1009.9,  -0.6800,  34.9030,2,   2145.9,2,   2292.7,2,   -0.719539414
  06MT19920701,   325,  1,      9,2,19920710, 70.7520,  -5.4930, 1742,   1514.6,  -0.8510,  34.9080,2,   2147.9,2,   2294.5,2,    -0.91507011
  06MT19920701,   325,  1,     10,2,19920710, 70.7520,  -5.4930, 1742,   1716.6,  -0.9030,  34.9080,2,   2148.5,2,   2300.4,2,   -0.977977918
  06MT19920701,   327,  1,      1,2,19920711, 71.6360,  -8.4490, 2414,      8.1,   1.5840,  34.2750,2,   2074.8,2,   2259.1,2,       1.583614
  06MT19920701,   327,  1,      2,2,19920711, 71.6360,  -8.4490, 2414,     14.1,   1.0360,  34.3190,2,   2085.4,2,   2263.8,2,     1.03538735
  06MT19920701,   327,  1,      3,2,19920711, 71.6360,  -8.4490, 2414,     24.2,   0.8550,  34.4920,2,   2100.3,2,   2270.5,2,    0.853976649
  06MT19920701,   327,  1,      4,2,19920711, 71.6360,  -8.4490, 2414,     34.3,  -0.2740,  34.5290,2,   2108.2,2,   2272.0,2,   -0.275126668
  06MT19920701,   327,  1,      5,2,19920711, 71.6360,  -8.4490, 2414,     54.4,  -0.5350,  34.6780,2,   2122.4,2,   2277.7,2,   -0.536693366
  06MT19920701,   327,  1,      6,2,19920711, 71.6360,  -8.4490, 2414,     63.5,  -0.1970,  34.7300,2,   2125.2,2,   2280.9,2,   -0.199171136
  06MT19920701,   327,  1,      7,2,19920711, 71.6360,  -8.4490, 2414,    104.8,   0.2480,  34.8030,2,   2128.7,2,   2270.1,2,    0.243964807
  06MT19920701,   327,  1,      8,2,19920711, 71.6360,  -8.4490, 2414,    204.6,   0.5570,  34.8610,2,   2133.1,2,   2286.5,2,    0.548382914
  06MT19920701,   327,  1,      9,2,19920711, 71.6360,  -8.4490, 2414,    505.4,   0.0310,  34.8880,2,   2137.9,2,   2271.2,2,   0.0105515038
  06MT19920701,   327,  1,     10,2,19920711, 71.6360,  -8.4490, 2414,   1009.9,  -0.5970,  34.9080,2,   2145.5,2,   2288.1,2,    -0.63723988
  06MT19920701,   327,  1,     11,2,19920711, 71.6360,  -8.4490, 2414,   1515.6,  -0.8480,  34.9110,2,   2146.5,2,   2290.6,2,   -0.912171864
  06MT19920701,   327,  1,     12,2,19920711, 71.6360,  -8.4490, 2414,   1871.0,  -0.9450,  34.9090,2,   2143.3,2,   2292.0,2,    -1.02864936
  06MT19920701,   328,  1,      1,2,19920711, 72.3780,  -7.7000, 2534,      9.1,   2.4680,  33.2950,2,   1991.6,2,   2209.6,2,     2.46751515
  06MT19920701,   328,  1,      2,2,19920711, 72.3780,  -7.7000, 2534,     14.1,   0.0430,  33.4320,2,   2028.3,2,   2214.0,2,    0.042529748
  06MT19920701,   328,  1,      3,2,19920711, 72.3780,  -7.7000, 2534,     24.2,   0.4990,  33.7180,2,   2052.7,2,   2230.4,2,    0.498084385
  06MT19920701,   328,  1,      4,2,19920711, 72.3780,  -7.7000, 2534,     44.3,   0.8460,  34.3650,2,   2091.5,2,   2271.9,2,    0.844129599
  06MT19920701,   328,  1,      5,2,19920711, 72.3780,  -7.7000, 2534,     64.5,  -0.7760,  34.5460,2,   2114.7,2,   2274.2,2,   -0.777862998
  06MT19920701,   328,  1,      6,2,19920711, 72.3780,  -7.7000, 2534,    104.8,   1.6000,  34.8770,2,   2129.8,2,   2288.6,2,     1.59476432
  06MT19920701,   328,  1,      7,2,19920711, 72.3780,  -7.7000, 2534,    205.6,   1.2140,  34.8910,2,   2134.5,2,   2288.7,2,     1.20420078
  06MT19920701,   328,  1,      8,2,19920711, 72.3780,  -7.7000, 2534,    503.4,   0.0030,  34.8840,2,   2142.9,2,   2291.0,2,  -0.0172362712
  06MT19920701,   328,  1,      9,2,19920711, 72.3780,  -7.7000, 2534,   1008.9,  -0.6300,  34.8990,2,   2148.2,2,   2295.4,2,   -0.669899078
  06MT19920701,   328,  1,     10,2,19920711, 72.3780,  -7.7000, 2534,   1510.6,  -0.8350,  34.9050,2,   2149.3,2,   2298.8,2,   -0.899031024
  06MT19920701,   328,  1,     11,2,19920711, 72.3780,  -7.7000, 2534,   2012.3,  -0.9370,  34.9060,2,   2150.0,2,   2299.5,2,    -1.02958084
  06MT19920701,   328,  1,     12,2,19920711, 72.3780,  -7.7000, 2534,   2524.3,  -1.0290,  34.8990,2,   2152.3,2,   2304.8,2,    -1.15449021
  06MT19920701,   330,  1,      1,2,19920714, 67.9190, -17.9380, 1096,     12.1,   5.3230,  34.7820,2,   2056.6,2,   2292.3,2,     5.32204387
  06MT19920701,   330,  1,      2,2,19920714, 67.9190, -17.9380, 1096,     22.2,   5.2160,  34.7490,2,   2058.0,2,   2301.1,2,     5.21426527
  06MT19920701,   330,  1,      3,2,19920714, 67.9190, -17.9380, 1096,     53.4,   2.1270,  34.6800,2,   2094.6,2,   2286.9,2,     2.12414211
  06MT19920701,   330,  1,      4,2,19920714, 67.9190, -17.9380, 1096,    102.8,  -1.5550,  34.6870,2,   2129.6,2,   2279.2,2,    -1.55734103
  06MT19920701,   330,  1,      5,2,19920714, 67.9190, -17.9380, 1096,    503.4,   0.1480,  34.8950,2,   2142.7,2,   2289.2,2,    0.127145054
  06MT19920701,   330,  1,      6,2,19920714, 67.9190, -17.9380, 1096,    804.5,  -0.3650,  34.9020,2,   2145.8,2,   2286.5,2,   -0.397096347
  06MT19920701,   330,  1,      7,2,19920714, 67.9190, -17.9380, 1096,   1005.9,  -0.5140,  34.9060,2,   2144.7,2,   2289.7,2,   -0.554725579
  06MT19920701,   330,  1,      8,2,19920714, 67.9190, -17.9380, 1096,   1085.9,  -0.5450,  34.9070,2,   2148.9,2,   2289.4,2,   -0.589470486
  06MT19920701,   330,  1,      9,2,19920714, 67.9190, -17.9380, 1096,   1086.9,  -0.5480,  34.9080,2,   2144.6,2,   2295.5,2,   -0.592497098
  06MT19920701,   331,  1,      1,2,19920715, 67.8920, -18.7660, 1039,     14.1,   1.9110,  34.0840,2,   2042.9,2,   2253.6,2,     1.91029026
  06MT19920701,   331,  1,      2,2,19920715, 67.8920, -18.7660, 1039,     24.2,   1.3530,  34.5770,2,   2066.6,2,   2269.9,2,     1.35187183
  06MT19920701,   331,  1,      3,2,19920715, 67.8920, -18.7660, 1039,     54.4,  -0.6720,  34.5810,2,   2121.4,2,   2273.0,2,   -0.673619112
  06MT19920701,   331,  1,      4,2,19920715, 67.8920, -18.7660, 1039,    103.8,  -0.7470,  34.6790,2,   2128.7,2,   2278.5,2,   -0.750089727
  06MT19920701,   331,  1,      5,2,19920715, 67.8920, -18.7660, 1039,    203.6,   0.9920,  34.8680,2,   2136.2,2,   2287.9,2,    0.982684688
  06MT19920701,   331,  1,      6,2,19920715, 67.8920, -18.7660, 1039,    804.5,  -0.3430,  34.9000,2,   2147.2,2,   2292.0,2,    -0.37523995
  06MT19920701,   331,  1,      7,2,19920715, 67.8920, -18.7660, 1039,    909.7,  -0.5320,  34.9060,2,   2149.9,2,   2293.2,2,   -0.567908267
  06MT19920701,   331,  1,      8,2,19920715, 67.8920, -18.7660, 1039,    913.8,  -0.5080,  34.9090,2,   2150.4,2,   2292.8,2,    -0.54428781
  06MT19920701,   332,  1,      1,2,19920716, 67.8590, -18.6140, 1039,     14.1,   2.7950,  34.2790,2,   2047.6,2,   2266.1,2,     2.79418251
  06MT19920701,   332,  1,      2,2,19920716, 67.8590, -18.6140, 1039,     24.2,   1.7330,  34.4950,2,   2075.0,2,   2275.5,2,      1.7317989
  06MT19920701,   332,  1,      3,2,19920716, 67.8590, -18.6140, 1039,     54.4,   1.4350,  34.6690,2,   2120.0,2,   2282.0,2,     1.43240072
  06MT19920701,   332,  1,      4,2,19920716, 67.8590, -18.6140, 1039,    104.8,   0.1090,  34.7200,2,   2131.1,2,   2279.5,2,    0.105104596
  06MT19920701,   332,  1,      5,2,19920716, 67.8590, -18.6140, 1039,    203.6,   0.7930,  34.8540,2,   2136.0,2,   2286.9,2,      0.7840278
  06MT19920701,   332,  1,      6,2,19920716, 67.8590, -18.6140, 1039,    504.4,   0.0210,  34.8900,2,   2143.8,2,   2290.4,2,  0.00063715318
  06MT19920701,   332,  1,      7,2,19920716, 67.8590, -18.6140, 1039,    805.6,  -0.4800,  34.9050,2,   2148.0,2,   2289.1,2,   -0.511380535
  06MT19920701,   332,  1,      8,2,19920716, 67.8590, -18.6140, 1039,    846.0,  -0.5440,  34.9060,2,   2149.5,2,   2290.2,2,   -0.576819713
  06MT19920701,   332,  1,      9,2,19920716, 67.8590, -18.6140, 1039,    850.1,  -0.5290,  34.9050,2,   2149.8,2,   2289.6,2,   -0.562112017
  06MT19920701,   333,  1,      1,2,19920717, 67.9190, -18.0400,  947,     13.1,   2.7410,  34.5850,2,   2032.1,2,   2279.9,2,     2.74023968
  06MT19920701,   333,  1,      2,2,19920717, 67.9190, -18.0400,  947,     23.2,   1.5920,  34.5820,2,   2053.0,2,   2289.7,2,     1.59087265
  06MT19920701,   333,  1,      3,2,19920717, 67.9190, -18.0400,  947,     33.3,   1.4530,  34.5860,2,   2081.5,2,   2282.5,2,     1.45141781
  06MT19920701,   333,  1,      4,2,19920717, 67.9190, -18.0400,  947,    102.8,  -0.0830,  34.7240,2,   2129.7,2,   2282.4,2,   -0.086651632
  06MT19920701,   333,  1,      5,2,19920717, 67.9190, -18.0400,  947,    200.6,   0.6150,  34.8500,2,   2137.9,2,   2286.7,2,    0.606466625
  06MT19920701,   333,  1,      6,2,19920717, 67.9190, -18.0400,  947,    504.4,   0.0540,  34.8920,2,   2142.8,2,   2289.1,2,   0.0334964633
  06MT19920701,   333,  1,      7,2,19920717, 67.9190, -18.0400,  947,    805.6,  -0.4130,  34.9020,2,   2146.5,2,   2289.5,2,   -0.444823657
  06MT19920701,   333,  1,      8,2,19920717, 67.9190, -18.0400,  947,    933.0,  -0.4840,  34.9030,2,   2148.2,2,   2295.2,2,   -0.521387824
  06MT19920701,   333,  1,      9,2,19920717, 67.9190, -18.0400,  947,    937.1,  -0.4810,  34.9040,2,   2147.9,2,   2291.8,2,   -0.518609182
  06MT19920701,   335,  1,      1,2,19920718, 67.9200, -18.1240,  834,     12.1,   3.6050,  34.3310,2,   2059.9,2,   2268.2,2,     3.60421873
  06MT19920701,   335,  1,      2,2,19920718, 67.9200, -18.1240,  834,     23.2,   2.7390,  34.3330,2,   2061.5,2,   2264.7,2,     2.73766362
  06MT19920701,   335,  1,      3,2,19920718, 67.9200, -18.1240,  834,     32.2,   1.8560,  34.5080,2,   2070.0,2,   2280.3,2,      1.8543626
  06MT19920701,   335,  1,      4,2,19920718, 67.9200, -18.1240,  834,     52.4,   1.1410,  34.5680,2,   2095.3,2,   2278.4,2,     1.13863627
  06MT19920701,   335,  1,      5,2,19920718, 67.9200, -18.1240,  834,    102.8,   0.2990,  34.7330,2,   2130.6,2,   2289.8,2,    0.295013448
  06MT19920701,   335,  1,      6,2,19920718, 67.9200, -18.1240,  834,    123.0,   0.0640,  34.7470,2,   2132.8,2,   2289.4,2,   0.0594504588
  06MT19920701,   335,  1,      7,2,19920718, 67.9200, -18.1240,  834,    152.2,   0.1050,  34.7690,2,   2133.9,2,   2283.9,2,   0.0992687528
  06MT19920701,   335,  1,      8,2,19920718, 67.9200, -18.1240,  834,    253.1,   0.6630,  34.8760,2,   2135.0,2,   2288.2,2,     0.65200359
  06MT19920701,   335,  1,      9,2,19920718, 67.9200, -18.1240,  834,    503.4,   0.0850,  34.8760,2,   2138.7,2,   2289.4,2,   0.0644269764
  06MT19920701,   335,  1,     10,2,19920718, 67.9200, -18.1240,  834,    755.0,  -0.3960,  34.9020,2,   2151.7,2,   2289.4,2,   -0.425586987
  06MT19920701,   335,  1,     11,2,19920718, 67.9200, -18.1240,  834,    802.5,  -0.4270,  34.9030,2,   2151.1,2,   2290.8,2,     -0.4585901
  06MT19920701,   335,  1,     12,2,19920718, 67.9200, -18.1240,  834,    807.6,  -0.4280,  34.9030,2,   2148.9,2,   2291.9,2,   -0.459819432
  06MT19920701,   337,  1,      1,2,19920719, 67.9220, -18.4080,  834,      8.1,   3.8420,  34.2640,2,   2053.8,2,   2264.3,2,     3.84146493
  06MT19920701,   337,  1,      2,2,19920719, 67.9220, -18.4080,  834,     12.1,   3.8420,  34.2650,2,   2053.7,2,   2264.6,2,     3.84119698
  06MT19920701,   337,  1,      3,2,19920719, 67.9220, -18.4080,  834,     23.2,   3.8840,  34.2910,2,   2053.5,2,   2266.9,2,     3.88244994
  06MT19920701,   337,  1,      4,2,19920719, 67.9220, -18.4080,  834,     33.3,   3.6380,  34.6260,2,   2078.0,2,   2287.0,2,     3.63581988
  06MT19920701,   337,  1,      5,2,19920719, 67.9220, -18.4080,  834,     53.4,   3.1770,  34.8040,2,   2114.9,2,   2295.1,2,     3.17367217
  06MT19920701,   337,  1,      6,2,19920719, 67.9220, -18.4080,  834,    102.8,   2.2370,  34.8630,2,   2142.5,2,   2296.8,2,     2.23132982
  06MT19920701,   337,  1,      7,2,19920719, 67.9220, -18.4080,  834,    356.0,   0.2640,  34.8670,2,   2148.8,2,   2291.4,2,    0.249396873
  06MT19920701,   337,  1,      8,2,19920719, 67.9220, -18.4080,  834,    415.5,  -0.0680,  34.8890,2,   2152.1,2,   2292.8,2,  -0.0841313751
  06MT19920701,   338,  1,      1,2,19920719, 67.8900, -18.7680, 1039,    882.4,  -0.5850,  34.9080,2,   2154.0,2,   2294.0,2,   -0.619227758
  06MT19920701,   338,  1,      2,2,19920719, 67.8900, -18.7680, 1039,    888.5,  -0.5720,  34.9100,2,   2153.8,2,   2297.3,2,    -0.60661113
  06MT19920701,   339,  1,      1,2,19920719, 67.8600, -18.6220, 1039,    805.6,  -0.4360,  34.9040,2,   2155.9,2,   2293.5,2,   -0.467673046
  06MT19920701,   339,  1,      2,2,19920719, 67.8600, -18.6220, 1039,    810.6,  -0.4220,  34.9040,2,   2153.3,2,   2294.0,2,   -0.454003067
  06MT19920701,   341,  1,      1,2,19920720, 67.3370, -14.1950, 1245,     12.1,   3.6000,  34.5670,2,   2081.8,2,   2278.2,2,     3.59921425
  06MT19920701,   341,  1,      2,2,19920720, 67.3370, -14.1950, 1245,     23.2,   2.7000,  34.5700,2,   2085.1,2,   2281.6,2,     2.69866126
  06MT19920701,   341,  1,      3,2,19920720, 67.3370, -14.1950, 1245,     34.3,   1.5360,  34.5850,2,   2106.7,2,   2279.8,2,     1.53434593
  06MT19920701,   341,  1,      4,2,19920720, 67.3370, -14.1950, 1245,     52.4,  -0.4540,  34.6540,2,   2131.7,2,   2279.6,2,   -0.455663696
  06MT19920701,   341,  1,      5,2,19920720, 67.3370, -14.1950, 1245,    103.8,  -0.3080,  34.7050,2,   2141.4,2,   2281.6,2,   -0.311485533
  06MT19920701,   341,  1,      6,2,19920720, 67.3370, -14.1950, 1245,    153.2,   0.0700,  34.7850,2,   2142.3,2,   2284.2,2,   0.0642701656
  06MT19920701,   341,  1,      7,2,19920720, 67.3370, -14.1950, 1245,    203.6,   0.4750,  34.8570,2,   2141.6,2,   2289.1,2,    0.466568781
  06MT19920701,   341,  1,      8,2,19920720, 67.3370, -14.1950, 1245,    504.4,  -0.0890,  34.8940,2,   2144.6,2,   2290.4,2,   -0.108903371
  06MT19920701,   341,  1,      9,2,19920720, 67.3370, -14.1950, 1245,    996.8,  -0.5670,  34.9080,2,   2152.8,2,   2293.1,2,   -0.606843498
  06MT19920701,   343,  1,      1,2,19920721, 67.5050, -12.5050, 1820,     13.1,   5.4100,  34.6490,2,   2048.3,2,   2295.0,2,     5.40895804
  06MT19920701,   343,  1,      2,2,19920721, 67.5050, -12.5050, 1820,     33.3,   2.9340,  34.6760,2,   2102.8,2,   2286.2,2,     2.93200663
  06MT19920701,   343,  1,      3,2,19920721, 67.5050, -12.5050, 1820,     53.4,   0.0010,  34.7470,2,   2139.8,2,   2287.5,2,-0.000913399349
  06MT19920701,   343,  1,      4,2,19920721, 67.5050, -12.5050, 1820,    102.8,  -0.2060,  34.8010,2,   2140.7,2,   2281.6,2,   -0.209558919
  06MT19920701,   343,  1,      5,2,19920721, 67.5050, -12.5050, 1820,    124.0,  -0.2240,  34.8160,2,   2144.1,2,   2282.7,2,   -0.228300671
  06MT19920701,   343,  1,      6,2,19920721, 67.5050, -12.5050, 1820,    154.2,  -0.0750,  34.8340,2,   2142.6,2,   2284.4,2,  -0.0805936418
  06MT19920701,   343,  1,      7,2,19920721, 67.5050, -12.5050, 1820,    506.4,  -0.3170,  34.9000,2,   2156.6,2,   2292.0,2,    -0.33603155
  06MT19920701,   343,  1,      8,2,19920721, 67.5050, -12.5050, 1820,   1006.9,  -0.7090,  34.9070,2,   2155.2,2,   2292.9,2,   -0.748159301
  06MT19920701,   343,  1,      9,2,19920721, 67.5050, -12.5050, 1820,   1716.6,  -0.9200,  34.9080,2,   2161.7,2,   2298.5,2,    -0.99474363
  06MT19920701,   345,  1,      1,2,19920728, 59.2730, -21.0750, 2794,     13.1,  11.0210,  35.0320,2,   2069.8,2,   2306.2,2,     11.0193958
  06MT19920701,   345,  1,      2,2,19920728, 59.2730, -21.0750, 2794,     23.2,  10.9800,  35.0250,2,   2073.4,2,   -999.0,9,     10.9771674
  06MT19920701,   345,  1,      3,2,19920728, 59.2730, -21.0750, 2794,     33.3,   9.5130,  35.0960,2,   2105.2,2,   2308.1,2,     9.50928765
  06MT19920701,   345,  1,      4,2,19920728, 59.2730, -21.0750, 2794,     54.4,   8.9450,  35.1500,2,   2131.9,2,   2318.2,2,     8.93914263
  06MT19920701,   345,  1,      5,2,19920728, 59.2730, -21.0750, 2794,    103.8,   8.2120,  35.1490,2,   2133.6,2,   2311.3,2,     8.20136234
  06MT19920701,   345,  1,      6,2,19920728, 59.2730, -21.0750, 2794,    153.2,   8.0890,  35.1550,2,   2136.2,2,   2321.5,2,     8.07339091
  06MT19920701,   345,  1,      7,2,19920728, 59.2730, -21.0750, 2794,    199.6,   8.0430,  35.1590,2,   2133.9,2,   2321.7,2,     8.02267258
  06MT19920701,   345,  1,      8,2,19920728, 59.2730, -21.0750, 2794,    293.4,   8.0400,  35.1610,2,   2134.4,2,   -999.0,9,     8.00994624
  06MT19920701,   345,  1,      9,2,19920728, 59.2730, -21.0750, 2794,    480.1,   7.9890,  35.1690,2,   2135.4,2,   -999.0,9,     7.93941839
  06MT19920701,   345,  1,     10,2,19920728, 59.2730, -21.0750, 2794,    981.6,   6.9120,  35.0790,2,   2151.9,2,   -999.0,9,     6.81538966
  06MT19920701,   345,  1,     11,2,19920728, 59.2730, -21.0750, 2794,   1502.4,   4.1180,  34.9230,2,   2162.3,2,   -999.0,9,     3.99633526
  06MT19920701,   349,  1,      1,2,19920731, 54.9980, -19.9970, 1654,     10.1,  13.5050,  35.2170,2,   2047.9,2,   2326.7,2,     13.5035848
  06MT19920701,   349,  1,      2,2,19920731, 54.9980, -19.9970, 1654,     41.3,  12.9370,  35.2550,2,   2107.9,2,   2320.1,2,     12.9313542
  06MT19920701,   349,  1,      3,2,19920731, 54.9980, -19.9970, 1654,     61.5,  10.4710,  35.2310,2,   2120.5,2,   -999.0,9,     10.4636827
  06MT19920701,   349,  1,      4,2,19920731, 54.9980, -19.9970, 1654,     81.6,  10.3190,  35.2430,2,   2121.0,2,   -999.0,9,     10.3093625
  06MT19920701,   349,  1,      5,2,19920731, 54.9980, -19.9970, 1654,    152.2,  10.1540,  35.2490,2,   2124.7,2,   2316.3,2,     10.1361498
  06MT19920701,   349,  1,      6,2,19920731, 54.9980, -19.9970, 1654,    201.6,  10.0240,  35.2410,2,   2126.4,2,   2311.8,2,     10.0004893
  06MT19920701,   349,  1,      7,2,19920731, 54.9980, -19.9970, 1654,    301.5,   9.8170,  35.2870,2,   2130.0,2,   2321.1,2,     9.78209956
  06MT19920701,   349,  1,      8,2,19920731, 54.9980, -19.9970, 1654,    502.4,   9.1660,  35.2930,2,   2141.5,2,   2326.8,2,     9.10961609
  06MT19920701,   349,  1,      9,2,19920731, 54.9980, -19.9970, 1654,    754.0,   6.8810,  35.0900,2,   2167.6,2,   2318.8,2,     6.80809025
  06MT19920701,   349,  1,     10,2,19920731, 54.9980, -19.9970, 1654,   1008.9,   5.4010,  35.0230,2,   2169.8,2,   2318.1,2,     5.31296356
  06MT19920701,   349,  1,     11,2,19920731, 54.9980, -19.9970, 1654,   1512.6,   3.8040,  34.9270,2,   2161.9,2,   2302.4,2,     3.68496975
  06MT19920701,   349,  1,     12,2,19920731, 54.9980, -19.9970, 1654,   1644.5,   3.5810,  34.9150,2,   2158.5,2,   2304.0,2,     3.45278126
  06MT19920701,   350,  1,      1,2,19920731, 52.4950, -20.0000, 2804,     16.1,  13.5690,  35.2030,2,   2042.0,2,   2335.5,2,     13.5667283
  06MT19920701,   350,  1,      2,2,19920731, 52.4950, -20.0000, 2804,     31.2,  13.4870,  35.1990,2,   2042.6,2,   2317.7,2,     13.4826142
  06MT19920701,   350,  1,      3,2,19920731, 52.4950, -20.0000, 2804,     35.3,  13.4530,  35.1970,2,   2044.4,2,   2327.5,2,      13.448056
  06MT19920701,   350,  1,      4,2,19920731, 52.4950, -20.0000, 2804,     56.4,  12.2130,  35.2240,2,   2070.9,2,   2319.5,2,     12.2055763
  06MT19920701,   350,  1,      5,2,19920731, 52.4950, -20.0000, 2804,    106.8,  10.7480,  35.3070,2,   2105.4,2,   2337.5,2,     10.7350287
  06MT19920701,   350,  1,      6,2,19920731, 52.4950, -20.0000, 2804,    207.7,  10.5430,  35.3360,2,   2134.1,2,   2321.3,2,     10.5179652
  06MT19920701,   350,  1,      7,2,19920731, 52.4950, -20.0000, 2804,    308.5,  10.0960,  35.2930,2,   2146.7,2,   2316.5,2,      10.059641
  06MT19920701,   350,  1,      8,2,19920731, 52.4950, -20.0000, 2804,    510.4,   8.8970,  35.1010,2,   2159.6,3,   2321.2,2,     8.84083215
  06MT19920701,   350,  1,      9,2,19920731, 52.4950, -20.0000, 2804,    760.0,   6.2200,  35.0100,2,   2173.3,2,   2324.3,2,     6.15032774
  06MT19920701,   350,  1,     10,2,19920731, 52.4950, -20.0000, 2804,   1013.0,   4.9040,  34.9790,2,   2167.2,2,   2317.0,2,     4.81945744
  06MT19920701,   350,  1,     11,2,19920731, 52.4950, -20.0000, 2804,   1520.7,   3.6640,  34.9000,2,   2158.1,2,   2307.0,2,     3.54591618
  06MT19920701,   350,  1,     12,2,19920731, 52.4950, -20.0000, 2804,   2024.5,   3.5100,  34.9210,2,   2160.9,2,   2311.3,2,     3.34754791
  06MT19920701,   351,  1,      1,2,19920802, 47.1820, -19.5620, 4403,     15.1,  17.0560,  35.5310,2,   2047.8,2,   2341.3,2,     17.0535015
  06MT19920701,   351,  1,      2,2,19920802, 47.1820, -19.5620, 4403,     25.2,  17.0240,  35.5350,2,   2049.0,2,   2341.3,2,       17.01984
  06MT19920701,   351,  1,      3,2,19920802, 47.1820, -19.5620, 4403,     36.3,  16.4000,  35.5940,2,   2059.9,2,   2350.0,2,     16.3941584
  06MT19920701,   351,  1,      4,2,19920802, 47.1820, -19.5620, 4403,     66.5,  13.1180,  35.6190,2,   2099.4,2,   2338.9,2,     13.1087853
  06MT19920701,   351,  1,      5,2,19920802, 47.1820, -19.5620, 4403,    105.8,  12.8410,  35.6580,2,   2114.0,2,   2341.8,2,     12.8265183
  06MT19920701,   351,  1,      6,2,19920802, 47.1820, -19.5620, 4403,    207.7,  12.0770,  35.6190,2,   2127.8,2,   2334.0,2,     12.0496024
  06MT19920701,   351,  1,      7,2,19920802, 47.1820, -19.5620, 4403,    510.4,  10.8930,  35.5200,2,   2138.4,2,   2327.5,2,      10.829173
  06MT19920701,   351,  1,      8,2,19920802, 47.1820, -19.5620, 4403,   1015.0,   6.9690,  35.2630,2,   2176.9,2,   2326.0,2,     6.86816365
  06MT19920701,   351,  1,      9,2,19920802, 47.1820, -19.5620, 4403,   1521.7,   4.0910,  34.9440,2,   2162.8,2,   2308.5,2,     3.96781707
  06MT19920701,   351,  1,     10,2,19920802, 47.1820, -19.5620, 4403,   2031.6,   3.5190,  34.9090,2,   2153.4,2,   2302.8,2,     3.35577507
  06MT19920701,   351,  1,     11,2,19920802, 47.1820, -19.5620, 4403,   3054.8,   2.9620,  34.9580,2,   2177.1,2,   2330.0,2,     2.70615125
  06MT19920701,   351,  1,     12,2,19920802, 47.1820, -19.5620, 4403,   4085.6,   2.5850,  34.9270,2,   2194.0,2,   2358.5,2,     2.22422267
  06MT19920701,   359,  1,      1,2,19920803, 47.2300, -20.1460, 4340,     14.1,  16.9020,  35.5530,2,   2050.9,2,   2347.7,2,     16.8996825
  06MT19920701,   359,  1,      2,2,19920803, 47.2300, -20.1460, 4340,     24.2,  16.8850,  35.5560,2,   2050.9,2,   2345.8,2,     16.8810287
  06MT19920701,   359,  1,      3,2,19920803, 47.2300, -20.1460, 4340,     33.3,  16.7770,  35.5610,2,   2051.1,2,   2339.8,2,     16.7715621
  06MT19920701,   359,  1,      4,2,19920803, 47.2300, -20.1460, 4340,     40.3,  16.2660,  35.5930,2,   2058.8,2,   2341.8,2,     16.2595453
  06MT19920701,   359,  1,      5,2,19920803, 47.2300, -20.1460, 4340,     44.3,  14.2230,  35.8350,2,   2090.7,2,   2344.0,2,     14.2165073
  06MT19920701,   359,  1,      6,2,19920803, 47.2300, -20.1460, 4340,     63.5,  13.6630,  35.8330,2,   2099.9,2,   2340.9,2,     13.6539448
  06MT19920701,   359,  1,      7,2,19920803, 47.2300, -20.1460, 4340,    104.8,  13.2610,  35.8310,2,   2107.5,2,   2341.6,2,     13.2463235
  06MT19920701,   359,  1,      8,2,19920803, 47.2300, -20.1460, 4340,    505.4,  10.7580,  35.5550,2,   2138.8,2,   2334.5,2,     10.6952794
  06MT19920701,   359,  1,      9,2,19920803, 47.2300, -20.1460, 4340,    806.6,   7.9130,  35.2410,2,   2170.4,2,   2321.1,2,     7.82839492
  06MT19920701,   359,  1,     10,2,19920803, 47.2300, -20.1460, 4340,    855.1,   8.3520,  35.2200,2,   2175.0,2,   -999.0,9,     8.25933043
  06MT19920701,   359,  1,     11,2,19920803, 47.2300, -20.1460, 4340,   1007.9,   7.0940,  35.2240,2,   2177.2,2,   2321.3,2,     6.99304889
  06MT19920701,   368,  1,      1,2,19920806, 47.1310, -19.5610, 4403,     12.1,  17.9600,  35.7220,2,   2061.8,2,   2344.7,2,     17.9579254
  06MT19920701,   368,  1,      2,2,19920806, 47.1310, -19.5610, 4403,     16.1,  17.9660,  35.7240,2,   2058.6,2,   2345.8,2,     17.9632329
  06MT19920701,   368,  1,      3,2,19920806, 47.1310, -19.5610, 4403,     21.2,  17.9610,  35.7230,2,   2063.6,2,   2342.3,2,     17.9573684
  06MT19920701,   368,  1,      4,2,19920806, 47.1310, -19.5610, 4403,     36.3,  15.3430,  35.8080,2,   2080.4,2,   2348.8,2,     15.3374104
  06MT19920701,   368,  1,      5,2,19920806, 47.1310, -19.5610, 4403,     42.3,  15.1870,  35.8330,2,   2091.3,2,   2347.2,2,     15.1805215
  06MT19920701,   368,  1,      6,2,19920806, 47.1310, -19.5610, 4403,     46.4,  14.8110,  35.8360,2,   2104.2,2,   2347.6,2,     14.8040232
  06MT19920701,   373,  1,      1,2,19920807, 47.0780, -19.6810, 4403,     13.1,  18.0780,  35.7480,2,   2058.9,2,   2344.3,2,     18.0757417
  06MT19920701,   373,  1,      2,2,19920807, 47.0780, -19.6810, 4403,     24.2,  18.0120,  35.7520,2,   2061.0,2,   2344.8,2,     18.0078402
  06MT19920701,   373,  1,      3,2,19920807, 47.0780, -19.6810, 4403,     41.3,  16.2050,  35.7870,2,   2074.0,2,   2357.9,2,     16.1983912
  06MT19920701,   373,  1,      4,2,19920807, 47.0780, -19.6810, 4403,     43.3,  15.8720,  35.7970,2,   2077.2,2,   2345.4,2,      15.865166
  06MT19920701,   373,  1,      5,2,19920807, 47.0780, -19.6810, 4403,     45.3,  15.6160,  35.8080,2,   2082.0,2,   2345.0,2,     15.6089263
  06MT19920701,   373,  1,      6,2,19920807, 47.0780, -19.6810, 4403,     53.4,  14.9930,  35.8070,2,   2093.2,2,   2345.8,2,     14.9848947
  06MT19920701,   381,  1,      1,2,19920809, 47.2430, -19.5810, 4403,      7.1,  16.7200,  35.5160,2,   2054.2,2,   2333.3,2,     16.7188504
  06MT19920701,   381,  1,      2,2,19920809, 47.2430, -19.5810, 4403,     21.2,  16.7020,  35.5170,2,   2054.4,2,   2331.9,2,     16.6985525
  06MT19920701,   381,  1,      3,2,19920809, 47.2430, -19.5810, 4403,     32.2,  16.9810,  35.5150,2,   2054.2,2,   2335.8,2,     16.9756843
  06MT19920701,   381,  1,      4,2,19920809, 47.2430, -19.5810, 4403,     37.3,  16.5980,  35.5130,2,   2056.3,2,   2334.4,2,     16.5919495
  06MT19920701,   381,  1,      5,2,19920809, 47.2430, -19.5810, 4403,     42.3,  16.2010,  35.5130,2,   2061.1,2,   -999.0,9,     16.1942449
  06MT19920701,   381,  1,      6,2,19920809, 47.2430, -19.5810, 4403,     47.4,  14.4200,  35.5070,2,   2076.8,2,   2330.8,2,     14.4130191
  06MT19920701,   381,  1,      7,2,19920809, 47.2430, -19.5810, 4403,     52.4,  13.8760,  35.5210,2,   2088.8,2,   2331.7,2,     13.8684724
  06MT19920701,   381,  1,      8,2,19920809, 47.2430, -19.5810, 4403,     63.5,  12.7240,  35.5150,2,   2105.3,2,   2332.1,2,     12.7153904
  06MT19920701,   381,  1,      9,2,19920809, 47.2430, -19.5810, 4403,     72.6,  12.3380,  35.5260,2,   2112.2,2,   -999.0,9,     12.3283541
  06MT19920701,   381,  1,     10,2,19920809, 47.2430, -19.5810, 4403,     82.6,  12.2240,  35.5260,2,   2112.2,2,   2329.4,2,     12.2130767
  06MT19920701,   381,  1,     11,2,19920809, 47.2430, -19.5810, 4403,     92.7,  12.1950,  35.5080,2,   2114.2,2,   2324.1,2,     12.1827607
  06MT19920701,   387,  1,      1,2,19920811, 47.2100, -19.5900, 4403,      9.1,  17.5770,  35.6560,2,   2049.8,2,   2341.3,2,     17.5754681
  06MT19920701,   387,  1,      2,2,19920811, 47.2100, -19.5900, 4403,     20.2,  17.5790,  35.7330,2,   2091.5,2,   2358.8,2,     17.5755927
  06MT19920701,   387,  1,      3,2,19920811, 47.2100, -19.5900, 4403,     40.3,  17.1290,  35.7070,2,   2092.0,2,   2338.5,2,     17.1223047
  06MT19920701,   387,  1,      4,2,19920811, 47.2100, -19.5900, 4403,     44.3,  15.2960,  35.7080,2,   2097.3,2,   2336.3,2,     15.2891863
  06MT19920701,   387,  1,      5,2,19920811, 47.2100, -19.5900, 4403,     52.4,  14.5060,  35.6080,2,   2109.2,2,   2325.5,2,     14.4982372
  06MT19920701,   387,  1,      6,2,19920811, 47.2100, -19.5900, 4403,    105.8,  12.5730,  35.4950,2,   2116.9,2,   2321.3,2,     12.5587418
  06MT19920701,   387,  1,      7,2,19920811, 47.2100, -19.5900, 4403,    205.6,  11.5050,  35.4340,2,   2140.6,3,   2317.0,2,     11.4787602
  06MT19920701,   387,  1,      8,2,19920811, 47.2100, -19.5900, 4403,    510.4,  10.4800,  35.3190,2,   2175.4,3,   2320.8,2,     10.4178226
  06MT19920701,   387,  1,      9,2,19920811, 47.2100, -19.5900, 4403,    911.8,   8.0190,  35.6020,2,   2183.0,2,   2338.2,2,     7.92155126
  06MT19920701,   387,  1,     10,2,19920811, 47.2100, -19.5900, 4403,   1012.0,   8.7180,  35.3500,2,   2177.3,2,   2319.7,2,     8.60448758
  06MT19920701,   387,  1,     11,2,19920811, 47.2100, -19.5900, 4403,   1113.2,   7.1140,  34.9570,2,   2160.7,2,   2300.8,2,     7.00203211
  06MT19920701,   387,  1,     12,2,19920811, 47.2100, -19.5900, 4403,   2535.5,   3.3110,  34.9580,2,   2161.9,2,   2300.8,2,     3.10169612
  06MT19920701,   396,  1,      1,2,19920815, 47.2100, -19.5850, 4403,     13.1,  16.4510,  35.4730,2,   2051.2,2,   2324.1,2,     16.4488893
  06MT19920701,   396,  1,      2,2,19920815, 47.2100, -19.5850, 4403,     28.2,  16.4520,  35.5080,2,   2057.5,2,   2327.8,2,     16.4474506
  06MT19920701,   396,  1,      3,2,19920815, 47.2100, -19.5850, 4403,     34.3,  15.4030,  35.5620,2,   2067.4,2,   2331.3,2,     15.3977176
  06MT19920701,   396,  1,      4,2,19920815, 47.2100, -19.5850, 4403,     54.4,  13.6900,  35.7100,2,   2102.4,2,   2335.5,2,     13.6822396
  06MT19920701,   396,  1,      5,2,19920815, 47.2100, -19.5850, 4403,    104.8,  12.7090,  35.6370,2,   2110.0,2,   2329.3,2,     12.6947573
  06MT19920701,   396,  1,      6,2,19920815, 47.2100, -19.5850, 4403,    205.6,  11.9500,  35.5980,2,   2125.2,2,   2326.1,2,     11.9230619
  06MT19920701,   396,  1,      7,2,19920815, 47.2100, -19.5850, 4403,    508.4,  10.6980,  35.4910,2,   2136.7,2,   2322.4,2,     10.6351583
  06MT19920701,   396,  1,      8,2,19920815, 47.2100, -19.5850, 4403,   1014.0,   7.4130,  35.3310,2,   2178.7,2,   2325.3,2,     7.30886389
  06MT19920701,   396,  1,      9,2,19920815, 47.2100, -19.5850, 4403,   1519.7,   4.4420,  35.0020,2,   2162.8,2,   2306.5,2,     4.31486172
  06MT19920701,   396,  1,     10,2,19920815, 47.2100, -19.5850, 4403,   2532.5,   3.2910,  34.9530,2,   2163.3,2,   2307.4,2,     3.08239399
  06MT19920701,   403,  1,      1,2,19920815, 47.3450, -19.8080, 4403,     12.1,  16.5120,  35.4670,2,   2051.3,2,   2328.3,2,     16.5100468
  06MT19920701,   403,  1,      2,2,19920815, 47.3450, -19.8080, 4403,     33.3,  16.2600,  35.4610,2,   2054.2,2,   2324.9,2,     16.2546826
  06MT19920701,   403,  1,      3,2,19920815, 47.3450, -19.8080, 4403,     38.3,  16.1280,  35.4710,2,   2063.0,2,   2322.6,2,       16.12191
  06MT19920701,   403,  1,      4,2,19920815, 47.3450, -19.8080, 4403,     43.3,  14.9460,  35.5000,2,   2076.9,2,   2326.8,2,     14.9394569
  06MT19920701,   403,  1,      5,2,19920815, 47.3450, -19.8080, 4403,    103.8,  11.9480,  35.4970,2,   2113.9,2,   2317.5,2,     11.9344749
  06MT19920701,   403,  1,      6,2,19920815, 47.3450, -19.8080, 4403,    503.4,  10.6210,  35.4700,2,   2136.7,2,   2320.0,2,     10.5590884
  06MT19920701,   405,  1,      1,2,19920816, 47.3410, -19.3180, 4557,     13.1,  17.4060,  35.6520,2,   2057.8,2,   2335.4,2,     17.4038021
  06MT19920701,   405,  1,      2,2,19920816, 47.3410, -19.3180, 4557,     30.2,  16.1620,  35.6870,2,   2072.1,2,   2331.3,2,     16.1571784
  06MT19920701,   405,  1,      3,2,19920816, 47.3410, -19.3180, 4557,     35.3,  14.8470,  35.7050,2,   2083.7,2,   2334.3,2,     14.8416906
  06MT19920701,   405,  1,      4,2,19920816, 47.3410, -19.3180, 4557,     41.3,  14.4030,  35.7120,2,   2093.6,2,   2333.7,2,     14.3969056
  06MT19920701,   405,  1,      5,2,19920816, 47.3410, -19.3180, 4557,    102.8,  12.7490,  35.6340,2,   2109.6,2,   2325.2,2,     12.7350038
  06MT19920701,   405,  1,      6,2,19920816, 47.3410, -19.3180, 4557,    503.4,  10.7610,  35.4910,2,   2136.3,2,   2323.1,2,     10.6985706
  06MT19920701,   407,  1,      1,2,19920816, 47.0080, -19.3160, 4557,     12.1,  17.9870,  35.7320,2,   -999.0,9,   2334.9,2,      17.984923
  06MT19920701,   407,  1,      2,2,19920816, 47.0080, -19.3160, 4557,     42.3,  17.3440,  35.6540,2,   2073.2,2,   2336.0,2,      17.336911
  06MT19920701,   407,  1,      3,2,19920816, 47.0080, -19.3160, 4557,     47.4,  14.9990,  35.6210,2,   2087.1,2,   2330.0,2,     14.9918228
  06MT19920701,   407,  1,      4,2,19920816, 47.0080, -19.3160, 4557,     53.4,  14.4370,  35.6170,2,   2093.7,2,   2334.9,2,     14.4291125
  06MT19920701,   407,  1,      5,2,19920816, 47.0080, -19.3160, 4557,    102.8,  12.4490,  35.5840,2,   2109.4,2,   2327.1,2,     12.4352287
  06MT19920701,   409,  1,      1,2,19920816, 47.0100, -19.8100, 4403,     13.1,  17.6110,  35.6950,2,   2056.3,2,   2348.1,2,     17.6087834
  06MT19920701,   409,  1,      2,2,19920816, 47.0100, -19.8100, 4403,     34.3,  17.6020,  35.6820,2,   2056.2,2,   2335.8,2,     17.5962021
  06MT19920701,   409,  1,      3,2,19920816, 47.0100, -19.8100, 4403,     38.3,  17.1960,  35.6780,2,   2059.1,2,   2337.8,2,     17.1896239
  06MT19920701,   409,  1,      4,2,19920816, 47.0100, -19.8100, 4403,     44.3,  14.6330,  35.6870,2,   2088.6,2,   2334.0,2,     14.6263899
  06MT19920701,   409,  1,      5,2,19920816, 47.0100, -19.8100, 4403,    103.8,  12.7300,  35.6390,2,   2111.1,2,   2330.3,2,     12.7158792
  06MT19920701,   409,  1,      6,2,19920816, 47.0100, -19.8100, 4403,    503.4,  10.2110,  35.3960,2,   2142.0,2,   2315.8,2,     10.1506195
  06MT19920701,   416,  1,      1,2,19920817, 47.1680, -19.5630, 4617,     46.4,  15.7110,  35.6950,2,   2080.8,2,   2331.3,2,     15.7037452
  06MT19920701,   416,  1,      2,2,19920817, 47.1680, -19.5630, 4617,    106.8,  12.6110,  35.6250,2,   2111.9,2,   2327.0,2,     12.5965579
  06MT19920701,   416,  1,      3,2,19920817, 47.1680, -19.5630, 4617,    510.4,  10.4920,  35.4400,2,   2141.0,2,   2320.8,2,     10.4296907
  06MT19920701,   416,  1,      4,2,19920817, 47.1680, -19.5630, 4617,   4082.5,   2.5730,  34.9170,2,   2202.9,2,   2338.3,2,     2.21298362
  06MT19920701,   416,  1,      5,2,19920817, 47.1680, -19.5630, 4617,   4607.3,   2.5560,  34.9090,2,   2203.2,2,   2337.8,2,     2.13372206
  06MT19920701,   421,  1,      1,2,19920819, 47.7210, -19.9160, 4468,     12.1,  17.5840,  35.6270,2,   2048.3,2,   2333.0,2,     17.5819571
  06MT19920701,   421,  1,      2,2,19920819, 47.7210, -19.9160, 4468,     32.2,  17.0520,  35.6620,2,   2050.3,2,   2333.8,2,     17.0466634
  06MT19920701,   421,  1,      3,2,19920819, 47.7210, -19.9160, 4468,     42.3,  16.9210,  35.6730,2,   2069.5,2,   2337.8,2,     16.9140305
  06MT19920701,   421,  1,      4,2,19920819, 47.7210, -19.9160, 4468,     46.4,  15.9960,  35.7050,2,   2083.3,2,   2336.0,2,     15.9886546
  06MT19920701,   421,  1,      5,2,19920819, 47.7210, -19.9160, 4468,    101.8,  12.7300,  35.7170,2,   2103.1,2,   2333.1,2,     12.7161438
  06MT19920701,   421,  1,      6,2,19920819, 47.7210, -19.9160, 4468,    201.6,  12.2050,  35.5890,2,   2112.0,2,   2320.9,2,     12.1782329
  06MT19920701,   424,  1,      1,2,19920820, 47.1760, -19.5760, 4403,     12.1,  17.5840,  35.6510,2,   2056.9,2,   2344.7,2,     17.5819568
  06MT19920701,   424,  1,      2,2,19920820, 47.1760, -19.5760, 4403,     22.2,  17.5360,  35.6380,2,   2051.5,2,   2336.3,2,     17.5322605
  06MT19920701,   424,  1,      3,2,19920820, 47.1760, -19.5760, 4403,     37.3,  17.0520,  35.5710,2,   2049.3,2,   2337.8,2,     17.0458326
  06MT19920701,   424,  1,      4,2,19920820, 47.1760, -19.5760, 4403,     42.3,  16.9210,  35.5910,2,   2057.6,2,   2338.0,2,     16.9140346
  06MT19920701,   424,  1,      5,2,19920820, 47.1760, -19.5760, 4403,     48.4,  15.9960,  35.6640,2,   2065.8,2,   2333.3,2,     15.9883372
  06MT19920701,   424,  1,      6,2,19920820, 47.1760, -19.5760, 4403,    203.6,  12.2050,  35.6120,2,   2114.2,2,   2330.5,2,     12.1779565
  06MT19920701,   424,  1,      7,2,19920820, 47.1760, -19.5760, 4403,    506.4,  10.6080,  35.4510,2,   2132.1,2,   2321.5,2,     10.5457677
  06MT19920701,   424,  1,      8,2,19920820, 47.1760, -19.5760, 4403,   1009.9,   8.4370,  35.5430,2,   2174.6,2,   2327.9,2,     8.32547957
  06MT19920701,   424,  1,      9,2,19920820, 47.1760, -19.5760, 4403,   1518.7,   4.4140,  34.9890,2,   2154.4,2,   2292.3,2,     4.28730769
  06MT19920701,   424,  1,     10,2,19920820, 47.1760, -19.5760, 4403,   2027.5,   3.6740,  34.9470,2,   2149.9,2,   2297.7,2,     3.50870684
  06MT19920701,   424,  1,     11,2,19920820, 47.1760, -19.5760, 4403,   2534.5,   3.0000,  34.9620,2,   2158.4,2,   2305.4,2,     2.79654075
  06MT19920701,   431,  1,      1,2,19920821, 47.1650, -19.5660, 4403,     12.1,  17.4770,  35.6290,2,   2060.4,2,   2335.8,2,     17.4749658
  06MT19920701,   431,  1,      2,2,19920821, 47.1650, -19.5660, 4403,     22.2,  17.4770,  35.6210,2,   2056.1,2,   2339.8,2,     17.4732698
  06MT19920701,   431,  1,      3,2,19920821, 47.1650, -19.5660, 4403,     42.3,  15.7120,  35.6350,2,   2073.8,2,   2340.3,2,     15.7053797
  06MT19920701,   431,  1,      4,2,19920821, 47.1650, -19.5660, 4403,     48.4,  15.6660,  35.6800,2,   2082.3,2,   2340.5,2,     15.6584451
  06MT19920701,   431,  1,      5,2,19920821, 47.1650, -19.5660, 4403,     52.4,  14.7310,  35.7100,2,   2090.6,2,   2342.4,2,     14.7231489
  06MT19920701,   431,  1,      6,2,19920821, 47.1650, -19.5660, 4403,    102.8,  13.8000,  35.6880,2,   2107.4,2,   2334.1,2,     13.7852394
  06MT19920701,   431,  1,      7,2,19920821, 47.1650, -19.5660, 4403,    202.6,  12.3000,  35.6690,2,   2123.6,2,   2332.7,2,     12.2729397
  06MT19920701,   431,  1,      8,2,19920821, 47.1650, -19.5660, 4403,    487.2,  10.6880,  35.4500,2,   2137.6,2,   2322.5,2,      10.627901
  06MT19920701,   431,  1,      9,2,19920821, 47.1650, -19.5660, 4403,    790.4,   8.7530,  35.3350,2,   2167.3,2,   2320.8,2,     8.66522566
  06MT19920701,   431,  1,     10,2,19920821, 47.1650, -19.5660, 4403,    993.7,   8.2920,  35.5050,2,   2178.6,2,   2336.8,2,     8.18346246
  06MT19920701,   442,  1,      1,2,19920823, 47.1700, -19.5510, 4403,     12.1,  16.6350,  35.4490,2,   2046.7,2,   2331.1,2,      16.633037
  06MT19920701,   442,  1,      2,2,19920823, 47.1700, -19.5510, 4403,     22.2,  16.6270,  35.4570,2,   2050.0,2,   -999.0,9,     16.6234011
  06MT19920701,   442,  1,      3,2,19920823, 47.1700, -19.5510, 4403,     33.3,  16.4580,  35.4800,2,   2052.4,2,   2328.9,2,     16.4526371
  06MT19920701,   442,  1,      4,2,19920823, 47.1700, -19.5510, 4403,     37.3,  16.1900,  35.5000,2,   2055.9,2,   2336.7,2,     16.1840534
  06MT19920701,   442,  1,      5,2,19920823, 47.1700, -19.5510, 4403,     42.3,  15.7980,  35.5590,2,   2066.8,2,   2336.3,2,     15.7913588
  06MT19920701,   442,  1,      6,2,19920823, 47.1700, -19.5510, 4403,     48.4,  14.9440,  35.5650,2,   2068.7,2,   2340.5,2,     14.9366916
  06MT19920701,   442,  1,      7,2,19920823, 47.1700, -19.5510, 4403,    102.8,  12.9780,  35.6830,2,   2105.4,2,   2338.9,2,     12.9638312
  06MT19920701,   442,  1,      8,2,19920823, 47.1700, -19.5510, 4403,    154.2,  12.4510,  35.6090,2,   2110.4,2,   2335.0,2,     12.4302915
  06MT19920701,   442,  1,      9,2,19920823, 47.1700, -19.5510, 4403,    810.6,   9.0310,  35.3830,2,   2173.1,2,   2329.4,2,     8.93919445
  06MT19920701,   442,  1,     10,2,19920823, 47.1700, -19.5510, 4403,   1013.0,   8.1750,  35.4960,2,   2180.9,2,   2337.4,2,     8.06511117
  06MT19920701,   442,  1,     11,2,19920823, 47.1700, -19.5510, 4403,   1213.5,   6.4530,  35.2720,2,   2175.8,2,   2324.3,2,     6.33543865
  06MT19920701,   442,  1,     12,2,19920823, 47.1700, -19.5510, 4403,   2534.5,   3.3000,  34.9530,2,   2160.4,2,   2310.3,2,     3.09102252
  06MT19920701,   453,  1,      1,2,19920824, 47.1800, -19.5980, 4403,     12.1,  17.2950,  35.6180,2,   2053.5,2,   2343.2,2,     17.2929807
  06MT19920701,   453,  1,      2,2,19920824, 47.1800, -19.5980, 4403,     22.2,  17.2750,  35.6200,2,   2054.7,2,   2335.6,2,     17.2712999
  06MT19920701,   453,  1,      3,2,19920824, 47.1800, -19.5980, 4403,     38.3,  16.1770,  35.5980,2,   2069.2,2,   2338.7,2,     16.1708913
  06MT19920701,   453,  1,      4,2,19920824, 47.1800, -19.5980, 4403,     42.3,  15.0240,  35.6140,2,   2087.7,2,   2342.3,2,     15.0175805
  06MT19920701,   453,  1,      5,2,19920824, 47.1800, -19.5980, 4403,     47.4,  13.6410,  35.6570,2,   2097.5,2,   2339.4,2,     13.6342668
  06MT19920701,   453,  1,      6,2,19920824, 47.1800, -19.5980, 4403,     52.4,  13.5210,  35.6590,2,   2083.4,2,   2335.7,2,      13.513593
  06MT19920701,   453,  1,      7,2,19920824, 47.1800, -19.5980, 4403,     57.4,  13.3440,  35.6820,2,   2099.3,2,   2333.6,2,     13.3359487
  06MT19920701,   453,  1,      8,2,19920824, 47.1800, -19.5980, 4403,     62.5,  13.2520,  35.6860,2,   2099.2,2,   2331.4,2,     13.2432807
  06MT19920701,   453,  1,      9,2,19920824, 47.1800, -19.5980, 4403,     72.6,  12.9920,  35.6900,2,   2105.0,2,   2331.1,2,     12.9820026
  06MT19920701,   453,  1,     10,2,19920824, 47.1800, -19.5980, 4403,     82.6,  12.8420,  35.6580,2,   2105.6,2,   2333.3,2,     12.8307004
  06MT19920701,   453,  1,     11,2,19920824, 47.1800, -19.5980, 4403,     92.7,  12.6720,  35.6380,2,   2107.8,2,   2328.9,2,      12.659431
  06MT19920701,   453,  1,     12,2,19920824, 47.1800, -19.5980, 4403,    102.8,  12.6080,  35.6370,2,   2111.9,2,   2332.0,2,     12.5941057
  06MT19920701,   459,  1,      1,2,19920825, 47.1700, -19.5550, 4403,     11.1,  16.9010,  35.4590,2,   -999.0,9,   2335.9,2,     16.8991805
  06MT19920701,   459,  1,      2,2,19920825, 47.1700, -19.5550, 4403,     22.2,  16.8830,  35.4880,2,   -999.0,9,   2332.3,2,     16.8793619
  06MT19920701,   459,  1,      3,2,19920825, 47.1700, -19.5550, 4403,     32.2,  16.2770,  35.4900,2,   -999.0,9,   2331.8,2,      16.271839
  06MT19920701,   459,  1,      4,2,19920825, 47.1700, -19.5550, 4403,     37.3,  16.7710,  35.5040,2,   2055.0,2,   2330.8,2,     16.7649063
  06MT19920701,   459,  1,      5,2,19920825, 47.1700, -19.5550, 4403,     41.3,  16.4910,  35.5290,2,   2058.2,2,   2335.7,2,     16.4843238
  06MT19920701,   459,  1,      6,2,19920825, 47.1700, -19.5550, 4403,     47.4,  15.1200,  35.5450,2,   2063.0,2,   2332.4,2,     15.1127879
  06MT19920701,   459,  1,      7,2,19920825, 47.1700, -19.5550, 4403,     53.4,  14.7050,  35.6070,2,   2091.3,2,   2350.7,2,     14.6970142
  06MT19920701,   459,  1,      8,2,19920825, 47.1700, -19.5550, 4403,     62.5,  13.2640,  35.6230,2,   2102.6,2,   -999.0,9,     13.2552807
  06MT19920701,   459,  1,      9,2,19920825, 47.1700, -19.5550, 4403,     72.6,  13.0920,  35.6370,2,   2102.4,2,   -999.0,9,     13.0819567
  06MT19920701,   459,  1,     10,2,19920825, 47.1700, -19.5550, 4403,     82.6,  12.8300,  35.6370,2,   2107.8,2,   -999.0,9,     12.8187097
  06MT19920701,   459,  1,     11,2,19920825, 47.1700, -19.5550, 4403,     92.7,  12.6390,  35.6140,2,   2112.2,2,   2330.1,2,     12.6264556
  06MT19920701,   459,  1,     12,2,19920825, 47.1700, -19.5550, 4403,    102.8,  12.3920,  35.5960,2,   2111.9,2,   2337.3,2,     12.3782685
  06MT19920701,100050,  1,      1,2,19920804, 47.4930, -19.1380, 4557,      5.0,  16.7000,  35.5280,2,   2052.4,2,   2338.3,2,     16.6991795
  06MT19920701,100051,  1,      1,2,19920804, 47.4150, -19.2650, 4557,      5.0,  17.6000,  35.6530,2,   2053.5,2,   2353.2,2,     17.5991483
  06MT19920701,100052,  1,      1,2,19920805, 47.3900, -20.0460, 4340,      5.0,  17.4000,  35.6460,2,   2053.2,2,   2352.0,2,     17.3991551
  06MT19920701,100053,  1,      1,2,19920805, 47.1820, -19.5620, 4403,      5.0,  17.4000,  35.6400,2,   2051.9,2,   2338.3,2,     17.3991551
  06MT19920701,100054,  1,      1,2,19920805, 47.1800, -19.5770, 4403,      5.0,  17.6000,  35.6600,2,   2051.3,2,   2333.8,2,     17.5991482
  06MT19920701,100055,  1,      1,2,19920805, 47.1750, -19.5670, 4403,      5.0,  16.6000,  35.5150,2,   2047.4,2,   2334.5,2,      16.599183
  06MT19920701,100056,  1,      1,2,19920805, 47.1730, -19.5570, 4403,      5.0,  16.6000,  35.5620,2,   2047.1,2,   2330.3,2,     16.5991828
  06MT19920701,100057,  1,      1,2,19920805, 47.0800, -19.6690, 4403,      5.0,  16.6000,  35.5040,2,   2046.7,2,   2331.2,2,     16.5991831
  06MT19920701,100059,  1,      1,2,19920805, 47.1480, -19.5500, 4403,      5.0,  17.0000,  35.5550,2,   2048.1,2,   2334.6,2,     16.9991692
  06MT19920701,100060,  1,      1,2,19920806, 47.1480, -19.5500, 4403,      5.0,  17.0000,  35.5180,2,   2049.0,2,   2324.5,2,     16.9991694
  06MT19920701,100061,  1,      1,2,19920806, 47.2300, -19.3230, 4557,      5.0,  17.2000,  35.6590,2,   2052.3,2,   2329.9,2,     17.1991618
  06MT19920701,100062,  1,      1,2,19920806, 47.2490, -19.3500, 4557,      5.0,  16.5000,  35.4760,2,   2049.6,2,   2325.1,2,     16.4991867
  06MT19920701,100063,  1,      1,2,19920806, 47.3080, -19.3910, 4557,      5.0,  16.5000,  35.4780,2,   2049.6,2,   2333.1,2,     16.4991867
  06MT19920701,100064,  1,      1,2,19920808, 47.2480, -19.5720, 4403,      5.0,  16.7000,  35.5460,2,   2051.1,2,   2329.6,2,     16.6991794
  06MT19920701,100065,  1,      1,2,19920808, 47.1790, -19.5610, 4403,      5.0,  16.9000,  35.5360,2,   2048.8,2,   2329.6,2,     16.8991727
  06MT19920701,100066,  1,      1,2,19920809, 47.2880, -19.2950, 4557,      5.0,  17.6000,  35.6630,2,   2053.3,2,   2333.3,2,     17.5991482
  06MT19920701,100067,  1,      1,2,19920809, 47.3700, -19.2710, 4557,      5.0,  17.7000,  35.6850,2,   2055.6,2,   2325.1,2,     17.6991447
  06MT19920701,100068,  1,      1,2,19920809, 47.4490, -19.4420, 4557,      5.0,  17.6000,  35.6700,2,   2054.7,2,   2334.5,2,     17.5991482
  06MT19920701,100069,  1,      1,2,19920809, 47.4700, -19.5060, 4403,      5.0,  16.6000,  35.6590,2,   2047.6,2,   -999.0,9,     16.5991822
  06MT19920701,100070,  1,      1,2,19920809, 47.3470, -19.5700, 4403,      5.0,  16.8000,  35.5190,2,   2052.3,2,   2327.3,2,     16.7991762
  06MT19920701,100071,  1,      1,2,19920809, 47.2490, -19.5820, 4403,      5.0,  16.9000,  35.6990,2,   2054.5,2,   2333.4,2,     16.8991717
  06MT19920701,100072,  1,      1,2,19920809, 47.2150, -19.5930, 4403,      5.0,  16.9000,  35.6680,2,   2053.4,2,   2340.0,2,     16.8991719
  06MT19920701,100073,  1,      1,2,19920809, 47.1800, -19.5630, 4403,      5.0,  17.0000,  35.6450,2,   2050.3,2,   2339.5,2,     16.9991686
  06MT19920701,100074,  1,      1,2,19920810, 47.1840, -19.5610, 4403,      5.0,  16.9000,  35.6030,2,   2050.6,2,   2340.0,2,     16.8991723
  06MT19920701,100075,  1,      1,2,19920810, 47.1780, -19.7540, 4403,      5.0,  16.9000,  35.6400,2,   2046.8,2,   2335.0,2,     16.8991721
  06MT19920701,100076,  1,      1,2,19920810, 47.1660, -19.9240, 4403,      5.0,  16.9000,  35.6830,2,   2050.4,2,   2333.8,2,     16.8991718
  06MT19920701,100077,  1,      1,2,19920810, 47.1430, -20.0630, 4340,      5.0,  16.8000,  35.5970,2,   2046.0,2,   2339.3,2,     16.7991757
  06MT19920701,100078,  1,      1,2,19920810, 47.1450, -20.2560, 4340,      5.0,  17.5000,  35.5980,2,   2043.7,2,   2331.0,2,      17.499152
  06MT19920701,100079,  1,      1,2,19920810, 47.3200, -20.6610, 4400,      5.0,  17.7000,  35.6600,2,   2047.8,2,   2333.5,2,     17.6991448
  06MT19920701,100080,  1,      1,2,19920810, 47.2640, -20.1660, 4340,      5.0,-999.0000,-999.0000,9,   2057.4,2,   2340.1,2,           -999
  06MT19920701,100081,  1,      1,2,19920810, 47.1950, -19.6750, 4403,      5.0,  16.7000,  35.4590,2,   2052.8,2,   2339.8,2,       16.69918
  06MT19920701,100082,  1,      1,2,19920810, 47.1820, -19.5610, 4403,      5.0,  16.8000,  35.6060,2,   2047.6,2,   2337.9,2,     16.7991757
  06MT19920701,100083,  1,      1,2,19920811, 47.2740, -19.3700, 4557,      5.0,  16.6000,  35.4840,2,   2048.1,2,   2334.6,2,     16.5991832
  06MT19920701,100084,  1,      1,2,19920811, 47.2610, -19.5240, 4403,      5.0,  16.7000,  35.6000,2,   2051.9,2,   2332.1,2,     16.6991791
  06MT19920701,100085,  1,      1,2,19920811, 47.2150, -19.5720, 4403,      5.0,  17.0000,  35.5590,2,   2049.8,2,   2333.3,2,     16.9991691
  06MT19920701,100086,  1,      1,2,19920812, 47.3730, -19.7460, 4403,      5.0,  17.3000,  35.6290,2,   2051.1,2,   2348.7,2,     17.2991585
  06MT19920701,100087,  1,      1,2,19920812, 47.4010, -19.7790, 4403,      5.0,  16.7000,  35.4680,2,   2051.2,2,   2337.3,2,     16.6991799
  06MT19920701,100088,  1,      1,2,19920812, 47.2630, -19.6310, 4403,      5.0,  16.7000,  35.4660,2,   2050.9,2,   2341.3,2,     16.6991799
  06MT19920701,100089,  1,      1,2,19920812, 47.2440, -19.4420, 4557,      5.0,  16.7000,  35.4670,2,   2053.4,2,   2334.0,2,     16.6991799
  06MT19920701,100090,  1,      1,2,19920813, 47.3110, -19.4540, 4557,      5.0,  16.7000,  35.4600,2,   2054.1,2,   2329.4,2,       16.69918
  06MT19920701,100091,  1,      1,2,19920813, 47.3310, -19.3290, 4557,      5.0,  16.6000,  35.4430,2,   2051.3,2,   2327.8,2,     16.5991835
  06MT19920701,100092,  1,      1,2,19920813, 47.3590, -19.5310, 4403,      5.0,  16.6000,  35.4440,2,   2048.7,2,   2330.3,2,     16.5991835
  06MT19920701,100093,  1,      1,2,19920813, 47.2620, -19.6080, 4403,      5.0,  16.6000,  35.4510,2,   2052.6,2,   2331.6,2,     16.5991834
  06MT19920701,100094,  1,      1,2,19920814, 47.4040, -19.7990, 4403,      5.0,  16.6000,  35.4490,2,   2050.8,2,   2329.8,2,     16.5991834
  06MT19920701,100095,  1,      1,2,19920815, 47.4170, -20.3890, 4340,      5.0,  17.3000,  35.5980,2,   2047.8,2,   2335.4,2,     17.2991587
  06MT19920701,100096,  1,      1,2,19920815, 47.2390, -19.6540, 4403,      5.0,  16.9000,  35.5130,2,   2047.3,2,   2337.8,2,     16.8991728
  06MT19920701,100097,  1,      1,2,19920817, 47.1680, -19.5590, 4403,      5.0,  16.8000,  35.4810,2,   2049.2,2,   2334.6,2,     16.7991764
  06MT19920701,100098,  1,      1,2,19920817, 47.3080, -19.8550, 4403,      5.0,  16.8000,  35.4990,2,   2049.2,2,   -999.0,9,     16.7991763
  06MT19920701,100099,  1,      1,2,19920818, 47.4880, -20.2630, 4340,      5.0,  16.5000,  35.4520,2,   2048.7,2,   -999.0,9,     16.4991868
END_DATA
