BOTTLE,20081215PRINUNIVRMK
# 8/17/07 this file initialized 
# Ship: CCGS Pierre Radisson 
# Cruise: NOW98; Northwater Polynya 
# Cruise dates: 8/27-10/10/1998  
# EXPOCODE: 18RD19990827 
# Region:Polynya west of northern Greenland 
# Chief Scientist: L. Fortier, H. Melling 
# 40 stations;  with 24 place Rosette 
# Station code translation table: 
# Change prefix letters as follows 
# D->300 
# S->400 
# E->500 
# N->600 
# e.g. "D32" would become 332 
# Hydro: Who - H. Melling; Status - final 
# 	Notes: CTD files requested from Joe Linguanti 8/17/07 
# Nuts/O2: Who - J.-E Tremblay/K.Cochran; Status - no data  
# 	Notes:  
# TCO2: Who - L. Miller,T.Yager; Status - final  
# 	Notes: Data from Miller 7/9/07 
# 	CRM used; estimated accuracy 4umol/kg 
# TA: Who - L. Miller; Status - final  
# 	Notes: Data from Miller 7/9/07 
# Other: DOC - K. Cochran 
# 	POC;PON - Michel Gosselin 
# References: 
# Reynolds, R. Michael, Mark A. Miller and Mary Jane Bartholomew, 
# Design, Operation, and Calibration of a Shipboard Fast-Rotating  
# Shadowband Radiometer,Jour. Atmos. and Oceanic Tech., 18(2), 200-214, 2001. 
# Bacle J, Carmack E., Ingram R., Water column structure and circulation under the North Water during spring transition: April-July 1998. Deep-Sea Res. II, 49, 4907 - 4925, 2002. 
# Deming J, Fortier L, Fukuchi M., The International North Water Polynya Study (NOW): a brief overview. Deep-Sea Res. II, 49, 4887 - 4892, 2002. 
# Ingram. R., Bacle J., Barber D., Gratton Y., Melling H., An overview of physical processes in the North Water. Deep-Sea Res. II, 49, 4893-4906, 2002. 
# Melling, H.; Gratton, Y.; Ingram, G.,  Ocean circulation within the North Water Polynya of Baffin Bay.  Atmosphere - Ocean, 39(3), pp. 301-325, 2001. 
# Miller L, Yager P, Erickson K, Amiel D, Bacle J, Cochran J, Garneau M, Gosselin M, Hirschberg D, Klein B, LeBlanc B, Miller W., Carbon distributions and fluxes in the North Water, 1998 and 1999. Deep-Sea Res. II, 49: 5151 - 5170, 2002. 
EXPOCODE,STNNBR,CASTNO,BTLNBR,BTLNBR_FLAG_W,DATE,LATITUDE,LONGITUDE,DEPTH,CTDPRS,CTDTMP,CTDSAL,CTDSAL_FLAG_W,TCARBN,TCARBN_FLAG_W,ALKALI,ALKALI_FLAG_W,POC,POC_FLAG_W,PON,PON_FLAG_W,TOC,TOC_FLAG_W,THETA
,,,,,,,,METERS,DBARS,ITS-90,PSS-78,,UMOL/KG,,UMOL/KG,,ug/kg,,ug/kg,,UMOL/L,,DEGC
  18RD19990827,   301,  6,     22,2,19990827, 75.2550, -74.9850,  472,      1.2,   2.6285,  32.4653,2,   2025.6,2,   2221.5,2,       -999,9,        -999,9,      110,2,    2.6284361
  18RD19990827,   301,  6,     20,2,19990827, 75.2550, -74.9850,  472,      5.3,   2.6295,  32.4719,2,   2025.1,2,   2214.0,2,       -999,9,        -999,9,      147,2,    2.6292175
  18RD19990827,   301,  6,     15,2,19990827, 75.2550, -74.9850,  472,      8.0,   2.6255,  32.4781,2,   2025.4,2,   2214.6,2,       -999,9,        -999,9,       95,2,   2.62507359
  18RD19990827,   301,  6,     10,2,19990827, 75.2550, -74.9850,  472,     16.0,   2.1170,  32.5352,2,   2028.5,2,   2216.0,2,       -999,9,        -999,9,       99,2,   2.11621209
  18RD19990827,   301,  6,      4,2,19990827, 75.2550, -74.9850,  472,     33.3,  -0.1950,  32.9835,2,   2069.6,2,   -999.0,9,       -999,9,        -999,9,      115,2, -0.196019548
  18RD19990827,   301,  6,      1,2,19990827, 75.2550, -74.9850,  472,     49.8,  -1.2285,  33.3127,2,   2141.8,2,   -999.0,9,       -999,9,        -999,9,      105,2,    -1.229617
  18RD19990827,   301,  7,     10,2,19990827, 75.2550, -74.9850,  472,    101.1,  -1.1560,  33.5203,2,   2132.2,2,   -999.0,9,       -999,9,        -999,9,      105,2,  -1.15842285
  18RD19990827,   301,  7,      7,2,19990827, 75.2550, -74.9850,  472,    201.7,  -0.0285,  34.0354,2,   2164.4,2,   -999.0,9,       -999,9,        -999,9,       87,2,-0.0356801595
  18RD19990827,   301,  7,      5,2,19990827, 75.2550, -74.9850,  472,    302.7,   0.4635,  34.2289,2,   2166.1,2,   -999.0,9,       -999,9,        -999,9,       87,2,  0.451080136
  18RD19990827,   301,  7,      1,2,19990827, 75.2550, -74.9850,  472,    438.7,  -0.2055,  34.2904,2,   2165.6,2,   -999.0,9,       -999,9,        -999,9,      131,2, -0.221625213
  18RD19990827,   404, 12,     22,2,19990829, 76.2850, -74.2883,  462,      2.6,  -0.2085,  31.2856,2,   1985.5,2,   2156.5,2,      33.95,2,        3.67,2,     -999,9, -0.208570154
  18RD19990827,   404, 12,     19,2,19990829, 76.2850, -74.2883,  462,      4.7,  -0.2065,  31.2995,2,   1986.0,2,   2159.0,2,      42.08,2,        3.79,2,     -999,9, -0.206627117
  18RD19990827,   404, 12,     17,2,19990829, 76.2850, -74.2883,  462,      8.8,  -0.2160,  31.2898,2,   1985.3,2,   2164.2,2,      30.01,2,        3.67,2,     -999,9, -0.216237459
  18RD19990827,   404, 12,     15,2,19990829, 76.2850, -74.2883,  462,     10.9,  -0.1280,  31.2865,2,   -999.0,9,   -999.0,9,      30.24,2,        3.38,2,     -999,9, -0.128302623
  18RD19990827,   404, 12,     11,2,19990829, 76.2850, -74.2883,  462,     16.5,   0.3895,  31.7359,2,   2011.4,2,   -999.0,9,      23.04,2,        2.97,2,     -999,9,  0.388953176
  18RD19990827,   404, 12,      4,2,19990829, 76.2850, -74.2883,  462,     34.8,  -0.9000,  32.3191,2,   2102.0,2,   -999.0,9,      34.97,2,        1.41,2,     -999,9, -0.900808566
  18RD19990827,   404, 12,      1,2,19990829, 76.2850, -74.2883,  462,     51.3,  -1.1510,  32.7249,2,   2130.8,2,   -999.0,9,       5.87,2,        0.56,2,     -999,9,   -1.1521277
  18RD19990827,   404, 13,     17,2,19990829, 76.2850, -74.2883,  462,    101.8,  -0.9295,  33.2287,2,   2126.6,2,   -999.0,9,       6.68,2,        0.78,2,     -999,9, -0.932083607
  18RD19990827,   404, 13,     14,2,19990829, 76.2850, -74.2883,  462,    204.6,  -0.6810,  33.7998,2,   2160.3,2,   -999.0,9,       3.93,2,       -0.08,2,     -999,9, -0.687056946
  18RD19990827,   404, 13,     10,2,19990829, 76.2850, -74.2883,  462,    305.3,  -0.4805,  34.1276,2,   -999.0,9,   -999.0,9,       5.96,2,        0.38,2,     -999,9, -0.490540814
  18RD19990827,   404, 13,     12,2,19990829, 76.2850, -74.2883,  462,    305.3,  -0.4800,  34.1263,2,   2164.1,2,   -999.0,9,      12.32,2,        0.38,2,     -999,9, -0.490041362
  18RD19990827,   404, 13,      2,2,19990829, 76.2850, -74.2883,  462,    404.1,  -0.3635,  34.2619,2,   2164.4,2,   -999.0,9,       -999,9,        -999,9,     -999,9, -0.377664409
  18RD19990827,   404, 13,      1,2,19990829, 76.2850, -74.2883,  462,    439.8,  -0.3475,  34.3066,2,   -999.0,9,   -999.0,9,       6.54,2,        0.29,2,     -999,9, -0.363157007
  18RD19990827,   404, 14,     23,2,19990829, 76.2850, -74.2883,  462,      2.9,   1.0005,  31.4390,2,   -999.0,9,   -999.0,9,         17,2,        1.41,2,     -999,9,   1.00039067
  18RD19990827,   404, 14,     22,2,19990829, 76.2850, -74.2883,  462,      3.0,   0.9970,  31.4387,2,   2005.4,2,   2127.1,3,       -999,9,        -999,9,     -999,9,  0.996886986
  18RD19990827,   404, 14,     19,2,19990829, 76.2850, -74.2883,  462,      7.7,   0.9835,  31.4344,2,   1982.2,2,   2178.4,2,      16.43,2,        1.72,2,     -999,9,  0.983210551
  18RD19990827,   404, 14,     15,2,19990829, 76.2850, -74.2883,  462,     12.0,   1.2095,  31.6081,2,   1993.9,2,   2181.1,2,      16.43,2,        2.01,2,     -999,9,   1.20902148
  18RD19990827,   404, 14,     13,2,19990829, 76.2850, -74.2883,  462,     16.8,   1.9080,  32.0586,2,   -999.0,9,   -999.0,9,      23.69,2,        2.07,2,     -999,9,   1.90721642
  18RD19990827,   404, 14,     11,2,19990829, 76.2850, -74.2883,  462,     24.5,   0.2190,  32.3656,2,   2079.2,2,   -999.0,9,       -999,9,        -999,9,     -999,9,  0.218193173
  18RD19990827,   404, 14,     10,2,19990829, 76.2850, -74.2883,  462,     24.7,   0.1635,  32.3560,2,   2084.5,2,   -999.0,9,      20.67,2,        2.26,2,     -999,9,   0.16269878
  18RD19990827,   404, 14,      3,2,19990829, 76.2850, -74.2883,  462,     50.2,  -0.9825,  32.7376,2,   2131.5,2,   -999.0,9,      10.65,2,        0.52,2,     -999,9,  -0.98367823
  18RD19990827,   404, 14,      1,2,19990829, 76.2850, -74.2883,  462,     73.8,  -1.4580,  32.8894,2,   2146.7,2,   -999.0,9,       4.74,2,        0.24,2,     -999,9,   -1.4594634
  18RD19990827,   404, 15,     11,2,19990829, 76.2850, -74.2883,  462,    101.5,  -1.3855,  33.0877,2,   -999.0,9,   -999.0,9,       4.16,2,       -0.01,2,     -999,9,  -1.38764415
  18RD19990827,   404, 15,     10,2,19990829, 76.2850, -74.2883,  462,    101.6,  -1.3860,  33.0841,2,   2155.0,2,   -999.0,9,       -999,9,        -999,9,     -999,9,   -1.3881452
  18RD19990827,   404, 15,     14,2,19990829, 76.2850, -74.2883,  462,    101.7,  -1.3925,  33.0940,2,   -999.0,9,   -999.0,9,        5.1,2,        0.07,2,     -999,9,  -1.39464358
  18RD19990827,   404, 15,      6,2,19990829, 76.2850, -74.2883,  462,    202.1,  -0.9450,  33.6353,2,   2144.5,2,   -999.0,9,       -999,9,        -999,9,     -999,9, -0.950454833
  18RD19990827,   405, 15,      3,2,19990830, 76.4043, -77.4458,  347,    302.5,  -0.2185,  33.9888,2,   2177.6,2,   -999.0,9,       -999,9,        -999,9,     -999,9,  -0.22903522
  18RD19990827,   405, 15,      1,2,19990830, 76.4043, -77.4458,  347,    321.0,  -0.1865,  34.0166,2,   2182.7,2,   -999.0,9,       -999,9,        -999,9,     -999,9,  -0.19783823
  18RD19990827,   405, 16,     22,2,19990830, 76.4043, -77.4458,  347,      1.8,   1.2145,  31.2232,2,   1953.0,2,   2119.0,2,       -999,9,        -999,9,     -999,9,   1.21442959
  18RD19990827,   405, 16,     19,2,19990830, 76.4043, -77.4458,  347,      3.2,   1.3100,  31.2232,2,   1947.5,2,   -999.0,9,      23.93,2,        2.67,2,     -999,9,   1.30987218
  18RD19990827,   405, 16,     15,2,19990830, 76.4043, -77.4458,  347,      4.1,   1.2600,  31.2397,2,   1946.0,2,   -999.0,9,       -999,9,        -999,9,     -999,9,   1.25983782
  18RD19990827,   405, 16,     13,2,19990830, 76.4043, -77.4458,  347,      5.1,   1.2960,  31.2222,2,   -999.0,9,   -999.0,9,      24.48,2,        2.98,2,     -999,9,   1.29579681
  18RD19990827,   405, 16,      9,2,19990830, 76.4043, -77.4458,  347,      7.2,   1.2785,  31.2170,2,   1948.4,2,   -999.0,9,      20.13,2,           3,2,     -999,9,   1.27821416
  18RD19990827,   405, 16,      4,2,19990830, 76.4043, -77.4458,  347,     14.4,  -0.1875,  31.3760,2,   2004.2,2,   -999.0,9,      40.42,2,         3.1,2,     -999,9,  -0.18789527
  18RD19990827,   405, 16,      1,2,19990830, 76.4043, -77.4458,  347,     22.1,  -0.9845,  32.0953,2,   2093.5,2,   -999.0,9,      13.43,2,        1.55,2,     -999,9, -0.984984833
  18RD19990827,   405, 17,     18,2,19990830, 76.4043, -77.4458,  347,     50.1,  -1.3475,  32.9194,2,   2142.2,2,   -999.0,9,       -999,9,        -999,9,     -999,9,   -1.3485333
  18RD19990827,   405, 17,     16,2,19990830, 76.4043, -77.4458,  347,    100.9,  -1.3065,  33.1583,2,   2153.5,2,   -999.0,9,       8.24,2,        1.33,2,     -999,9,   -1.3087145
  18RD19990827,   405, 17,     13,2,19990830, 76.4043, -77.4458,  347,    202.3,  -0.0575,  33.8646,2,   2152.2,2,   -999.0,9,       7.31,2,        0.73,2,     -999,9,-0.0645877346
  18RD19990827,   405, 17,      5,2,19990830, 76.4043, -77.4458,  347,    302.5,  -0.5720,  34.1435,2,   2158.3,2,   -999.0,9,       -999,9,        -999,9,     -999,9, -0.581714096
  18RD19990827,   405, 17,      3,2,19990830, 76.4043, -77.4458,  347,    404.2,  -0.4410,  34.2594,2,   2158.9,2,   -999.0,9,       -999,9,        -999,9,     -999,9, -0.454901335
  18RD19990827,   405, 17,      2,2,19990830, 76.4043, -77.4458,  347,    504.6,  -0.3610,  34.3392,2,   2160.9,2,   -999.0,9,       -999,9,        -999,9,     -999,9, -0.379238239
  18RD19990827,   302, 21,     20,2,19990901, 76.9595, -74.9857,  550,      2.3,  -1.0190,  31.4590,2,   2013.5,2,   2153.8,2,       -999,9,        -999,9,      178,2,  -1.01904648
  18RD19990827,   302, 21,     18,2,19990901, 76.9595, -74.9857,  550,      3.4,  -1.0120,  31.4808,2,   2013.3,2,   2168.2,2,       -999,9,        -999,9,      204,2,   -1.0120691
  18RD19990827,   302, 21,     19,2,19990901, 76.9595, -74.9857,  550,      3.5,  -1.0430,  31.4618,2,   -999.0,9,   -999.0,9,      37.33,2,        4.53,2,     -999,9,  -1.04307005
  18RD19990827,   302, 21,     14,2,19990901, 76.9595, -74.9857,  550,      5.2,  -1.0225,  31.4826,2,   2012.5,2,   2144.4,2,      36.21,2,        4.53,2,      200,2,  -1.02260531
  18RD19990827,   302, 21,     16,2,19990901, 76.9595, -74.9857,  550,      5.3,  -1.0245,  31.4576,2,   -999.0,9,   -999.0,9,      32.63,2,        4.42,2,     -999,9,  -1.02460699
  18RD19990827,   302, 21,     12,2,19990901, 76.9595, -74.9857,  550,      6.6,  -1.0210,  31.5411,2,   -999.0,9,   -999.0,9,      30.36,2,        3.19,2,     -999,9,  -1.02113459
  18RD19990827,   302, 21,      9,2,19990901, 76.9595, -74.9857,  550,      9.4,  -0.9095,  31.6329,2,   2022.3,2,   -999.0,9,      28.32,2,        4.56,2,      170,2, -0.909702845
  18RD19990827,   302, 21,      4,2,19990901, 76.9595, -74.9857,  550,     20.1,  -0.5655,  31.7671,2,   2019.8,2,   -999.0,9,      27.32,2,        4.39,2,      113,2, -0.566001603
  18RD19990827,   302, 21,      1,2,19990901, 76.9595, -74.9857,  550,     29.5,  -0.5460,  31.6037,2,   2020.6,2,   -999.0,9,      30.55,2,        4.42,2,      113,2, -0.546734646
  18RD19990827,   302, 19,     16,2,19990901, 76.9595, -74.9857,  550,     50.5,  -1.3825,  32.6421,2,   2141.7,2,   -999.0,9,       3.95,2,        0.87,2,      175,2,  -1.38349894
  18RD19990827,   302, 19,     13,2,19990901, 76.9595, -74.9857,  550,    101.4,  -1.1465,  33.4384,2,   2161.9,2,   -999.0,9,       -999,9,        -999,9,      164,2,  -1.14892265
  18RD19990827,   302, 19,      2,2,19990901, 76.9595, -74.9857,  550,    202.2,   0.0880,  34.0630,2,   2167.2,2,   -999.0,9,       -999,9,        -999,9,      128,2, 0.0805907076
  18RD19990827,   302, 19,      1,2,19990901, 76.9595, -74.9857,  550,    259.2,   0.0315,  34.0957,2,   -999.0,9,   -999.0,9,       3.42,2,        0.76,2,     -999,9, 0.0219748368
  18RD19990827,   502, 22,     20,2,19990903, 78.0430, -73.3393,  294,      2.0,  -1.0495,  30.1132,2,   1898.0,2,   2099.4,2,      25.73,2,        2.68,2,      194,2,  -1.04953466
  18RD19990827,   502, 22,     17,2,19990903, 78.0430, -73.3393,  294,      3.0,  -1.0530,  30.1094,2,   1900.1,2,   -999.0,9,      27.23,2,         2.3,2,      167,2,   -1.0530519
  18RD19990827,   502, 22,     15,2,19990903, 78.0430, -73.3393,  294,      4.0,  -1.0485,  30.1110,2,   1899.2,2,   2056.8,2,      26.28,2,        2.62,2,      171,2,  -1.04856942
  18RD19990827,   502, 22,     13,2,19990903, 78.0430, -73.3393,  294,      4.7,  -1.0570,  30.1043,2,   -999.0,9,   -999.0,9,      41.24,2,         3.5,2,     -999,9,  -1.05708118
  18RD19990827,   502, 22,     10,2,19990903, 78.0430, -73.3393,  294,      7.5,  -1.0435,  30.1108,2,   1898.6,2,   2028.4,2,      29.25,2,        2.79,2,      187,2,  -1.04363075
  18RD19990827,   502, 22,      4,2,19990903, 78.0430, -73.3393,  294,     14.1,  -0.9165,  30.3165,2,   1911.4,2,   -999.0,9,      29.78,2,        3.19,2,      211,2, -0.916768204
  18RD19990827,   502, 22,      1,2,19990903, 78.0430, -73.3393,  294,     22.4,  -0.7855,  30.4930,2,   1921.6,2,   -999.0,9,       -999,9,        -999,9,      155,2, -0.785961449
  18RD19990827,   502, 23,     14,2,19990903, 78.0430, -73.3393,  294,     50.4,  -0.9095,  31.3718,2,   2020.8,2,   -999.0,9,       -999,9,        -999,9,      183,2, -0.910582408
  18RD19990827,   502, 23,     11,2,19990903, 78.0430, -73.3393,  294,    100.6,  -1.3110,  32.8936,2,   2147.3,2,   -999.0,9,       8.54,2,        1.08,2,      117,2,  -1.31315195
  18RD19990827,   502, 23,      7,2,19990903, 78.0430, -73.3393,  294,    201.8,  -0.8145,  33.8594,2,   2159.4,2,   -999.0,9,0.849295467,2,        0.28,2,      100,2,  -0.82025996
  18RD19990827,   502, 23,      4,2,19990903, 78.0430, -73.3393,  294,    302.2,  -0.4645,  34.2616,2,   2156.6,2,   -999.0,9,       1.81,2,        0.73,2,      147,2, -0.474547958
  18RD19990827,   502, 23,      2,2,19990903, 78.0430, -73.3393,  294,    403.5,  -0.3740,  34.3435,2,   2155.9,2,   -999.0,9,       3.75,2,        0.51,2,      109,2, -0.388167312
  18RD19990827,   502, 23,      1,2,19990903, 78.0430, -73.3393,  294,    527.3,  -0.3390,  34.3716,2,   -999.0,9,   -999.0,9,       2.49,2,         0.3,2,     -999,9, -0.358298162
  18RD19990827,   603, 24,     20,2,19990904, 78.3488, -74.3428,  561,      1.4,   1.2610,  32.3666,2,   2002.0,2,   2188.9,2,      33.11,2,        4.39,2,      141,2,   1.26094174
  18RD19990827,   603, 24,     17,2,19990904, 78.3488, -74.3428,  561,      3.8,   1.2525,  32.3728,2,   2002.5,2,   2187.8,2,      33.47,2,        4.33,2,      111,2,   1.25234201
  18RD19990827,   603, 24,     14,2,19990904, 78.3488, -74.3428,  561,      6.9,   1.2545,  32.3906,2,   2004.2,2,   -999.0,9,      26.24,2,        3.68,2,      183,2,    1.2542126
  18RD19990827,   603, 24,      9,2,19990904, 78.3488, -74.3428,  561,     12.2,   0.9840,  32.4956,2,   2020.8,2,   -999.0,9,      30.89,2,        4.58,2,      178,2,  0.983516881
  18RD19990827,   603, 24,      4,2,19990904, 78.3488, -74.3428,  561,     24.5,   0.6630,  32.7541,2,   2057.7,2,   -999.0,9,       24.8,2,        3.79,2,      201,2,  0.662082227
  18RD19990827,   603, 24,      1,2,19990904, 78.3488, -74.3428,  561,     37.2,  -0.1930,  33.0919,2,   2094.4,2,   -999.0,9,      12.24,2,        1.85,2,      177,2, -0.194148618
  18RD19990827,   603, 25,     14,2,19990904, 78.3488, -74.3428,  561,     50.5,  -0.4270,  33.1924,2,   2099.4,2,   -999.0,9,      16.72,2,        2.15,2,      149,2, -0.428473291
  18RD19990827,   603, 25,     12,2,19990904, 78.3488, -74.3428,  561,    100.6,  -1.0085,  33.5835,2,   2154.3,2,   -999.0,9,       3.49,2,        0.24,2,      127,2,  -1.01105174
  18RD19990827,   603, 25,      8,2,19990904, 78.3488, -74.3428,  561,    201.7,   0.4885,  34.0377,2,   2162.6,2,   -999.0,9,       4.48,2,        0.27,2,      103,2,  0.480436705
  18RD19990827,   603, 25,      6,2,19990904, 78.3488, -74.3428,  561,    302.8,   0.6435,  34.2525,2,   2175.0,2,   -999.0,9,       3.58,2,        0.81,2,      149,2,  0.630606217
  18RD19990827,   603, 25,      3,2,19990904, 78.3488, -74.3428,  561,    402.8,   0.8060,  34.3336,2,   2180.2,2,   -999.0,9,          5,2,        0.95,2,       98,2,   0.78788593
  18RD19990827,   603, 25,      2,2,19990904, 78.3488, -74.3428,  561,    504.7,   0.8325,  34.3515,2,   2181.7,2,   -999.0,9,       5.91,2,         0.3,2,      151,2,  0.809224572
  18RD19990827,   603, 26,     20,2,19990904, 78.3488, -74.3428,  561,      1.5,   2.2450,  30.7586,2,   1884.7,2,   2053.7,2,      12.31,2,        1.33,2,      168,2,   2.24492951
  18RD19990827,   501, 26,     17,2,19990906, 76.9925, -72.4517,  546,      5.8,   2.2305,  30.7544,2,   1885.9,2,   2057.2,2,      25.32,2,        2.04,2,      140,2,   2.23022797
  18RD19990827,   501, 26,     14,2,19990906, 76.9925, -72.4517,  546,     10.1,   2.1745,  31.0923,2,   1909.9,2,   -999.0,9,      10.98,2,         1.7,2,      161,2,   2.17402454
  18RD19990827,   501, 26,     12,2,19990906, 76.9925, -72.4517,  546,     13.2,   2.3065,  31.6798,2,   -999.0,9,   -999.0,9,      13.97,2,        1.44,2,     -999,9,   2.30584971
  18RD19990827,   501, 26,      9,2,19990906, 76.9925, -72.4517,  546,     20.0,   0.0345,  32.8194,2,   2042.6,2,   -999.0,9,      39.93,2,        4.04,2,      220,2,  0.033856825
  18RD19990827,   501, 26,      4,2,19990906, 76.9925, -72.4517,  546,     38.8,  -1.0860,  33.3250,2,   2109.4,2,   -999.0,9,       5.51,2,        1.19,2,      142,2,  -1.08691536
  18RD19990827,   501, 26,      1,2,19990906, 76.9925, -72.4517,  546,     59.0,  -1.1150,  33.4445,2,   2093.2,2,   -999.0,9,       6.11,2,        0.84,2,       95,2,  -1.11640223
  18RD19990827,   501, 27,     14,2,19990906, 76.9925, -72.4517,  546,     75.9,  -0.5725,  33.5652,2,   2118.6,2,   -999.0,9,       5.25,2,        1.01,2,      102,2, -0.574691243
  18RD19990827,   501, 27,     13,2,19990906, 76.9925, -72.4517,  546,    100.5,  -0.8975,  33.6322,2,   -999.0,9,   -999.0,9,       7.98,2,        0.73,2,      144,2, -0.900155345
  18RD19990827,   501, 27,     12,2,19990906, 76.9925, -72.4517,  546,    100.6,  -0.8800,  33.6316,2,   2147.6,2,   2249.9,2,       -999,9,        -999,9,     -999,9, -0.882673228
  18RD19990827,   501, 27,      9,2,19990906, 76.9925, -72.4517,  546,    200.9,  -0.3435,  34.0119,2,   2162.9,2,   2259.9,2,       -999,9,        -999,9,     -999,9, -0.350102273
  18RD19990827,   501, 27,     10,2,19990906, 76.9925, -72.4517,  546,    200.9,  -0.3405,  34.0245,2,   -999.0,9,   -999.0,9,       -999,9,        -999,9,      147,2, -0.347112216
  18RD19990827,   501, 27,      7,2,19990906, 76.9925, -72.4517,  546,    302.8,  -0.2510,  34.2111,2,   2161.9,2,   2271.0,2,       -999,9,        -999,9,     -999,9, -0.261589822
  18RD19990827,   402, 27,      8,2,19990907, 76.2927, -71.9063,  590,    302.8,  -0.2505,  34.2132,2,   -999.0,9,   -999.0,9,       -999,9,        -999,9,      148,2, -0.261092304
  18RD19990827,   402, 27,      5,2,19990907, 76.2927, -71.9063,  590,    404.1,  -0.3555,  34.2889,2,   2160.9,2,   2267.7,2,       -999,9,        -999,9,     -999,9,  -0.36971228
  18RD19990827,   402, 27,      6,2,19990907, 76.2927, -71.9063,  590,    404.3,  -0.3565,  34.2886,2,   -999.0,9,   -999.0,9,       -999,9,        -999,9,      116,2, -0.370716414
  18RD19990827,   402, 27,      3,2,19990907, 76.2927, -71.9063,  590,    505.1,  -0.0375,  34.3586,2,   2166.3,2,   2277.2,2,       7.13,2,        1.11,2,     -999,9,-0.0571484079
  18RD19990827,   402, 27,      4,2,19990907, 76.2927, -71.9063,  590,    505.2,  -0.0385,  34.3570,2,   -999.0,9,   -999.0,9,       -999,9,        -999,9,      109,2,-0.0581470212
  18RD19990827,   402, 27,      1,2,19990907, 76.2927, -71.9063,  590,    559.9,  -0.0340,  34.3647,2,   -999.0,9,   -999.0,9,       6.09,2,        0.81,2,     -999,9,-0.0560807757
  18RD19990827,   402, 29,     20,2,19990907, 76.2927, -71.9063,  590,      1.8,   1.8730,  31.0484,2,   1892.0,2,   2070.7,2,       9.13,2,        1.67,2,      100,2,   1.87292011
  18RD19990827,   402, 29,     17,2,19990907, 76.2927, -71.9063,  590,      5.2,   1.9620,  31.1204,2,   1891.9,2,   2168.2,4,       8.82,2,        1.56,2,      128,2,   1.96176446
  18RD19990827,   402, 29,     14,2,19990907, 76.2927, -71.9063,  590,      8.1,   2.0605,  31.2337,2,   1901.6,2,   2081.9,2,      14.35,2,        1.74,2,      135,2,   2.06012452
  18RD19990827,   402, 29,     12,2,19990907, 76.2927, -71.9063,  590,     10.1,   2.1890,  31.4950,2,   -999.0,9,   -999.0,9,      18.32,2,        1.36,2,     -999,9,   2.18851599
  18RD19990827,   402, 29,      9,2,19990907, 76.2927, -71.9063,  590,     15.6,   2.1120,  31.8905,2,   1932.4,2,   -999.0,9,      15.25,2,        2.02,2,      152,2,   2.11125062
  18RD19990827,   402, 29,      4,2,19990907, 76.2927, -71.9063,  590,     30.0,  -0.7205,  33.1153,2,   2032.3,2,   -999.0,9,      22.51,2,        2.92,2,      152,2, -0.721288608
  18RD19990827,   402, 29,      1,2,19990907, 76.2927, -71.9063,  590,     43.9,  -1.0375,  33.2926,2,   2074.2,2,   -999.0,9,       8.42,2,        0.65,2,      122,2,  -1.03855369
  18RD19990827,   402, 30,     15,2,19990907, 76.2927, -71.9063,  590,     75.2,  -0.9215,  33.4016,2,   2098.1,2,   -999.0,9,       -999,9,        -999,9,      119,2, -0.923419513
  18RD19990827,   402, 30,     11,2,19990907, 76.2927, -71.9063,  590,    100.5,  -0.6030,  33.5087,2,   2112.7,2,   -999.0,9,       -999,9,        -999,9,       89,2,   -0.6058876
  18RD19990827,   402, 30,      2,2,19990907, 76.2927, -71.9063,  590,    201.7,   0.3620,  33.7834,2,   2140.7,2,   -999.0,9,        3.6,2,         0.1,2,      114,2,  0.354247577
  18RD19990827,   402, 30,      1,2,19990907, 76.2927, -71.9063,  590,    264.1,   0.6395,  33.8641,2,   -999.0,9,   -999.0,9,       5.88,2,        0.87,2,     -999,9,  0.628543825
  18RD19990827,   402, 32,     20,2,19990907, 76.2927, -71.9063,  590,      2.7,   0.9725,  32.0108,2,   1990.9,2,   2181.1,2,      30.04,2,         3.9,2,      112,2,  0.972395999
  18RD19990827,   402, 32,     17,2,19990907, 76.2927, -71.9063,  590,      4.2,   0.9960,  32.0331,2,   1997.2,2,   2198.2,2,       29.4,2,        3.79,2,      129,2,   0.99583715
  18RD19990827,   401, 32,     15,2,19990908, 76.3057, -70.2238,  290,      5.5,   1.0130,  32.0417,2,   1999.4,2,   2195.7,2,      32.69,2,        3.76,2,      121,2,    1.0127858
  18RD19990827,   401, 32,     13,2,19990908, 76.3057, -70.2238,  290,      7.0,   1.0150,  32.0401,2,   -999.0,9,   -999.0,9,      30.84,2,        3.79,2,     -999,9,   1.01472718
  18RD19990827,   401, 32,     10,2,19990908, 76.3057, -70.2238,  290,     10.6,   0.6770,  32.1901,2,   2024.5,2,   2207.7,2,      26.96,2,        2.42,2,      171,2,  0.676614142
  18RD19990827,   401, 32,      5,2,19990908, 76.3057, -70.2238,  290,     22.3,  -1.0075,  32.6229,2,   2124.1,2,   2238.7,2,       -999,9,        -999,9,      119,2,  -1.00800752
  18RD19990827,   401, 32,      2,2,19990908, 76.3057, -70.2238,  290,     32.4,  -0.9865,  32.7989,2,   2129.8,2,   2244.9,2,       4.37,2,        0.73,2,      118,2,  -0.98725755
  18RD19990827,   401, 33,      7,2,19990908, 76.3057, -70.2238,  290,     50.6,  -1.5055,  33.0071,2,   2143.4,2,   2240.2,2,      10.05,2,        0.62,2,      146,2,  -1.50648223
  18RD19990827,   401, 33,      6,2,19990908, 76.3057, -70.2238,  290,    101.2,  -1.0460,  33.4520,2,   2098.2,2,   2217.1,2,       8.61,2,        1.25,2,      144,2,  -1.04850887
  18RD19990827,   401, 33,      4,2,19990908, 76.3057, -70.2238,  290,    202.2,  -0.4380,  33.9387,2,   2156.4,2,   2255.4,2,       6.53,2,        0.45,2,      117,2, -0.444456064
  18RD19990827,   401, 33,      3,2,19990908, 76.3057, -70.2238,  290,    302.7,  -0.3990,  34.1970,2,   2155.9,2,   2267.4,2,       4.76,2,        0.62,2,      142,2, -0.409197607
  18RD19990827,   401, 33,      2,2,19990908, 76.3057, -70.2238,  290,    403.1,  -0.3300,  34.3102,2,   2160.2,2,   2272.4,2,       5.44,2,        0.62,2,       96,2, -0.344276423
  18RD19990827,   401, 33,      1,2,19990908, 76.3057, -70.2238,  290,    435.6,  -0.3130,  34.3237,2,   -999.0,9,   -999.0,9,       9.89,2,        0.98,2,     -999,9, -0.328631429
  18RD19990827,   602, 34,     18,2,19990911, 78.3437, -74.7155,  528,      1.3,  -1.5200,  30.3320,2,   1935.8,2,   2101.0,2,      24.81,2,        3.42,2,      142,2,  -1.52001763
  18RD19990827,   602, 34,     14,2,19990911, 78.3437, -74.7155,  528,      2.8,  -1.5325,  30.3630,2,   1945.8,2,   2101.8,2,      24.22,2,        3.57,2,      142,2,  -1.53253786
  18RD19990827,   602, 34,     12,2,19990911, 78.3437, -74.7155,  528,      5.6,  -1.5425,  30.3935,2,   1939.0,2,   2106.7,2,      38.25,2,        4.59,2,      131,2,  -1.54257572
  18RD19990827,   602, 34,     10,2,19990911, 78.3437, -74.7155,  528,      6.8,  -1.4790,  30.2639,2,   -999.0,9,   -999.0,9,      23.13,2,        2.81,2,     -999,9,  -1.47909416
  18RD19990827,   602, 34,      7,2,19990911, 78.3437, -74.7155,  528,     10.2,  -1.5505,  30.4291,2,   1950.4,2,   2115.6,2,      20.81,2,        3.08,2,      115,2,  -1.55063837
  18RD19990827,   602, 34,      3,2,19990911, 78.3437, -74.7155,  528,     19.9,  -1.6100,  30.5762,2,   1964.4,2,   2108.1,2,       -999,9,        -999,9,      162,2,  -1.61026708
  18RD19990827,   602, 34,      6,2,19990911, 78.3437, -74.7155,  528,     20.0,  -1.6050,  30.5368,2,   -999.0,9,   -999.0,9,      21.76,2,        3.16,2,     -999,9,  -1.60526779
  18RD19990827,   602, 34,      1,2,19990911, 78.3437, -74.7155,  528,     29.7,  -1.5220,  30.8233,2,   1980.4,2,   2127.2,2,      22.18,2,        3.08,2,      141,2,  -1.52243921
  18RD19990827,   602, 35,      9,2,19990911, 78.3437, -74.7155,  528,     49.8,  -1.5390,  31.1291,2,   2022.9,2,   2150.4,2,      21.21,2,        2.95,2,      137,2,  -1.53976877
  18RD19990827,   602, 35,      7,2,19990911, 78.3437, -74.7155,  528,    100.7,  -1.2820,  32.7071,2,   2134.1,2,   2201.0,2,       15.8,2,        2.42,2,      115,2,   -1.2841433
  18RD19990827,   602, 35,      4,2,19990911, 78.3437, -74.7155,  528,    202.2,  -0.7620,  33.9098,2,   2164.7,2,   2260.8,2,       5.07,2,        0.95,2,       90,2, -0.767882993
  18RD19990827,   602, 35,      3,2,19990911, 78.3437, -74.7155,  528,    303.0,  -0.5565,  34.1244,2,   2152.8,2,   2269.9,2,       5.76,2,        0.51,2,      108,2, -0.566260632
  18RD19990827,   602, 35,      2,2,19990911, 78.3437, -74.7155,  528,    403.0,  -0.5355,  34.1574,2,   2152.0,2,   2260.3,2,       6.54,2,        1.06,2,      115,2, -0.548955214
  18RD19990827,   602, 35,      1,2,19990911, 78.3437, -74.7155,  528,    425.4,  -0.5270,  34.1639,2,   -999.0,9,   -999.0,9,       5.26,2,        0.62,2,     -999,9, -0.541327603
  18RD19990827,     4, 37,     13,2,19990912, 78.3737, -73.8203,  576,      2.0,  -1.6940,  30.9664,2,   2002.3,2,   2148.3,2,       -999,9,        -999,9,      165,2,  -1.69402651
  18RD19990827,     4, 37,     12,2,19990912, 78.3737, -73.8203,  576,      5.2,  -1.6795,  30.9824,2,   2000.2,2,   2150.2,2,       -999,9,        -999,9,      186,2,  -1.67956993
  18RD19990827,     4, 37,     10,2,19990912, 78.3737, -73.8203,  576,      9.8,  -1.6825,  30.9718,2,   2003.5,2,   2143.5,2,       -999,9,        -999,9,      103,2,  -1.68263178
  18RD19990827,     4, 37,      8,2,19990912, 78.3737, -73.8203,  576,     25.6,  -1.6335,  31.2123,2,   2006.4,2,   2146.6,2,       -999,9,        -999,9,      121,2,  -1.63387161
  18RD19990827,     4, 37,      7,2,19990912, 78.3737, -73.8203,  576,     50.5,  -1.3830,  32.4218,2,   2116.8,2,   2204.5,2,       -999,9,        -999,9,      123,2,  -1.38397704
  18RD19990827,     4, 37,      6,2,19990912, 78.3737, -73.8203,  576,    101.3,  -1.2450,  33.1857,2,   2156.4,2,   2234.8,2,       -999,9,        -999,9,      123,2,  -1.24728352
  18RD19990827,     4, 37,      5,2,19990912, 78.3737, -73.8203,  576,    202.4,  -0.7370,  33.9722,2,   2169.0,2,   2257.0,2,       -999,9,        -999,9,      114,2, -0.742956843
  18RD19990827,     4, 37,      4,2,19990912, 78.3737, -73.8203,  576,    301.6,  -0.5385,  34.1561,2,   2167.3,2,   2148.3,4,       -999,9,        -999,9,      129,2, -0.548275991
  18RD19990827,     4, 37,      3,2,19990912, 78.3737, -73.8203,  576,    403.6,  -0.4005,  34.2797,2,   2166.6,2,   2287.5,2,       -999,9,        -999,9,      102,2, -0.414532241
  18RD19990827,     4, 37,      2,2,19990912, 78.3737, -73.8203,  576,    504.8,  -0.3615,  34.3143,2,   2163.4,2,   2243.4,2,       -999,9,        -999,9,       83,2, -0.379720691
  18RD19990827,     6, 39,     15,2,19990913, 78.3363, -73.3387,  457,      1.7,  -1.1230,  32.0236,2,   2038.9,2,   2183.1,2,       23.3,2,        3.52,2,      112,2,  -1.12303465
  18RD19990827,     6, 39,     12,2,19990913, 78.3363, -73.3387,  457,      3.5,  -1.0440,  32.1126,2,   2046.9,2,   2179.1,2,      21.47,2,        3.55,2,      159,2,  -1.04407443
  18RD19990827,     6, 39,     10,2,19990913, 78.3363, -73.3387,  457,      4.4,  -1.0300,  32.1410,2,   2041.6,2,   2188.7,2,      22.55,2,        3.11,2,      115,2,   -1.0300944
  18RD19990827,     6, 39,      8,2,19990913, 78.3363, -73.3387,  457,      6.6,  -1.0425,  32.1233,2,   -999.0,9,   -999.0,9,      23.87,2,        3.03,2,     -999,9,  -1.04264079
  18RD19990827,     6, 39,      6,2,19990913, 78.3363, -73.3387,  457,     10.3,  -1.0365,  32.1309,2,   2043.9,2,   2182.6,2,      46.75,2,        6.92,2,      141,2,  -1.03672078
  18RD19990827,     6, 39,      3,2,19990913, 78.3363, -73.3387,  457,     20.1,  -1.0855,  32.0567,2,   2048.4,2,   2178.3,2,       -999,9,        -999,9,      133,2,  -1.08592123
  18RD19990827,     6, 39,      1,2,19990913, 78.3363, -73.3387,  457,     29.9,  -0.6900,  32.7171,2,   2089.6,2,   2214.7,2,      12.98,2,         1.9,2,      136,2, -0.690771011
  18RD19990827,     6, 40,     13,2,19990913, 78.3363, -73.3387,  457,     50.7,  -0.8140,  32.3968,2,   2070.4,2,   2207.4,2,      19.27,2,        2.48,2,       87,2, -0.815231512
  18RD19990827,     6, 40,     10,2,19990913, 78.3363, -73.3387,  457,    101.8,  -1.0890,  33.4069,2,   2152.3,2,   2256.4,2,       7.65,2,         1.2,2,       74,2,  -1.09147738
  18RD19990827,     6, 40,      5,2,19990913, 78.3363, -73.3387,  457,    201.8,  -0.1570,  33.9886,2,   2161.6,2,   2247.1,2,       4.04,2,        0.35,2,      105,2, -0.163945565
  18RD19990827,     6, 40,      4,2,19990913, 78.3363, -73.3387,  457,    302.7,  -0.3095,  34.2101,2,   2158.1,2,   2263.5,2,       6.14,2,        0.61,2,       83,2, -0.319935232
  18RD19990827,     6, 40,      3,2,19990913, 78.3363, -73.3387,  457,    403.9,  -0.3335,  34.2297,2,   2167.2,2,   2285.2,2,       -999,9,        -999,9,       85,2, -0.347734622
  18RD19990827,     6, 40,      1,2,19990913, 78.3363, -73.3387,  457,    507.4,  -0.3870,  34.2774,2,   -999.0,9,   -999.0,9,       3.78,2,        0.29,2,     -999,9, -0.405182615
  18RD19990827,    43, 41,     17,2,19990917, 76.3722, -77.8285,  205,      2.3,  -1.3800,  30.3265,2,   1934.5,2,   2105.5,2,      24.61,2,        2.97,2,     -999,9,  -1.38003406
  18RD19990827,    43, 41,     16,2,19990917, 76.3722, -77.8285,  205,      5.3,  -1.3570,  30.3082,2,   1940.4,2,   2104.7,2,      20.67,2,        2.14,2,     -999,9,  -1.35707954
  18RD19990827,    43, 41,     14,2,19990917, 76.3722, -77.8285,  205,     10.0,  -1.3945,  30.3191,2,   1937.6,2,   2102.7,2,      24.22,2,         2.8,2,     -999,9,  -1.39464741
  18RD19990827,    43, 41,      8,2,19990917, 76.3722, -77.8285,  205,     25.5,  -1.3220,  30.5422,2,   1958.6,2,   2121.6,2,      24.15,2,        2.66,2,     -999,9,  -1.32240741
  18RD19990827,    43, 41,      7,2,19990917, 76.3722, -77.8285,  205,     50.0,  -0.8435,  31.3571,2,   2034.7,2,   2167.2,2,       10.5,2,        1.36,2,     -999,9, -0.844601185
  18RD19990827,    43, 41,      6,2,19990917, 76.3722, -77.8285,  205,     75.4,  -0.7960,  32.0788,2,   2080.2,2,   2196.7,2,      14.07,2,        1.68,2,     -999,9, -0.797815235
  18RD19990827,    43, 41,      5,2,19990917, 76.3722, -77.8285,  205,    101.2,  -1.0060,  32.5372,2,   2115.0,2,   2223.7,2,       7.92,2,        1.68,2,     -999,9,  -1.00836547
  18RD19990827,    43, 41,      4,2,19990917, 76.3722, -77.8285,  205,    151.8,  -1.0955,  33.1111,2,   2142.9,2,   2241.7,2,      20.25,2,        1.25,2,     -999,9,  -1.09917243
  18RD19990827,    43, 41,      3,2,19990917, 76.3722, -77.8285,  205,    187.1,  -0.7855,  33.6831,2,   2159.9,2,   2243.6,2,       9.99,2,        0.59,2,     -999,9, -0.790797795
  18RD19990827,    43, 41,      1,2,19990917, 76.3722, -77.8285,  205,    192.4,  -0.7040,  33.7308,2,   2163.6,2,   2235.3,2,       9.71,2,        1.33,2,     -999,9, -0.709610136
  18RD19990827,    45, 44,     17,2,19990918, 76.3525, -77.0553,  304,      2.5,  -1.3530,  29.9988,2,   1926.3,2,   2076.0,2,      13.76,2,        1.61,2,     -999,9,  -1.35303603
  18RD19990827,    45, 44,     14,2,19990918, 76.3525, -77.0553,  304,      3.9,  -1.3855,  30.0212,2,   1939.5,2,   2081.9,2,      15.01,2,        1.23,2,     -999,9,   -1.3855553
  18RD19990827,    45, 44,     12,2,19990918, 76.3525, -77.0553,  304,      7.3,  -1.3665,  30.0395,2,   1933.6,2,   2089.9,2,      19.16,2,        1.78,2,     -999,9,  -1.36660525
  18RD19990827,    45, 44,     10,2,19990918, 76.3525, -77.0553,  304,     10.1,  -1.3165,  30.0839,2,   1924.9,2,   2089.0,2,      13.97,2,        1.58,2,     -999,9,  -1.31665128
  18RD19990827,    45, 44,      8,2,19990918, 76.3525, -77.0553,  304,     14.0,  -1.2445,  30.2082,2,   1951.5,2,   2097.7,2,      17.41,2,        2.43,2,     -999,9,  -1.24472261
  18RD19990827,    45, 43,      4,2,19990918, 76.3525, -77.0553,  304,     29.2,  -1.2500,  30.8151,2,   1976.5,2,   2129.4,2,      15.72,2,        1.83,2,     -999,9,  -1.25050177
  18RD19990827,    45, 43,      1,2,19990918, 76.3525, -77.0553,  304,     45.1,  -1.2335,  31.3673,2,   2021.3,2,   2161.0,2,      16.16,2,        1.75,2,     -999,9,   -1.2343371
  18RD19990827,    45, 45,     15,2,19990918, 76.3525, -77.0553,  304,    101.2,  -1.2495,  32.8748,2,   2144.7,2,   2231.4,2,        5.4,2,        0.43,2,     -999,9,  -1.25171617
  18RD19990827,    45, 45,     13,2,19990918, 76.3525, -77.0553,  304,    152.0,  -1.0885,  33.4328,2,   2158.8,2,   2232.1,2,       3.72,2,         0.7,2,     -999,9,  -1.09228116
  18RD19990827,    45, 45,      5,2,19990918, 76.3525, -77.0553,  304,    201.6,  -0.6095,  33.7492,2,   2171.6,2,   2236.1,2,        4.6,2,        0.86,2,     -999,9, -0.615566774
  18RD19990827,    45, 45,      1,2,19990918, 76.3525, -77.0553,  304,    293.1,  -0.4275,  34.0100,2,   2181.3,2,   2268.0,2,       6.87,2,        0.38,2,     -999,9, -0.437173258
  18RD19990827,    47, 47,     15,2,19990918, 76.3122, -75.9265,  342,      0.9,  -1.5640,  30.1160,2,   1948.4,2,   2091.6,2,      16.88,2,        2.45,2,     -999,9,  -1.56401146
  18RD19990827,    47, 47,     12,2,19990918, 76.3122, -75.9265,  342,      9.9,  -1.4800,  30.2999,2,   1985.6,2,   2114.0,2,      17.52,2,        2.74,2,     -999,9,    -1.480138
  18RD19990827,    47, 47,     10,2,19990918, 76.3122, -75.9265,  342,     25.3,  -0.9820,  31.4973,2,   2036.4,2,   2160.2,2,      14.28,2,        2.25,2,     -999,9, -0.982527133
  18RD19990827,    47, 47,      5,2,19990918, 76.3122, -75.9265,  342,     51.0,  -0.6880,  32.2012,2,   2101.9,2,   2205.6,2,       6.03,2,        0.67,2,     -999,9,  -0.68927584
  18RD19990827,    47, 47,      4,2,19990918, 76.3122, -75.9265,  342,    101.9,  -0.8085,  33.2239,2,   2114.0,2,   2211.5,2,       8.51,2,        0.93,2,     -999,9, -0.811192353
  18RD19990827,    47, 47,      3,2,19990918, 76.3122, -75.9265,  342,    201.8,  -0.2845,  33.0839,2,   2161.6,2,   2242.6,2,       6.12,2,        0.38,2,     -999,9, -0.290880804
  18RD19990827,    47, 47,      2,2,19990918, 76.3122, -75.9265,  342,    303.1,  -0.4060,  34.1979,2,   2171.0,2,   2255.1,2,       7.21,2,        0.79,2,     -999,9, -0.416194688
  18RD19990827,    47, 47,      1,2,19990918, 76.3122, -75.9265,  342,    316.2,  -0.3555,  34.2242,2,   2174.2,2,   2265.0,2,       9.87,2,        1.98,2,     -999,9, -0.366325127
  18RD19990827,    50, 49,     21,2,19990919, 76.2797, -74.3898,  465,      1.6,   1.0970,  32.0213,2,   1982.4,2,   2152.1,2,       13.6,2,         1.9,2,     -999,9,   1.09693666
  18RD19990827,    50, 49,     20,2,19990919, 76.2797, -74.3898,  465,      5.2,   1.0770,  32.0182,2,   1990.4,2,   2161.3,2,      17.67,2,        2.94,2,     -999,9,   1.07679489
  18RD19990827,    50, 49,     19,2,19990919, 76.2797, -74.3898,  465,      9.8,   1.0475,  32.0229,2,   1991.8,2,   2162.9,2,      14.66,2,         2.1,2,     -999,9,   1.04711541
  18RD19990827,    50, 49,     12,2,19990919, 76.2797, -74.3898,  465,     25.9,  -0.1365,  32.9246,2,   2147.9,2,   2216.4,2,      20.17,2,        2.74,2,     -999,9, -0.137301351
  18RD19990827,    50, 49,     10,2,19990919, 76.2797, -74.3898,  465,     50.8,  -0.6085,  33.2786,2,   2113.5,2,   2238.0,2,       8.58,2,        1.11,2,     -999,9, -0.609910781
  18RD19990827,    50, 49,      8,2,19990919, 76.2797, -74.3898,  465,    100.8,  -0.9210,  33.5510,2,   2143.8,2,   2243.9,2,       6.56,2,        1.19,2,     -999,9, -0.923627261
  18RD19990827,    50, 49,      6,2,19990919, 76.2797, -74.3898,  465,    201.8,  -0.1355,  34.0377,2,   2167.8,2,   2260.0,2,       4.12,2,        1.06,2,     -999,9, -0.142501189
  18RD19990827,    50, 49,      5,2,19990919, 76.2797, -74.3898,  465,    302.4,  -0.4510,  34.2047,2,   2162.5,2,   2273.6,2,       4.17,2,        0.59,2,     -999,9,  -0.46105733
  18RD19990827,    50, 49,      4,2,19990919, 76.2797, -74.3898,  465,    403.7,  -0.3925,  34.2920,2,   2160.1,2,   2273.7,2,       5.61,2,        0.87,2,     -999,9, -0.406572767
  18RD19990827,    50, 49,      1,2,19990919, 76.2797, -74.3898,  465,    440.2,  -0.3525,  34.3200,2,   2162.0,2,   2273.2,2,          9,2,        1.27,2,     -999,9, -0.368165383
  18RD19990827,    52, 51,     14,2,19990919, 76.2823, -73.0390,  570,      1.6,   0.4045,  32.2816,2,   1999.6,2,   2175.8,2,      22.78,2,        3.45,2,     -999,9,  0.404445351
  18RD19990827,    52, 51,     13,2,19990919, 76.2823, -73.0390,  570,      5.5,   0.4065,  32.2851,2,   1999.4,2,   2178.7,2,      25.23,2,        3.75,2,     -999,9,  0.406311816
  18RD19990827,    52, 51,     12,2,19990919, 76.2823, -73.0390,  570,     11.0,   0.4030,  32.2843,2,   2001.7,2,   2178.1,2,      25.49,2,        4.21,2,     -999,9,  0.402623421
  18RD19990827,    52, 51,      6,2,19990919, 76.2823, -73.0390,  570,     24.6,   0.4240,  32.3989,2,   2010.7,2,   2182.2,2,       17.9,2,        2.99,2,     -999,9,   0.42314503
  18RD19990827,    52, 51,      5,2,19990919, 76.2823, -73.0390,  570,     50.4,  -0.9930,  33.2474,2,   2109.0,2,   2228.4,2,       6.71,2,         1.3,2,     -999,9, -0.994228037
  18RD19990827,    52, 51,      4,2,19990919, 76.2823, -73.0390,  570,    100.8,  -0.8925,  33.5572,2,   2137.0,2,   2237.0,2,       9.31,2,        1.29,2,     -999,9, -0.895153382
  18RD19990827,    52, 51,      3,2,19990919, 76.2823, -73.0390,  570,    201.3,  -0.0805,  33.9875,2,   2161.6,2,   2257.6,2,       5.41,2,        0.71,2,     -999,9,-0.0875580512
  18RD19990827,    52, 51,      2,2,19990919, 76.2823, -73.0390,  570,    301.1,   0.1700,  34.2148,2,   2168.8,2,   2278.4,2,       6.65,2,        0.76,2,     -999,9,   0.15840077
  18RD19990827,    52, 51,      1,2,19990919, 76.2823, -73.0390,  570,    543.2,  -0.3485,  34.3382,2,   2160.4,2,   2268.7,2,       5.13,2,        0.95,2,     -999,9, -0.368381926
  18RD19990827,    54, 53,     24,2,19990919, 76.2937, -71.9243,  589,      1.3,   0.2750,  32.0405,2,   -999.0,9,   -999.0,9,       20.9,2,        3.01,2,     -999,9,  0.274957638
  18RD19990827,    54, 53,     18,2,19990919, 76.2937, -71.9243,  589,      3.5,   0.2855,  32.0231,2,   2042.5,2,   2184.1,2,      23.79,2,         2.9,2,     -999,9,  0.285385675
  18RD19990827,    54, 53,     16,2,19990919, 76.2937, -71.9243,  589,      6.1,   0.3275,  32.0365,2,   2010.7,2,   2161.6,2,      27.64,2,        5.05,2,     -999,9,  0.327298241
  18RD19990827,    54, 53,     14,2,19990919, 76.2937, -71.9243,  589,      8.1,   0.3140,  32.0651,2,   2033.6,2,   2185.8,2,      20.31,2,         2.9,2,     -999,9,  0.313732446
  18RD19990827,    54, 53,     12,2,19990919, 76.2937, -71.9243,  589,     11.1,   0.4310,  32.0937,2,   2009.0,2,   2177.3,2,      20.15,2,        3.08,2,     -999,9,  0.430621285
  18RD19990827,    54, 53,      3,2,19990919, 76.2937, -71.9243,  589,     23.4,   0.5960,  32.2375,2,   2017.3,2,   2188.4,2,      18.91,2,         2.7,2,     -999,9,  0.595159599
  18RD19990827,    54, 53,      1,2,19990919, 76.2937, -71.9243,  589,     33.4,  -0.5655,  33.1304,2,   2074.8,2,   2219.2,2,      11.26,2,         2.1,2,     -999,9, -0.566424984
  18RD19990827,    54, 54,     16,2,19990919, 76.2937, -71.9243,  589,    102.6,  -0.7255,  33.6151,2,   2152.9,2,   2254.9,2,      15.96,2,         1.5,2,     -999,9, -0.728362303
  18RD19990827,    54, 54,     12,2,19990919, 76.2937, -71.9243,  589,    202.6,  -0.2385,  34.0070,2,   2171.7,2,   2259.1,2,       -999,9,        -999,9,     -999,9, -0.245340968
  18RD19990827,    54, 54,     10,2,19990919, 76.2937, -71.9243,  589,    304.1,  -0.1645,  34.2119,2,   2171.2,2,   2274.9,2,       4.83,2,        0.96,2,     -999,9, -0.175362306
  18RD19990827,    54, 54,      8,2,19990919, 76.2937, -71.9243,  589,    404.6,  -0.1970,  34.2853,2,   2171.6,2,   2273.3,2,      21.74,2,        1.93,2,     -999,9, -0.211770438
  18RD19990827,    54, 54,      6,2,19990919, 76.2937, -71.9243,  589,    504.8,  -0.2915,  34.3343,2,   2165.4,2,   2270.5,2,       -999,9,        -999,9,     -999,9, -0.310036837
  18RD19990827,    54, 54,      1,2,19990919, 76.2937, -71.9243,  589,    556.1,  -0.3075,  34.3418,2,   2165.4,2,   2261.9,2,      15.15,2,        1.47,2,     -999,9, -0.328114925
  18RD19990827,    56, 56,     16,2,19990919, 76.3037, -70.9083,  662,      1.2,   0.4070,  32.6636,2,   -999.0,9,   -999.0,9,      24.81,2,        2.33,2,     -999,9,  0.406958132
  18RD19990827,    56, 56,     15,2,19990919, 76.3037, -70.9083,  662,      5.6,   0.2655,  32.6664,2,   -999.0,9,   -999.0,9,      22.42,2,        2.56,2,     -999,9,  0.265311157
  18RD19990827,    56, 56,     14,2,19990919, 76.3037, -70.9083,  662,     10.4,   0.2540,  32.6706,2,   2006.8,2,   2167.4,2,      24.39,2,        2.45,2,      169,2,  0.253649774
  18RD19990827,    56, 56,      8,2,19990919, 76.3037, -70.9083,  662,     24.8,  -0.0465,  32.8442,2,   2030.1,2,   2208.7,2,      24.47,2,        3.08,2,      181,2,-0.0472825177
  18RD19990827,    56, 56,      7,2,19990919, 76.3037, -70.9083,  662,     50.7,  -0.8850,  33.3490,2,   2098.1,2,   2218.8,2,      10.21,2,         1.4,2,      162,2, -0.886293119
  18RD19990827,    56, 56,      6,2,19990919, 76.3037, -70.9083,  662,    100.3,  -0.2470,  33.5893,2,   2128.2,2,   2231.0,2,       5.54,2,        0.29,2,      176,2, -0.250204417
  18RD19990827,    56, 56,      5,2,19990919, 76.3037, -70.9083,  662,    201.5,   1.0575,  33.9904,2,   2161.4,2,   2249.6,2,       4.33,2,        0.41,2,      147,2,   1.04850077
  18RD19990827,    56, 56,      4,2,19990919, 76.3037, -70.9083,  662,    302.4,   0.5265,  34.1881,2,   2172.3,2,   2268.2,2,       5.55,2,        0.23,2,      127,2,  0.513956448
  18RD19990827,    56, 56,      3,2,19990919, 76.3037, -70.9083,  662,    402.8,   0.3615,  34.3264,2,   2170.3,2,   2275.6,2,       5.73,2,        0.34,2,      180,2,  0.344882432
  18RD19990827,    56, 56,      2,2,19990919, 76.3037, -70.9083,  662,    503.6,   0.6705,  34.4043,2,   2180.4,2,   2281.6,2,       6.22,2,         0.4,2,      111,2,  0.647906067
  18RD19990827,    56, 56,      1,2,19990919, 76.3037, -70.9083,  662,    641.6,   0.8510,  34.4449,2,   2187.7,2,   2280.6,2,       7.89,2,        0.96,2,      130,2,  0.820437938
  18RD19990827,    58, 58,     16,2,19990920, 76.3030, -70.2267,  287,      1.6,   0.4765,  31.1356,2,   1907.4,2,   2068.0,2,      20.38,2,        2.48,2,     -999,9,  0.476447797
  18RD19990827,    58, 58,     15,2,19990920, 76.3030, -70.2267,  287,      4.9,   0.4865,  31.1353,2,   -999.0,9,   -999.0,9,      11.28,2,        1.42,2,     -999,9,  0.486339558
  18RD19990827,    58, 58,     13,2,19990920, 76.3030, -70.2267,  287,      9.8,   0.4960,  31.1489,2,   1913.5,2,   2075.5,2,       7.08,2,        1.23,2,     -999,9,  0.495677619
  18RD19990827,    58, 58,      6,2,19990920, 76.3030, -70.2267,  287,     25.5,   0.6000,  32.0278,2,   1963.7,2,   2118.9,2,      15.67,2,        1.94,2,     -999,9,  0.599092794
  18RD19990827,    58, 58,      5,2,19990920, 76.3030, -70.2267,  287,     49.1,   0.0920,  32.7907,2,   2021.1,2,   2177.7,2,      14.02,2,         2.3,2,     -999,9, 0.0903860766
  18RD19990827,    58, 58,      4,2,19990920, 76.3030, -70.2267,  287,     99.8,  -0.8140,  33.3813,2,   2108.0,2,   2212.0,2,        5.9,2,        0.72,2,     -999,9, -0.816660273
  18RD19990827,    58, 58,      2,2,19990920, 76.3030, -70.2267,  287,    201.0,  -0.0770,  33.6380,2,   2131.8,2,   2236.4,2,       7.11,2,        1.38,2,     -999,9,-0.0839206388
  18RD19990827,    58, 58,      1,2,19990920, 76.3030, -70.2267,  287,    268.6,   0.4780,  33.8183,2,   2150.1,2,   2231.0,2,        3.8,2,        0.32,2,     -999,9,   0.46723353
  18RD19990827,    42, 59,     16,2,19990920, 77.0015, -71.6307,  985,      1.0,   0.3895,  32.1844,2,   1972.5,2,   2140.5,2,      17.01,2,        2.45,2,     -999,9,  0.389466161
  18RD19990827,    42, 59,     15,2,19990920, 77.0015, -71.6307,  985,      5.2,   0.3360,  32.0190,2,   -999.0,9,   -999.0,9,      19.09,2,        2.76,2,     -999,9,  0.335827843
  18RD19990827,    42, 59,     13,2,19990920, 77.0015, -71.6307,  985,     10.3,   0.3755,  32.4517,2,   1993.4,2,   2167.3,2,      19.45,2,         2.7,2,     -999,9,  0.375146647
  18RD19990827,    42, 59,      8,2,19990920, 77.0015, -71.6307,  985,     24.2,  -0.3130,  32.4914,2,   1999.4,2,   2166.9,2,      19.62,2,         2.7,2,     -999,9, -0.313691512
  18RD19990827,    42, 59,      7,2,19990920, 77.0015, -71.6307,  985,     49.7,  -0.2305,  32.9298,2,   2047.5,2,   2181.6,2,      12.85,2,        2.24,2,     -999,9,  -0.23200905
  18RD19990827,    42, 59,      6,2,19990920, 77.0015, -71.6307,  985,    100.2,  -0.4840,  33.4607,2,   2120.8,2,   2258.2,2,       5.15,2,         1.1,2,     -999,9, -0.486972374
  18RD19990827,    42, 59,      5,2,19990920, 77.0015, -71.6307,  985,    202.4,   0.5045,  33.8319,2,   2152.1,2,   2235.7,2,       6.56,2,        0.88,2,     -999,9,  0.496457597
  18RD19990827,    42, 59,      4,2,19990920, 77.0015, -71.6307,  985,    403.6,   0.7005,  34.2956,2,   2180.2,2,   2258.5,2,       5.12,2,        0.66,2,     -999,9,  0.682728967
  18RD19990827,    42, 59,      3,2,19990920, 77.0015, -71.6307,  985,    606.3,   0.7750,  34.3657,2,   2185.3,2,   2260.0,2,       5.06,2,        0.23,2,     -999,9,  0.746771947
  18RD19990827,    42, 59,      2,2,19990920, 77.0015, -71.6307,  985,    806.2,   0.8220,  34.3813,2,   2187.1,2,   2251.8,2,       1.95,2,        0.07,2,     -999,9,  0.782731312
  18RD19990827,    42, 59,      1,2,19990920, 77.0015, -71.6307,  985,    927.8,   0.8115,  34.3880,2,   2188.3,2,   2274.5,2,       3.22,2,        0.21,2,     -999,9,  0.765403621
  18RD19990827,    40, 63,     17,2,19990921, 76.9738, -72.4738,  343,      1.5,  -0.0285,  32.0972,2,   1980.3,2,   2162.8,2,      23.39,2,        2.96,2,     -999,9,-0.0285451125
  18RD19990827,    40, 63,     14,2,19990921, 76.9738, -72.4738,  343,      3.9,  -0.1120,  32.0649,2,   1981.4,2,   2158.4,2,      35.13,2,        3.14,2,     -999,9, -0.112114322
  18RD19990827,    40, 63,     12,2,19990921, 76.9738, -72.4738,  343,      7.6,   0.2975,  32.2536,2,   1992.4,2,   2227.2,3,      24.08,2,        3.61,2,     -999,9,  0.297247383
  18RD19990827,    40, 63,     10,2,19990921, 76.9738, -72.4738,  343,      9.9,   0.2370,  32.2740,2,   2000.1,2,   2163.0,2,      22.81,2,        2.87,2,     -999,9,  0.236675494
  18RD19990827,    40, 63,      8,2,19990921, 76.9738, -72.4738,  343,     14.7,   0.1825,  32.6341,2,   2054.0,2,   2202.2,2,      21.63,2,        2.73,2,     -999,9,  0.182014422
  18RD19990827,    40, 63,      4,2,19990921, 76.9738, -72.4738,  343,     30.3,  -0.1295,  32.8787,2,   2087.8,2,   2214.9,2,      17.66,2,         2.1,2,     -999,9,  -0.13043793
  18RD19990827,    40, 63,      1,2,19990921, 76.9738, -72.4738,  343,     45.1,  -0.7360,  33.2379,2,   2131.8,2,   2240.9,2,      13.02,2,        1.25,2,     -999,9, -0.737196626
  18RD19990827,    40, 62,     10,2,19990921, 76.9738, -72.4738,  343,    100.3,  -0.8375,  33.5694,2,   2147.7,2,   2223.1,3,       7.39,2,        0.73,2,     -999,9, -0.840189909
  18RD19990827,    40, 62,      7,2,19990921, 76.9738, -72.4738,  343,    201.9,   0.0295,  33.9934,2,   2171.3,2,   2264.4,2,       -999,9,        -999,9,     -999,9, 0.0222288472
  18RD19990827,    40, 62,      9,2,19990921, 76.9738, -72.4738,  343,    201.9,   0.0135,  33.9926,2,   -999.0,9,   -999.0,9,       4.29,2,        0.14,2,     -999,9,0.00625657792
  18RD19990827,    40, 62,      6,2,19990921, 76.9738, -72.4738,  343,    302.4,   0.6110,  34.2081,2,   2179.1,2,   2262.6,2,        4.1,2,        0.08,2,     -999,9,  0.598231327
  18RD19990827,    40, 62,      5,2,19990921, 76.9738, -72.4738,  343,    404.2,   0.7125,  34.3092,2,   2185.7,2,   2261.2,2,       3.82,2,         0.3,2,     -999,9,  0.694649978
  18RD19990827,    40, 62,      1,2,19990921, 76.9738, -72.4738,  343,    514.9,   0.7855,  34.3587,2,   2190.5,2,   2260.2,2,        7.5,2,        0.79,2,     -999,9,  0.761901271
  18RD19990827,    38, 65,     15,2,19990921, 77.0032, -73.2095,  343,      1.6,  -1.2750,  31.1520,2,   1967.9,2,   2160.0,2,       20.8,2,         2.8,2,     -999,9,  -1.27502775
  18RD19990827,    38, 65,     12,2,19990921, 77.0032, -73.2095,  343,     10.6,  -0.7165,  31.6621,2,   2006.9,2,   2164.8,2,      18.95,2,         3.1,2,     -999,9, -0.716747416
  18RD19990827,    38, 65,      6,2,19990921, 77.0032, -73.2095,  343,     24.7,  -0.8000,  32.3244,2,   2084.8,2,   2211.9,2,       8.55,2,        1.01,2,     -999,9, -0.800593329
  18RD19990827,    38, 65,      5,2,19990921, 77.0032, -73.2095,  343,     50.3,  -0.9080,  32.9720,2,   -999.0,9,   -999.0,9,       6.11,2,        0.93,2,     -999,9, -0.909236089
  18RD19990827,    38, 65,      4,2,19990921, 77.0032, -73.2095,  343,    101.0,  -1.0335,  33.5635,2,   2153.6,2,   2263.8,2,       8.35,2,         1.1,2,     -999,9,  -1.03603643
  18RD19990827,    38, 65,      3,2,19990921, 77.0032, -73.2095,  343,    202.2,   0.1675,  34.0302,2,   2162.6,2,   2265.9,2,       5.68,2,        0.61,2,     -999,9,  0.159966928
  18RD19990827,    38, 65,      1,2,19990921, 77.0032, -73.2095,  343,    324.6,   0.7185,  34.2957,2,   2258.1,3,   2294.1,2,       8.62,2,        0.74,2,     -999,9,  0.704385877
  18RD19990827,    36, 67,     18,2,19990922, 76.9818, -74.4113,  583,      4.6,  -0.5895,  31.5221,2,   -999.0,9,   -999.0,9,      21.56,2,        2.95,2,     -999,9, -0.589610981
  18RD19990827,    36, 67,     17,2,19990922, 76.9818, -74.4113,  583,      9.9,   0.4035,  31.9176,2,   -999.0,9,   -999.0,9,      30.33,2,        3.42,2,     -999,9,  0.403167945
  18RD19990827,    36, 67,     14,2,19990922, 76.9818, -74.4113,  583,     25.7,   0.4440,  32.3356,2,   2004.3,2,   2175.0,2,      18.18,2,        2.46,2,     -999,9,  0.443105182
  18RD19990827,    36, 67,     12,2,19990922, 76.9818, -74.4113,  583,     50.4,  -0.4335,  33.0337,2,   2053.8,2,   2219.1,2,         12,2,         1.2,2,     -999,9, -0.434952231
  18RD19990827,    36, 67,      9,2,19990922, 76.9818, -74.4113,  583,    100.9,  -0.8175,  33.4967,2,   2134.8,2,   2248.3,2,       9.99,2,        1.33,2,     -999,9, -0.820209968
  18RD19990827,    36, 67,      7,2,19990922, 76.9818, -74.4113,  583,    201.8,   0.4825,  34.0233,2,   2164.2,2,   2266.6,2,        6.1,2,        0.69,2,     -999,9,  0.474448133
  18RD19990827,    36, 67,      6,2,19990922, 76.9818, -74.4113,  583,    304.6,  -0.2825,  34.1787,2,   2164.9,2,   2267.5,2,       9.71,2,        1.08,2,     -999,9, -0.293057847
  18RD19990827,    36, 67,      5,2,19990922, 76.9818, -74.4113,  583,    404.6,  -0.4340,  34.2807,2,   2155.6,2,   2286.7,2,      15.98,2,        1.69,2,     -999,9, -0.447956816
  18RD19990827,    36, 67,      4,2,19990922, 76.9818, -74.4113,  583,    504.6,  -0.3515,  34.3499,2,   -999.0,9,   -999.0,9,       8.56,2,        1.02,2,     -999,9, -0.369788704
  18RD19990827,    36, 67,      1,2,19990922, 76.9818, -74.4113,  583,    554.4,  -0.3365,  34.3661,2,   2162.9,2,   2296.8,2,         10,2,        0.76,2,     -999,9, -0.356933581
  18RD19990827,    34, 69,     18,2,19990922, 76.9995, -75.6600,  513,      1.3,  -1.5325,  29.6760,2,   1906.2,2,   2071.7,2,       5.94,2,         0.5,2,     -999,9,  -1.53251581
  18RD19990827,    34, 69,     17,2,19990922, 76.9995, -75.6600,  513,      4.7,  -1.3440,  29.7389,2,   -999.0,9,   -999.0,9,       6.38,2,        0.99,2,     -999,9,  -1.34406583
  18RD19990827,    34, 69,     15,2,19990922, 76.9995, -75.6600,  513,     10.0,  -1.4395,  29.8477,2,   1908.1,2,   2080.0,2,       -999,9,        -999,9,     -999,9,  -1.43963419
  18RD19990827,    34, 69,     13,2,19990922, 76.9995, -75.6600,  513,     25.0,  -1.0865,  30.5985,2,   -999.0,9,   -999.0,9,       7.67,2,        1.55,2,     -999,9,  -1.08695426
  18RD19990827,    34, 69,     14,2,19990922, 76.9995, -75.6600,  513,     25.0,  -1.1040,  30.5799,2,   1969.5,2,   2130.5,2,       -999,9,        -999,9,     -999,9,  -1.10444948
  18RD19990827,    34, 69,     11,2,19990922, 76.9995, -75.6600,  513,     49.9,  -0.8865,  31.1477,2,   2029.0,2,   2167.8,2,       6.25,2,        1.13,2,     -999,9, -0.887559953
  18RD19990827,    34, 69,      9,2,19990922, 76.9995, -75.6600,  513,    100.6,  -0.7375,  32.6106,2,   2110.0,2,   2215.6,2,       3.67,2,        0.66,2,     -999,9, -0.740100343
  18RD19990827,    34, 69,      7,2,19990922, 76.9995, -75.6600,  513,    201.1,  -0.9615,  33.6706,2,   2160.3,2,   2254.5,2,        4.4,2,        0.83,2,     -999,9, -0.966910886
  18RD19990827,    34, 69,      6,2,19990922, 76.9995, -75.6600,  513,    300.0,  -0.5660,  34.1383,2,   2165.9,2,   2266.9,2,       -999,9,        -999,9,     -999,9,  -0.57563918
  18RD19990827,    34, 69,      5,2,19990922, 76.9995, -75.6600,  513,    401.4,  -0.4480,  34.2649,2,   2161.4,2,   2275.8,2,       2.63,2,        0.32,2,     -999,9, -0.461774994
  18RD19990827,    34, 69,      1,2,19990922, 76.9995, -75.6600,  513,    488.7,  -0.3580,  34.3493,2,   2161.0,2,   2269.7,2,       3.73,2,        0.51,2,     -999,9, -0.375613733
  18RD19990827,    32, 71,     16,2,19990922, 77.0043, -76.7652,  195,      1.5,  -1.5155,  29.8470,2,   -999.0,9,   -999.0,9,      11.63,2,        0.96,2,     -999,9,  -1.51551898
  18RD19990827,    32, 71,     17,2,19990922, 77.0043, -76.7652,  195,      1.5,  -1.5205,  29.8493,2,   1915.4,2,   2078.7,2,       -999,9,        -999,9,     -999,9,  -1.52051892
  18RD19990827,    32, 71,     13,2,19990922, 77.0043, -76.7652,  195,      6.4,  -1.5310,  29.8461,2,   -999.0,9,   -999.0,9,      16.13,2,         1.8,2,     -999,9,  -1.53108039
  18RD19990827,    32, 71,     15,2,19990922, 77.0043, -76.7652,  195,      6.4,  -1.5530,  29.8273,2,   1917.0,2,   2071.3,2,       -999,9,        -999,9,     -999,9,  -1.55307889
  18RD19990827,    32, 71,     11,2,19990922, 77.0043, -76.7652,  195,     11.6,  -1.5355,  29.8600,2,   -999.0,9,   -999.0,9,      29.23,2,        3.28,2,     -999,9,  -1.53564616
  18RD19990827,    32, 71,     12,2,19990922, 77.0043, -76.7652,  195,     11.6,  -1.5305,  29.8686,2,   1915.8,2,   2077.4,2,       -999,9,        -999,9,     -999,9,  -1.53064688
  18RD19990827,    32, 71,      9,2,19990922, 77.0043, -76.7652,  195,     15.6,  -1.5210,  29.8731,2,   -999.0,9,   -999.0,9,      13.88,2,        1.53,2,     -999,9,  -1.52119962
  18RD19990827,    32, 71,     10,2,19990922, 77.0043, -76.7652,  195,     15.6,  -1.5210,  29.8649,2,   1917.3,2,   2075.3,2,       -999,9,        -999,9,     -999,9,  -1.52119937
  18RD19990827,    32, 71,      8,2,19990922, 77.0043, -76.7652,  195,     21.2,  -1.3920,  30.1755,2,   1939.3,2,   2097.4,2,       -999,9,        -999,9,     -999,9,  -1.39230943
  18RD19990827,    32, 71,      7,2,19990922, 77.0043, -76.7652,  195,     21.4,  -1.4065,  30.1969,2,   -999.0,9,   -999.0,9,      17.43,2,        1.88,2,     -999,9,  -1.40681052
  18RD19990827,    32, 71,      3,2,19990922, 77.0043, -76.7652,  195,     43.9,  -0.8845,  31.1088,2,   -999.0,9,   -999.0,9,      14.85,2,        1.94,2,     -999,9, -0.885427406
  18RD19990827,    32, 71,      5,2,19990922, 77.0043, -76.7652,  195,     44.0,  -0.8795,  31.1251,2,   1891.4,3,   2160.4,2,       -999,9,        -999,9,     -999,9, -0.880432879
  18RD19990827,    32, 71,      2,2,19990922, 77.0043, -76.7652,  195,     64.7,  -0.8350,  31.7174,2,   2057.3,2,   2180.9,2,       -999,9,        -999,9,     -999,9, -0.836483891
  18RD19990827,    32, 71,      1,2,19990922, 77.0043, -76.7652,  195,     64.8,  -0.8280,  31.6925,2,   -999.0,9,   -999.0,9,      11.57,2,        1.88,2,     -999,9, -0.829487114
  18RD19990827,    32, 72,     11,2,19990922, 77.0043, -76.7652,  195,     75.6,  -0.8205,  31.9836,2,   2091.8,2,   2204.9,2,      20.37,2,        2.38,2,     -999,9, -0.822290182
  18RD19990827,    32, 72,      9,2,19990922, 77.0043, -76.7652,  195,    100.9,  -0.9080,  32.5978,2,   2128.3,2,   2220.9,2,       9.46,2,        0.71,2,     -999,9, -0.910456196
  18RD19990827,    32, 72,      3,2,19990922, 77.0043, -76.7652,  195,    152.1,  -1.0990,  33.4485,2,   2159.2,2,   2251.0,2,      11.96,2,        1.15,2,     -999,9,  -1.10277453
  18RD19990827,    32, 72,      1,2,19990922, 77.0043, -76.7652,  195,    185.0,  -0.8285,  33.6715,2,   2168.4,2,   2249.2,2,      12.99,2,        1.36,2,     -999,9, -0.833661929
  18RD19990827,    31, 74,     21,2,19990923, 77.0110, -77.2212,  230,      1.7,  -1.5180,  29.7104,2,   1902.1,2,   2064.5,2,       -999,9,        -999,9,       99,2,  -1.51802102
  18RD19990827,    31, 74,     16,2,19990923, 77.0110, -77.2212,  230,      7.1,  -1.5680,  29.7396,2,   -999.0,9,   -999.0,9,       9.27,2,        0.88,2,     -999,9,  -1.56808539
  18RD19990827,    31, 74,     14,2,19990923, 77.0110, -77.2212,  230,     11.1,  -1.4980,  29.9453,2,   1924.3,2,   2075.0,2,       12.4,2,        1.45,2,      105,2,  -1.49814538
  18RD19990827,    31, 74,     12,2,19990923, 77.0110, -77.2212,  230,     14.9,  -1.4765,  29.9650,2,   1922.4,2,   2074.4,2,      14.68,2,        1.13,2,     -999,9,  -1.47669917
  18RD19990827,    31, 74,     10,2,19990923, 77.0110, -77.2212,  230,     21.0,  -1.4390,  30.0722,2,   1929.4,2,   2070.0,2,      16.07,2,           2,2,      102,2,  -1.43929343
  18RD19990827,    31, 74,      7,2,19990923, 77.0110, -77.2212,  230,     42.6,  -1.1070,  31.0891,2,   2005.2,2,   2135.4,2,      12.66,2,        1.42,2,     -999,9,  -1.10781425
  18RD19990827,    31, 74,      6,2,19990923, 77.0110, -77.2212,  230,     63.5,  -0.8305,  31.7470,2,   2073.3,2,   2174.0,2,       -999,9,        -999,9,      264,2, -0.831961747
  18RD19990827,    31, 74,      5,2,19990923, 77.0110, -77.2212,  230,     63.6,  -0.8305,  31.7509,2,   -999.0,9,   -999.0,9,         10,2,        1.22,2,     -999,9, -0.831964588
  18RD19990827,    31, 74,      4,2,19990923, 77.0110, -77.2212,  230,    101.6,  -1.0640,  32.8526,2,   2144.0,2,   2234.0,2,       6.43,2,        0.85,2,      193,2,  -1.06638564
  18RD19990827,    31, 74,      2,2,19990923, 77.0110, -77.2212,  230,    131.0,  -1.0790,  33.4882,2,   2162.0,2,   2253.5,2,       5.99,2,        0.71,2,       95,2,  -1.08225698
  18RD19990827,    31, 74,      1,2,19990923, 77.0110, -77.2212,  230,    214.6,  -0.7300,  33.8327,2,   2176.3,2,   2255.8,2,       5.37,2,        0.25,2,      113,2, -0.736296428
  18RD19990827,    18, 75,     18,2,19990924, 77.8323, -73.1557,  180,      1.8,  -1.6460,  30.6939,2,   1994.2,2,   2124.8,2,       -999,9,        -999,9,     -999,9,  -1.64602366
  18RD19990827,    18, 75,     15,2,19990924, 77.8323, -73.1557,  180,      4.1,  -1.6635,  30.6255,2,   1984.8,2,   2126.1,2,       -999,9,        -999,9,      184,2,  -1.66355281
  18RD19990827,    18, 75,     13,2,19990924, 77.8323, -73.1557,  180,      7.4,  -1.6610,  30.7048,2,   1988.2,2,   2128.8,2,       -999,9,        -999,9,      185,2,  -1.66109687
  18RD19990827,    18, 75,     11,2,19990924, 77.8323, -73.1557,  180,     10.2,  -1.6665,  30.7885,2,   2010.3,2,   2129.5,2,       -999,9,        -999,9,      126,2,  -1.66663499
  18RD19990827,    18, 75,      9,2,19990924, 77.8323, -73.1557,  180,     14.1,  -1.6680,  30.8565,2,   2004.7,2,   2137.4,2,       -999,9,        -999,9,      141,2,  -1.66818886
  18RD19990827,    18, 75,      4,2,19990924, 77.8323, -73.1557,  180,     27.7,  -1.4985,  31.5669,2,   2065.3,2,   2165.6,2,       -999,9,        -999,9,      222,2,  -1.49895514
  18RD19990827,    18, 75,      1,2,19990924, 77.8323, -73.1557,  180,     41.6,  -1.1760,  32.0891,2,   2069.9,2,   2190.5,2,       -999,9,        -999,9,      105,2,  -1.17685008
  18RD19990827,    18, 76,      8,2,19990924, 77.8323, -73.1557,  180,     75.7,  -1.2000,  32.9644,2,   2143.3,2,   2241.5,2,       -999,9,        -999,9,      141,2,   -1.2016848
  18RD19990827,    18, 76,      5,2,19990924, 77.8323, -73.1557,  180,    101.2,  -1.1320,  33.3214,2,   -999.0,9,   -999.0,9,       -999,9,        -999,9,      147,2,  -1.13440755
  18RD19990827,    18, 76,      3,2,19990924, 77.8323, -73.1557,  180,    130.7,  -0.9640,  33.5901,2,   2163.8,2,   2245.2,2,       -999,9,        -999,9,      110,2, -0.967405267
  18RD19990827,    18, 76,      1,2,19990924, 77.8323, -73.1557,  180,    163.3,  -0.4625,  33.7779,2,   2162.4,2,   2232.6,2,       -999,9,        -999,9,      206,2, -0.467570225
  18RD19990827,    20, 78,     15,2,19990924, 77.8358, -72.2458,   40,      2.1,   0.3385,  31.8228,2,   1947.0,2,   2150.5,2,      19.76,2,        1.73,2,     -999,9,  0.338431264
  18RD19990827,    20, 78,     14,2,19990924, 77.8358, -72.2458,   40,      5.2,   0.3185,  31.8092,2,   -999.0,9,   -999.0,9,      17.71,2,        2.02,2,     -999,9,  0.318330677
  18RD19990827,    20, 78,     13,2,19990924, 77.8358, -72.2458,   40,     10.6,   0.2420,  31.8541,2,   1951.1,2,   2151.5,2,      16.11,2,         1.7,2,     -999,9,  0.241660402
  18RD19990827,    20, 78,      4,2,19990924, 77.8358, -72.2458,   40,     25.6,   0.4895,  32.2945,2,   2018.9,2,   2195.4,2,      24.45,2,        2.33,2,     -999,9,  0.488600678
  18RD19990827,    20, 78,      2,2,19990924, 77.8358, -72.2458,   40,     37.4,   0.0600,  32.6252,2,   2069.0,2,   2198.3,2,       -999,9,        -999,9,     -999,9, 0.0587967041
  18RD19990827,    20, 78,      1,2,19990924, 77.8358, -72.2458,   40,     37.5,   0.0550,  32.6278,2,   -999.0,9,   -999.0,9,       8.49,2,        0.37,2,     -999,9,  0.053794881
  18RD19990827,    16, 80,     17,2,19990925, 77.8438, -74.2353,  625,      2.3,  -1.3590,  29.3853,2,   1881.1,2,   2026.0,2,       8.74,2,        2.25,2,     -999,9,  -1.35903026
  18RD19990827,    16, 80,     16,2,19990925, 77.8438, -74.2353,  625,      4.9,  -1.3315,  29.4799,2,   -999.0,9,   -999.0,9,       5.98,2,        1.04,2,     -999,9,  -1.33156672
  18RD19990827,    16, 80,     14,2,19990925, 77.8438, -74.2353,  625,     10.6,  -1.2230,  29.8747,2,   1911.6,2,   2052.8,2,       5.54,2,        0.04,2,     -999,9,  -1.22316334
  18RD19990827,    16, 80,      8,2,19990925, 77.8438, -74.2353,  625,     24.6,  -0.9730,  30.5962,2,   1972.5,2,   2113.0,2,      10.03,2,        0.47,2,     -999,9, -0.973471483
  18RD19990827,    16, 80,      7,2,19990925, 77.8438, -74.2353,  625,     50.5,  -0.9760,  31.8882,2,   2079.8,2,   2195.6,2,       8.38,2,        0.47,2,     -999,9, -0.977105447
  18RD19990827,    16, 80,      6,2,19990925, 77.8438, -74.2353,  625,    101.0,  -1.2390,  32.9796,2,   2147.1,2,   2242.3,2,      12.66,2,         0.7,2,     -999,9,  -1.24124139
  18RD19990827,    16, 80,      5,2,19990925, 77.8438, -74.2353,  625,    201.0,  -0.6370,  34.0239,2,   2162.9,2,   2264.8,2,       8.48,2,        0.96,2,     -999,9, -0.643105406
  18RD19990827,    16, 80,      4,2,19990925, 77.8438, -74.2353,  625,    301.8,  -0.4415,  34.2667,2,   2159.9,2,   2273.2,2,       -999,9,        0.28,2,     -999,9,  -0.45159549
  18RD19990827,    16, 80,      3,2,19990925, 77.8438, -74.2353,  625,    402.5,  -0.3670,  34.3309,2,   2159.0,2,   2264.6,2,       5.49,2,       -0.01,2,     -999,9, -0.381142755
  18RD19990827,    16, 80,      2,2,19990925, 77.8438, -74.2353,  625,    504.2,  -0.3215,  34.3697,2,   2159.1,2,   2273.8,2,       5.79,2,-0.176536513,2,     -999,9, -0.339918302
  18RD19990827,    16, 80,      1,2,19990925, 77.8438, -74.2353,  625,    608.5,  -0.3020,  34.3806,2,   2158.0,2,   2279.8,2,       6.98,2,        0.17,2,     -999,9, -0.324920876
  18RD19990827,    15, 81,     18,2,19990925, 77.8075, -74.9072,  705,      2.0,  -1.6880,  30.8899,2,   -999.0,9,   -999.0,9,      18.55,2,        3.56,2,     -999,9,  -1.68802632
  18RD19990827,    15, 81,     19,2,19990925, 77.8075, -74.9072,  705,      2.0,  -1.6875,  30.8894,2,   2021.6,2,   2142.8,2,       -999,9,        -999,9,     -999,9,  -1.68752632
  18RD19990827,    15, 81,     16,2,19990925, 77.8075, -74.9072,  705,      4.0,  -1.6885,  30.8907,2,   -999.0,9,   -999.0,9,      21.29,2,        3.25,2,     -999,9,   -1.6885527
  18RD19990827,    15, 81,     17,2,19990925, 77.8075, -74.9072,  705,      4.1,  -1.6890,  30.8925,2,   2000.2,2,   2133.2,2,       -999,9,        -999,9,     -999,9,  -1.68905402
  18RD19990827,    15, 81,     15,2,19990925, 77.8075, -74.9072,  705,      6.9,  -1.6905,  30.8965,2,   2020.8,2,   2138.8,2,       -999,9,        -999,9,     -999,9,  -1.69059107
  18RD19990827,    15, 81,     14,2,19990925, 77.8075, -74.9072,  705,      7.0,  -1.6900,  30.8932,2,   -999.0,9,   -999.0,9,      24.86,2,        3.06,2,     -999,9,  -1.69009238
  18RD19990827,    15, 81,     12,2,19990925, 77.8075, -74.9072,  705,      8.8,  -1.6850,  30.8924,2,   -999.0,9,   -999.0,9,      17.77,2,        2.73,2,     -999,9,  -1.68511668
  18RD19990827,    15, 81,     13,2,19990925, 77.8075, -74.9072,  705,      8.9,  -1.6890,  30.8924,2,   2002.6,2,   2131.3,2,       -999,9,        -999,9,     -999,9,   -1.6891177
  18RD19990827,    15, 81,     10,2,19990925, 77.8075, -74.9072,  705,     13.0,  -1.6900,  30.8910,2,   -999.0,9,   -999.0,9,      17.28,2,        2.54,2,     -999,9,   -1.6901723
  18RD19990827,    15, 81,     11,2,19990925, 77.8075, -74.9072,  705,     13.0,  -1.6900,  30.8910,2,   2002.1,2,   2135.4,2,       -999,9,        -999,9,     -999,9,   -1.6901723
  18RD19990827,    15, 81,      9,2,19990925, 77.8075, -74.9072,  705,     25.1,  -1.6895,  30.9068,2,   2003.3,2,   2136.3,2,       -999,9,        -999,9,     -999,9,  -1.68983665
  18RD19990827,    15, 81,      8,2,19990925, 77.8075, -74.9072,  705,     25.3,  -1.6910,  30.9041,2,   -999.0,9,   -999.0,9,      23.68,2,        2.99,2,     -999,9,  -1.69133891
  18RD19990827,    15, 81,      6,2,19990925, 77.8075, -74.9072,  705,     38.0,  -1.5575,  31.5328,2,   -999.0,9,   -999.0,9,       11.1,2,         1.5,2,     -999,9,  -1.55810587
  18RD19990827,    15, 81,      7,2,19990925, 77.8075, -74.9072,  705,     38.0,  -1.5725,  31.4882,2,   2056.6,2,   2173.1,2,       -999,9,        -999,9,     -999,9,   -1.5730975
  18RD19990827,    15, 81,      5,2,19990925, 77.8075, -74.9072,  705,    100.7,  -1.2025,  33.1500,2,   2163.6,2,   2237.9,2,      11.75,2,         1.2,2,     -999,9,  -1.20479982
  18RD19990827,    15, 81,      4,2,19990925, 77.8075, -74.9072,  705,    201.8,  -0.7250,  33.9955,2,   2170.0,2,   2243.1,2,       6.68,2,        0.69,2,     -999,9, -0.730967831
  18RD19990827,    15, 81,      3,2,19990925, 77.8075, -74.9072,  705,    403.8,  -0.4205,  34.2807,2,   2164.4,2,   2260.5,2,       6.93,2,        0.51,2,     -999,9, -0.434472367
  18RD19990827,    15, 81,      2,2,19990925, 77.8075, -74.9072,  705,    605.0,  -0.3370,  34.3647,2,   2161.2,2,   2259.9,2,       6.19,2,        0.48,2,     -999,9, -0.359574482
  18RD19990827,    15, 81,      1,2,19990925, 77.8075, -74.9072,  705,    678.1,  -0.2845,  34.3958,2,   2161.1,2,   2261.4,2,      10.67,2,        1.01,2,     -999,9, -0.310590627
  18RD19990827,    14, 82,     19,2,19990925, 77.8000, -75.4912,  609,      1.0,  -1.2545,  29.3737,2,   1883.7,2,   2030.6,2,      10.66,2,         0.8,2,     -999,9,  -1.25451406
  18RD19990827,    14, 82,     16,2,19990925, 77.8000, -75.4912,  609,      4.2,  -1.2110,  29.4830,2,   1884.7,2,   2041.8,2,       9.02,2,        0.88,2,     -999,9,   -1.2110617
  18RD19990827,    14, 82,     14,2,19990925, 77.8000, -75.4912,  609,      6.5,  -1.0090,  30.0955,2,   1918.8,2,   2065.4,2,       6.75,2,        0.78,2,     -999,9,  -1.00911505
  18RD19990827,    14, 82,     12,2,19990925, 77.8000, -75.4912,  609,      9.2,  -0.9675,  30.1814,2,   1946.8,2,   2088.9,2,      16.27,2,        1.76,2,     -999,9, -0.967667997
  18RD19990827,    14, 82,     10,2,19990925, 77.8000, -75.4912,  609,     12.7,  -0.9455,  30.6960,2,   1982.9,2,   2109.2,2,       11.5,2,        2.28,2,     -999,9, -0.945747453
  18RD19990827,    14, 82,      3,2,19990925, 77.8000, -75.4912,  609,     26.0,  -1.4205,  31.0549,2,   2026.7,2,   2139.2,2,      13.59,2,        1.21,2,     -999,9,  -1.42091876
  18RD19990827,    14, 82,      1,2,19990925, 77.8000, -75.4912,  609,     34.8,  -1.4185,  31.4001,2,   2057.0,2,   2163.9,2,      14.08,2,        1.44,2,     -999,9,  -1.41908762
  18RD19990827,    14, 83,     15,2,19990925, 77.8000, -75.4912,  609,    101.2,  -1.2305,  32.9988,2,   2152.7,2,   2237.7,2,      10.46,2,         0.6,2,     -999,9,  -1.23275732
  18RD19990827,    14, 83,     12,2,19990925, 77.8000, -75.4912,  609,    202.5,  -0.7995,  33.8868,2,   2158.4,2,   2249.7,2,        5.6,2,        0.48,2,     -999,9, -0.805318056
  18RD19990827,    14, 83,     11,2,19990925, 77.8000, -75.4912,  609,    303.4,  -0.5335,  34.1735,2,   2166.1,2,   2270.0,2,       8.72,2,        0.66,2,     -999,9, -0.543362378
  18RD19990827,    14, 83,      4,2,19990925, 77.8000, -75.4912,  609,    406.2,  -0.3960,  34.3065,2,   2163.1,2,   2261.4,2,       7.75,2,        0.83,2,     -999,9, -0.410168374
  18RD19990827,    14, 83,      3,2,19990925, 77.8000, -75.4912,  609,    505.1,  -0.3180,  34.3679,2,   2164.1,2,   2256.7,2,       8.95,2,         0.6,2,     -999,9, -0.336468509
  18RD19990827,    14, 83,      1,2,19990925, 77.8000, -75.4912,  609,    623.4,  -0.2875,  34.3927,2,   2166.2,2,   2258.0,2,      11.65,2,        0.67,2,     -999,9, -0.311156489
  18RD19990827,    62, 84,     17,2,19990929, 75.2490, -78.2185,  458,      1.1,  -0.8870,  31.2545,2,   2001.8,2,   2126.8,2,      19.28,2,        2.19,2,     -999,9, -0.887023062
  18RD19990827,    62, 84,     16,2,19990929, 75.2490, -78.2185,  458,      6.0,  -0.8350,  31.3133,2,   -999.0,9,   -999.0,9,      23.34,2,        2.82,2,     -999,9, -0.835129506
  18RD19990827,    62, 84,     14,2,19990929, 75.2490, -78.2185,  458,     10.5,  -0.7540,  31.4921,2,   2018.0,2,   2139.0,2,      20.19,2,        3.28,2,     -999,9, -0.754238185
  18RD19990827,    62, 84,      8,2,19990929, 75.2490, -78.2185,  458,     25.3,   0.2715,  32.0983,2,   2029.8,2,   2162.6,2,         20,2,         2.7,2,     -999,9,  0.270667938
  18RD19990827,    62, 84,      7,2,19990929, 75.2490, -78.2185,  458,     50.5,  -1.1195,  32.9853,2,   2146.7,2,   2215.0,2,      11.37,2,        0.93,2,     -999,9,  -1.12064913
  18RD19990827,    62, 84,      6,2,19990929, 75.2490, -78.2185,  458,    102.7,  -1.0265,  33.3859,2,   2153.3,2,   2220.7,2,       4.66,2,        1.61,2,     -999,9,  -1.02905186
  18RD19990827,    62, 84,      4,2,19990929, 75.2490, -78.2185,  458,    202.8,  -0.2275,  33.9334,2,   2173.4,2,   2233.1,2,       8.42,2,        0.93,2,     -999,9, -0.234338906
  18RD19990827,    62, 84,      3,2,19990929, 75.2490, -78.2185,  458,    304.5,   0.3510,  34.1930,2,   2180.4,2,   2252.4,2,       8.39,2,        0.66,2,     -999,9,  0.338809141
  18RD19990827,    62, 84,      2,2,19990929, 75.2490, -78.2185,  458,    404.6,   0.2535,  34.2921,2,   2184.4,2,   2258.2,2,       8.31,2,        1.57,2,     -999,9,  0.237192892
  18RD19990827,    62, 84,      1,2,19990929, 75.2490, -78.2185,  458,    448.5,   0.2620,  34.2936,2,   2181.7,2,   2261.7,2,       9.67,2,        0.78,2,     -999,9,  0.243713254
  18RD19990827,    66, 87,     19,2,19990930, 75.2463, -76.0612,  404,      2.2,   0.4095,  32.5013,2,   2026.9,2,   2178.0,2,       17.4,2,        2.45,2,       79,2,  0.409423845
  18RD19990827,    66, 87,     15,2,19990930, 75.2463, -76.0612,  404,      5.4,   0.4615,  32.5292,2,   2031.1,2,   2182.7,2,       -999,9,        -999,9,       73,2,  0.461310225
  18RD19990827,    66, 87,     13,2,19990930, 75.2463, -76.0612,  404,     10.3,   0.4875,  32.5367,2,   2032.2,2,   2179.9,2,      45.32,2,        4.78,2,       73,2,   0.48713512
  18RD19990827,    66, 87,     11,2,19990930, 75.2463, -76.0612,  404,     12.7,   0.5025,  32.5714,2,   2029.9,2,   2173.7,2,       17.7,2,        2.48,2,       77,2,  0.502047365
  18RD19990827,    66, 87,      9,2,19990930, 75.2463, -76.0612,  404,     18.1,   0.0230,  32.8276,2,   2073.6,2,   2214.7,2,      15.25,2,        1.77,2,       71,2, 0.0224197587
  18RD19990827,    66, 87,      4,2,19990930, 75.2463, -76.0612,  404,     36.6,  -0.9465,  33.2153,2,   2124.4,2,   2239.1,2,       -999,9,        -999,9,       81,2, -0.947399467
  18RD19990827,    66, 87,      1,2,19990930, 75.2463, -76.0612,  404,     54.7,  -1.1350,  33.4011,2,   2129.2,2,   2238.9,2,       9.42,2,        1.06,2,     -999,9,   -1.1362836
  18RD19990827,    66, 87,      3,2,19990930, 75.2463, -76.0612,  404,     55.4,  -1.1390,  33.4038,2,   -999.0,9,   -999.0,9,       8.92,2,        0.91,2,     -999,9,  -1.14029875
  18RD19990827,    66, 86,     11,2,19990930, 75.2463, -76.0612,  404,    100.7,  -0.9020,  33.5841,2,   2145.3,2,   2221.5,2,       5.79,2,        0.38,2,       60,2, -0.904647571
  18RD19990827,    66, 86,      8,2,19990930, 75.2463, -76.0612,  404,    200.5,   0.8545,  34.0982,2,   2168.1,2,   2243.3,2,       4.08,2,        0.27,2,       60,2,  0.845847882
  18RD19990827,    66, 86,      7,2,19990930, 75.2463, -76.0612,  404,    302.3,  -0.0590,  34.2198,2,   2176.7,2,   2256.8,2,        4.4,2,        0.55,2,       68,2,-0.0700673553
  18RD19990827,    66, 86,      1,2,19990930, 75.2463, -76.0612,  404,    387.4,  -0.1260,  34.2625,2,   2180.3,2,   2250.3,2,       6.45,2,        0.56,2,       65,2,  -0.14029682
  18RD19990827,    70, 94,     17,2,19990930, 75.3345, -73.8908,  609,      1.0,   0.3360,  32.8961,2,   2041.4,2,   2211.5,2,      20.38,2,           3,2,       99,2,  0.335965284
  18RD19990827,    70, 94,     14,2,19990930, 75.3345, -73.8908,  609,     10.3,   0.2845,  32.9091,2,   2043.6,2,   2203.6,2,      27.35,2,        3.05,2,      118,2,  0.284145834
  18RD19990827,    70, 94,      8,2,19990930, 75.3345, -73.8908,  609,     25.9,   0.0500,  32.9680,2,   2043.1,2,   2213.5,2,      26.18,2,        2.73,2,       95,2, 0.0491549364
  18RD19990827,    70, 94,      7,2,19990930, 75.3345, -73.8908,  609,     51.1,  -1.2760,  33.5199,2,   2119.2,2,   2230.6,2,       8.32,2,         0.8,2,       78,2,  -1.27714615
  18RD19990827,    70, 94,      6,2,19990930, 75.3345, -73.8908,  609,    101.4,  -0.5405,  33.6956,2,   2149.9,2,   2246.5,2,       5.86,2,        0.69,2,       76,2, -0.543505202
  18RD19990827,    70, 94,      5,2,19990930, 75.3345, -73.8908,  609,    202.8,   1.3115,  34.1378,2,   2163.8,2,   2257.0,2,       7.58,2,        0.86,2,       78,2,   1.30195642
  18RD19990827,    70, 94,      4,2,19990930, 75.3345, -73.8908,  609,    304.4,   2.2755,  34.4281,2,   2168.3,2,   2270.2,2,       7.77,2,        0.49,2,       69,2,    2.2583382
  18RD19990827,    70, 94,      3,2,19990930, 75.3345, -73.8908,  609,    405.9,   1.5945,  34.4661,2,   2174.5,2,   2276.4,2,      11.42,2,        0.82,2,       69,2,   1.57349892
  18RD19990827,    70, 94,      2,2,19990930, 75.3345, -73.8908,  609,    504.9,   1.6355,  34.5119,2,   2184.0,2,   2276.1,2,       5.94,2,        0.28,2,       76,2,   1.60874158
  18RD19990827,    70, 94,      1,2,19990930, 75.3345, -73.8908,  609,    597.9,   1.4620,  34.5126,2,   2189.0,2,   2276.2,2,       5.98,2,        0.82,2,       76,2,   1.43068562
  18RD19990827,    76, 97,     18,2,19991001, 75.5798, -70.7700,  552,      1.2,   0.6795,  32.8161,2,   -999.0,9,   -999.0,9,      19.91,2,        2.76,2,     -999,9,  0.679454995
  18RD19990827,    76, 98,     24,2,19991001, 75.5798, -70.7700,  552,      2.0,   0.4455,  32.8816,2,   2038.8,2,   2200.4,2,       -999,9,        -999,9,       71,2,  0.445428729
  18RD19990827,    76, 98,     22,2,19991001, 75.5798, -70.7700,  552,      4.6,   0.3920,  32.8824,2,   2038.8,2,   2195.2,2,       -999,9,        -999,9,       70,2,  0.391838066
  18RD19990827,    76, 98,     19,2,19991001, 75.5798, -70.7700,  552,      7.8,   0.3845,  32.8859,2,   2038.3,2,   2191.7,2,       -999,9,        -999,9,       70,2,  0.384225635
  18RD19990827,    76, 98,     16,2,19991001, 75.5798, -70.7700,  552,     11.1,   0.3630,  32.8966,2,   -999.0,9,   -999.0,9,      22.28,2,        3.08,2,     -999,9,  0.362611041
  18RD19990827,    76, 98,     17,2,19991001, 75.5798, -70.7700,  552,     11.4,   0.3720,  32.8985,2,   2039.9,2,   2212.8,2,       -999,9,        -999,9,       72,2,  0.371599578
  18RD19990827,    76, 98,     15,2,19991001, 75.5798, -70.7700,  552,     15.2,   0.2845,  32.9324,2,   2038.0,2,   2202.5,2,       -999,9,        -999,9,       85,2,  0.283975994
  18RD19990827,    76, 98,     11,2,19991001, 75.5798, -70.7700,  552,     31.2,  -0.1365,  33.0832,2,   -999.0,9,   -999.0,9,      19.45,2,        2.21,2,     -999,9, -0.137476273
  18RD19990827,    76, 98,      5,2,19991001, 75.5798, -70.7700,  552,     31.3,  -0.3530,  33.1818,2,   2079.0,2,   2212.7,2,       -999,9,        -999,9,       69,2, -0.353926842
  18RD19990827,    76, 98,     12,2,19991001, 75.5798, -70.7700,  552,     31.3,  -0.1710,  33.0808,2,   -999.0,9,   -999.0,9,      17.87,2,        2.21,2,     -999,9, -0.171969985
  18RD19990827,    76, 98,      9,2,19991001, 75.5798, -70.7700,  552,     31.5,  -0.2670,  33.1518,2,   -999.0,9,   -999.0,9,      23.35,2,        2.21,2,     -999,9, -0.267954414
  18RD19990827,    76, 98,      4,2,19991001, 75.5798, -70.7700,  552,     31.6,  -0.5050,  33.2437,2,   -999.0,9,   -999.0,9,      12.12,2,        1.77,2,     -999,9, -0.505898009
  18RD19990827,    76, 98,      2,2,19991001, 75.5798, -70.7700,  552,     49.0,  -1.0880,  33.5270,2,   2114.3,2,   2226.9,2,       -999,9,        -999,9,       63,2,  -1.08917917
  18RD19990827,    76, 98,      1,2,19991001, 75.5798, -70.7700,  552,     49.2,  -1.0640,  33.5478,2,   -999.0,9,   -999.0,9,      10.56,2,        0.85,2,     -999,9,  -1.06519635
  18RD19990827,    76, 97,     11,2,19991001, 75.5798, -70.7700,  552,    100.5,   0.6065,  33.7984,2,   2139.3,2,   2233.8,2,       4.87,2,        0.38,2,       56,2,  0.602518753
  18RD19990827,    76, 97,      9,2,19991001, 75.5798, -70.7700,  552,    202.2,   1.6085,  34.1570,2,   2162.4,2,   2261.7,2,       5.57,2,        0.45,2,       52,2,   1.59848055
  18RD19990827,    76, 97,      7,2,19991001, 75.5798, -70.7700,  552,    302.0,   2.4335,  34.4265,2,   2171.6,2,   2269.1,2,       6.36,2,        0.42,2,       56,2,   2.41609226
  18RD19990827,    76, 97,      5,2,19991001, 75.5798, -70.7700,  552,    403.2,   0.2390,  34.3510,2,   2168.7,2,   2272.7,2,       5.07,2,        0.38,2,       53,2,  0.222759247
  18RD19990827,    76, 97,      3,2,19991001, 75.5798, -70.7700,  552,    503.5,  -0.0755,  34.3624,2,   2169.1,2,   2294.5,2,       4.55,2,         0.3,2,       53,2,-0.0949221974
  18RD19990827,    76, 97,      1,2,19991001, 75.5798, -70.7700,  552,    534.9,  -0.0995,  34.3601,2,   2170.1,2,   2277.3,2,       7.61,2,         0.6,2,       55,2, -0.120176187
  18RD19990827,    82,101,     15,2,19991001, 75.8047, -67.9585,  307,      1.5,   0.6290,  32.1781,2,   1977.6,2,   2133.0,2,      13.02,2,        1.21,2,       77,2,  0.628946172
  18RD19990827,    82,101,     14,2,19991001, 75.8047, -67.9585,  307,      6.5,   0.6555,  32.1994,2,   -999.0,9,   -999.0,9,       9.43,2,        1.13,2,     -999,9,  0.655264715
  18RD19990827,    82,101,     13,2,19991001, 75.8047, -67.9585,  307,     10.5,   0.6590,  32.2335,2,   1972.7,2,   2145.7,2,       6.99,2,        1.13,2,       75,2,  0.658618558
  18RD19990827,    82,101,      7,2,19991001, 75.8047, -67.9585,  307,     25.5,   0.5245,  32.4941,2,   1993.6,2,   2167.7,2,      13.05,2,         0.8,2,       71,2,  0.523587058
  18RD19990827,    82,101,      6,2,19991001, 75.8047, -67.9585,  307,     51.7,   0.0195,  32.9197,2,   2032.1,2,   2189.9,2,      15.73,2,         1.7,2,       74,2, 0.0178189713
  18RD19990827,    82,101,      5,2,19991001, 75.8047, -67.9585,  307,     76.0,  -0.6705,  33.2711,2,   2100.5,2,   2199.6,2,       4.47,2,        0.69,2,       71,2, -0.672586986
  18RD19990827,    82,101,      4,2,19991001, 75.8047, -67.9585,  307,    102.1,  -0.7160,  33.4213,2,   2121.0,2,   2225.5,2,       6.46,2,        0.72,2,       90,2, -0.718818323
  18RD19990827,    82,101,      2,2,19991001, 75.8047, -67.9585,  307,    202.9,   0.8155,  33.8966,2,   2154.2,2,   2222.9,2,       4.04,2,        0.32,2,       73,2,   0.80688179
  18RD19990827,    82,101,      1,2,19991001, 75.8047, -67.9585,  307,    283.9,   1.4655,  34.1427,2,   2166.6,2,   2244.9,2,       7.08,2,        0.52,2,      110,2,   1.45157535
  18RD19990827,   202,103,     20,2,19991003, 72.1327, -67.2113, 2365,      6.1,   0.7055,  32.1192,2,   2034.2,2,   2184.7,2,       -999,9,        -999,9,     -999,9,   0.70527752
  18RD19990827,   202,103,     18,2,19991003, 72.1327, -67.2113, 2365,     25.2,  -0.3940,  32.6215,2,   2073.8,2,   2220.5,2,       -999,9,        -999,9,     -999,9, -0.394708882
  18RD19990827,   202,103,     17,2,19991003, 72.1327, -67.2113, 2365,     50.4,  -1.6205,  33.1739,2,   2156.2,2,   2232.8,2,       -999,9,        -999,9,     -999,9,  -1.62144366
  18RD19990827,   202,103,     16,2,19991003, 72.1327, -67.2113, 2365,     98.1,  -1.5670,  33.4744,2,   2143.6,2,   2237.5,2,       -999,9,        -999,9,     -999,9,   -1.5689869
  18RD19990827,   202,103,      9,2,19991003, 72.1327, -67.2113, 2365,    200.4,   0.0965,  33.9570,2,   2171.2,2,   2246.3,2,       -999,9,        -999,9,     -999,9, 0.0891853867
  18RD19990827,   202,103,      8,2,19991003, 72.1327, -67.2113, 2365,    400.1,   1.6150,  34.4381,2,   2184.6,2,   2268.2,2,       -999,9,        -999,9,     -999,9,   1.59427175
  18RD19990827,   202,103,      7,2,19991003, 72.1327, -67.2113, 2365,    600.3,   1.3685,  34.5020,2,   2192.2,2,   2273.0,2,       -999,9,        -999,9,     -999,9,   1.33751628
  18RD19990827,   202,103,      5,2,19991003, 72.1327, -67.2113, 2365,   1000.5,   0.7320,  34.4979,2,   2209.3,2,   2267.9,2,       -999,9,        -999,9,     -999,9,  0.682112634
  18RD19990827,   202,103,      3,2,19991003, 72.1327, -67.2113, 2365,   2000.9,  -0.3805,  34.4998,2,   2266.8,2,   2282.7,2,       -999,9,        -999,9,     -999,9, -0.479704728
  18RD19990827,   202,103,      1,2,19991003, 72.1327, -67.2113, 2365,   2356.4,  -0.3540,  34.4993,2,   2267.7,2,   2292.7,2,       -999,9,        -999,9,     -999,9, -0.478455932
  18RD19990827,   203,104,      9,2,19991005, 67.3285, -61.3450,  183,      1.3,   0.4105,  31.1689,2,   1976.9,2,   2145.1,2,       -999,9,        -999,9,     -999,9,  0.410458248
  18RD19990827,   204,105,     10,2,19991005, 64.1670, -62.9125,  138,      2.3,   0.5925,  31.9414,2,   2016.9,2,   2175.1,2,       -999,9,        -999,9,     -999,9,  0.592419182
  18RD19990827,   204,105,      8,2,19991005, 64.1670, -62.9125,  138,     11.3,   0.5895,  31.9859,2,   -999.0,9,   -999.0,9,       -999,9,       14.24,2,     -999,9,  0.589101356
END_DATA
