BOTTLE,20090908PRINUNIVRMK
# DATE this file initialized 3/9/07 
# Data from Pierre Clement 3/9/07 
# Ship: Louis S. St. Laurent 
# Cruise: 18SNA097, JOIS97 
# Dates: 8/31 - 9/16/1997 
# Chief Scientist: F. McLaughlin, K. Falkner 
# EXPOCODE: 18SN19970831 
# Region:Arctic 
# 26 stations with 24 place Rosette 
# Hydro: Who - F.McLaughlin/K.Falkner; Status - final 
# 	Notes: bottle number fabricated 
# 	bottom depth estimated by global topography 
# Nuts/O2: Who - ; Status - no data 
# TCO2: Who - P.Jones/Azetsu-Scott; Status - final 
# 	Notes:  
# TA: Who - Who - P.Jones/Azetsu-Scott; Status - final 
# 	Notes:  
# CFC: Who - P.Jones/Azetsu-Scott; Status - final; S Plus - up to date 
# 	Notes: Includes CFC-113 and CCl4 
# References: 
# McLaughlin, F.A., E.C. Carmack, R.W. Macdonald, H. Melling, J.H. Swift, P.A. Wheeler, B.F. Sherr and E.B. Sherr, The joint roles of Pacific and Atlantic-origin waters in the Canada Basin, 1997-1998, Deep-Sea Res. I, 51(1), 107-128, 2004. 
# Jutterstrom, S. and L.G. Anderson, The saturation of calcite and aragonite in thhe Arctic Ocean, Mar. Chem., 94, 101-110, 2005. 
EXPOCODE,STNNBR,CASTNO,BTLNBR,DATE,TIME,LATITUDE,LONGITUDE,DEPTH,CTDPRS,CTDTMP,SALNTY,SALNTY_FLAG_W,CFC-11,CFC-11_FLAG_W,CFC-12,CFC-12_FLAG_W,CFC113,CFC113_FLAG_W,CCL4,CCL4_FLAG_W,TCARBN,TCARBN_FLAG_W,ALKALI,ALKALI_FLAG_W,INDEX,THETA
,,,,,,,,METERS,DBARS,ITS-90,PSS-78,,PMOL/KG,,PMOL/KG,,PMOL/KG,,PMOL/KG,,UMOL/KG,,UMOL/KG,,,DEGC
  18SN19970831,     1,  1,     13,19970831,0000, 74.6683, -93.3633,  174,      2.8,  -1.7120,  31.1859,2,    6.100,2,    2.850,2,    0.310,2,   10.410,2,   1975.4,2,   2139.2, 2,      900,  -1.7120
  18SN19970831,     1,  1,     12,19970831,0000, 74.6683, -93.3633,  174,      3.2,  -1.7155,  31.1893,2,    6.700,2,    2.810,2,    0.350,2,   10.710,2,   1977.1,2,   2137.1, 3,      901,  -1.7155
  18SN19970831,     1,  1,     11,19970831,0000, 74.6683, -93.3633,  174,      5.0,  -1.7265,  31.1750,2,    6.130,2,    2.970,2,    0.280,2,   10.490,2,   1975.4,2,   2139.9, 2,      902,  -1.7266
  18SN19970831,     1,  1,     10,19970831,0000, 74.6683, -93.3633,  174,      7.4,  -1.7105,  31.4670,2,    6.225,2,    2.965,3,    0.270,2,   10.100,2,   1990.9,2,   2140.4, 2,      903,  -1.7106
  18SN19970831,     1,  1,      9,19970831,0000, 74.6683, -93.3633,  174,     10.7,  -1.6240,  31.8443,2,    5.920,2,    2.750,3,    0.220,3,   10.240,2,   2034.6,2,   2195.5, 2,      904,  -1.6242
  18SN19970831,     1,  1,      8,19970831,0000, 74.6683, -93.3633,  174,     20.4,  -1.4210,  32.1412,2,    5.860,2,    2.970,2,    0.280,2,   10.150,2,   2058.0,2,   2197.8, 2,      905,  -1.4214
  18SN19970831,     1,  1,      7,19970831,0000, 74.6683, -93.3633,  174,     30.6,  -1.3720,  32.2068,2,    5.890,2,    2.680,2,    0.210,3,   10.370,2,   2064.5,2,   2202.3, 2,      906,  -1.3726
  18SN19970831,     1,  1,      6,19970831,0000, 74.6683, -93.3633,  174,     40.4,  -1.2975,  32.3639,2,    4.950,2,    2.350,2,    0.220,2,   10.740,2,   2090.5,2,   2214.4, 3,      907,  -1.2983
  18SN19970831,     1,  1,      5,19970831,0000, 74.6683, -93.3633,  174,     51.5,  -1.2875,  32.4011,2,    5.160,2,    2.280,2,    0.180,2,   10.230,2,   2094.5,2,   2206.9, 2,      908,  -1.2885
  18SN19970831,     1,  1,      4,19970831,0000, 74.6683, -93.3633,  174,     71.1,  -1.2280,  32.5664,2,    4.770,2,    2.320,2,    0.190,2,   10.300,2,   2109.7,2,   2209.0, 2,      909,  -1.2295
  18SN19970831,     1,  1,      3,19970831,0000, 74.6683, -93.3633,  174,     81.1,  -1.2300,  32.6075,2,    4.740,2,    2.160,2,    0.150,2,   10.380,2,   2116.3,2,   2235.2, 2,      910,  -1.2317
  18SN19970831,     1,  1,      2,19970831,0000, 74.6683, -93.3633,  174,     91.6,  -1.2285,  32.6159,2,    4.910,3,    2.210,2,    0.170,2,   10.250,2,   2116.4,2,   2224.8, 2,      911,  -1.2305
  18SN19970831,     1,  1,      1,19970831,0000, 74.6683, -93.3633,  174,     92.0,  -1.2270,  32.6168,2,    4.730,2,    2.130,2,    0.180,2,    9.950,3,   2116.3,2,   2246.0, 2,      912,  -1.2290
  18SN19970831,     2,  1,     15,19970831,0000, 74.6833, -93.0083,  174,      2.4,  -1.6640,  31.5419,2,    6.090,2,    3.060,2,    0.310,2,   10.540,2,   1998.7,2,   2160.7, 3,     1006,  -1.6640
  18SN19970831,     2,  1,     14,19970831,0000, 74.6833, -93.0083,  174,      5.0,  -1.6500,  31.4277,2,    6.150,2,    3.040,2,    0.350,2,   10.100,3,   1993.1,2,   2155.4, 2,     1007,  -1.6501
  18SN19970831,     2,  1,     13,19970831,0000, 74.6833, -93.0083,  174,     10.2,  -1.6570,  31.3411,2,    6.370,2,    3.060,2,    0.300,2,   10.760,3,   1996.4,2,   2161.6, 2,     1008,  -1.6571
  18SN19970831,     2,  1,     12,19970831,0000, 74.6833, -93.0083,  174,     14.6,  -1.6615,  31.4672,2,    6.340,2,    2.980,2,    0.340,2,   10.280,2,   2002.9,2,   2171.3, 2,     1009,  -1.6617
  18SN19970831,     2,  1,     11,19970831,0000, 74.6833, -93.0083,  174,     19.3,  -1.6780,  31.7549,2,    6.040,2,    3.090,2,    0.320,2,   10.420,2,   2021.4,2,   2179.3, 2,     1010,  -1.6783
  18SN19970831,     2,  1,     10,19970831,0000, 74.6833, -93.0083,  174,     29.9,  -1.5945,  32.0449,2,    6.290,2,    2.810,2,    0.290,2,   10.250,2,   2050.4,2,   2198.7, 2,     1011,  -1.5950
  18SN19970831,     2,  1,      9,19970831,0000, 74.6833, -93.0083,  174,     40.7,  -1.5025,  32.1413,2,    5.750,2,    2.750,2,    0.250,2,   10.510,2,   2057.8,2,   2192.7, 2,     1012,  -1.5032
  18SN19970831,     2,  1,      8,19970831,0000, 74.6833, -93.0083,  174,     49.9,  -1.3795,  32.2430,2, -999.000,9,    2.720,2,    0.260,3,   10.330,2,   2071.1,2,   2210.7, 2,     1013,  -1.3804
  18SN19970831,     2,  1,      7,19970831,0000, 74.6833, -93.0083,  174,     59.7,  -1.3255,  32.2964,2,    5.310,2,    2.580,2,    0.290,3,   10.760,3,   2085.6,2,   2202.1, 2,     1014,  -1.3267
  18SN19970831,     2,  1,      6,19970831,0000, 74.6833, -93.0083,  174,     70.6,  -1.2250,  32.4365,2,    4.750,2,    2.350,3,    0.200,2,   10.280,2,   2107.9,2,   2221.7, 2,     1015,  -1.2265
  18SN19970831,     2,  1,      5,19970831,0000, 74.6833, -93.0083,  174,     90.6,  -1.2230,  32.5805,2,    4.700,2,    2.360,3,    0.100,3,   10.350,2,   2115.3,2,   2220.6, 2,     1016,  -1.2249
  18SN19970831,     2,  1,      4,19970831,0000, 74.6833, -93.0083,  174,    100.9,  -1.2785,  32.6717,2,    4.580,2,    2.270,3,    0.220,3,   10.340,3,   2128.7,2,   2224.3, 2,     1017,  -1.2806
  18SN19970831,     2,  1,      3,19970831,0000, 74.6833, -93.0083,  174,    120.9,  -1.3125,  32.8445,2,    5.110,3,    2.060,2, -999.000,9,   10.390,3,   2144.1,2,   2223.1, 2,     1018,  -1.3151
  18SN19970831,     2,  1,      2,19970831,0000, 74.6833, -93.0083,  174,    126.1,  -1.3180,  32.9131,2,    5.130,3,    2.020,2,    0.180,2,   10.480,3,   2148.3,2,   2231.1, 2,     1019,  -1.3207
  18SN19970831,     2,  1,      1,19970831,0000, 74.6833, -93.0083,  174,    131.1,  -1.3090,  33.0467,2,    4.600,2,    1.960,2,    0.150,2,   10.990,3,   2161.6,2,   2225.5, 2,     1020,  -1.3119
  18SN19970831,     4,  1,     12,19970831,0000, 74.6967, -91.9517,  101,      3.1,  -1.5725,  31.4898,2,    5.910,2,    3.150,2,    0.400,2,   10.650,2,   1997.2,2,   2162.8, 2,     1205,  -1.5725
  18SN19970831,     4,  1,     11,19970831,0000, 74.6967, -91.9517,  101,      7.7,  -1.5725,  31.4912,2,    6.040,2,    2.920,2,    0.320,2,   10.270,2,   1998.6,2,   2147.0, 2,     1206,  -1.5726
  18SN19970831,     4,  1,     10,19970831,0000, 74.6967, -91.9517,  101,     12.0,  -1.5780,  31.5164,2,    5.970,2,    2.730,2,    0.250,2,   10.480,2,   2007.6,2,   2155.9, 2,     1207,  -1.5782
  18SN19970831,     4,  1,      9,19970831,0000, 74.6967, -91.9517,  101,     22.5,  -1.4800,  32.6299,2, -999.000,9,    2.330,2,    0.190,3,   10.470,2,   2129.7,2,   2226.4, 3,     1208,  -1.4804
  18SN19970831,     4,  1,      8,19970831,0000, 74.6967, -91.9517,  101,     30.7,  -1.4475,  32.7474,2,    5.730,2,    2.240,2,    0.190,3,   10.980,3,   2134.7,2,   2223.8, 2,     1209,  -1.4481
  18SN19970831,     4,  1,      7,19970831,0000, 74.6967, -91.9517,  101,     40.7,  -1.4095,  32.7971,2,    4.680,2,    2.140,2,    0.210,2,   10.480,2,   2146.5,2,   2233.1, 2,     1210,  -1.4103
  18SN19970831,     4,  1,      6,19970831,0000, 74.6967, -91.9517,  101,     50.9,  -1.3540,  32.8740,2,    4.680,2,    2.060,2,    0.210,2,   10.580,3,   2151.3,2,   2233.8, 2,     1211,  -1.3550
  18SN19970831,     4,  1,      5,19970831,0000, 74.6967, -91.9517,  101,     51.5,  -1.3530,  32.8766,2,    4.370,3,    2.080,2,    0.200,2,   10.460,2,   2150.2,2,   2237.2, 2,     1212,  -1.3541
  18SN19970831,     4,  1,      4,19970831,0000, 74.6967, -91.9517,  101,     62.2,  -1.3635,  32.9283,2,    4.830,2,    2.080,2,    0.160,2,   11.180,3,   2156.1,2,   2238.1, 2,     1213,  -1.3648
  18SN19970831,     4,  1,      3,19970831,0000, 74.6967, -91.9517,  101,     71.2,  -1.4005,  33.0186,2,    5.000,2,    2.190,2,    0.200,3,   10.560,3,   2158.4,2,   2235.7, 2,     1214,  -1.4020
  18SN19970831,     4,  1,      2,19970831,0000, 74.6967, -91.9517,  101,     80.8,  -1.4025,  33.1193,2,    4.670,2,    2.150,2,    0.210,3,   11.510,3,   2163.6,2,   2227.7, 3,     1215,  -1.4042
  18SN19970831,     4,  1,      1,19970831,0000, 74.6967, -91.9517,  101,     91.1,  -1.3945,  33.1453,2,    4.550,2,    2.170,2,    0.210,3,   10.560,3,   2164.4,2,   2273.1, 2,     1216,  -1.3964
  18SN19970831,     5,  1,     15,19970901,0000, 74.6867, -92.2400,   99,      2.6,  -1.6920,  31.3151,2,    5.890,2,    2.900,2,    0.450,2,    9.270,3,   1978.8,2,   2156.5, 2,     1250,  -1.6920
  18SN19970831,     5,  1,     14,19970901,0000, 74.6867, -92.2400,   99,     12.3,  -1.6705,  31.3445,2, -999.000,9, -999.000,9, -999.000,9, -999.000,9,   -999.0,9,   -999.0, 9,     1251,  -1.6707
  18SN19970831,     5,  1,     13,19970901,0000, 74.6867, -92.2400,   99,     12.4,  -1.6455,  31.3731,2,    5.630,3,    2.770,2,    0.310,2,    8.880,3,   2015.7,2,   2174.0, 2,     1252,  -1.6457
  18SN19970831,     5,  1,     12,19970901,0000, 74.6867, -92.2400,   99,     22.1,  -1.3145,  32.2457,2,    5.520,3,    2.480,2,    0.310,2,    9.080,3,   2084.0,2,   2211.7, 2,     1253,  -1.3149
  18SN19970831,     5,  1,     11,19970901,0000, 74.6867, -92.2400,   99,     32.8,  -1.2400,  32.4538,2,    5.270,3,    2.400,2,    0.190,2,    9.680,3,   2110.9,2,   2219.3, 2,     1254,  -1.2407
  18SN19970831,     5,  1,     10,19970901,0000, 74.6867, -92.2400,   99,     36.9,  -1.2715,  32.5867,2,    4.580,3,    2.240,2,    0.180,2,    9.120,3,   2123.0,2,   2244.2, 3,     1255,  -1.2723
  18SN19970831,     5,  1,      9,19970901,0000, 74.6867, -92.2400,   99,     42.4,  -1.2790,  32.6448,2,    4.530,3,    2.240,3,    0.185,2,    9.200,3,   2127.8,2,   2226.7, 2,     1256,  -1.2799
  18SN19970831,     5,  1,      8,19970901,0000, 74.6867, -92.2400,   99,     52.3,  -1.2950,  32.7261,2,    4.500,3,    2.180,2,    0.200,2,    9.320,3,   2137.2,2,   2232.7, 2,     1257,  -1.2961
  18SN19970831,     5,  1,      7,19970901,0000, 74.6867, -92.2400,   99,     60.8,  -1.3155,  32.7694,2,    4.460,3,    2.130,2,    0.140,2,    9.810,2,   2142.8,2,   2227.3, 2,     1258,  -1.3168
  18SN19970831,     5,  1,      6,19970901,0000, 74.6867, -92.2400,   99,     70.9,  -1.3495,  32.8636,2,    4.410,3,    1.940,3,    0.150,2,    9.310,2,   2150.5,2,   2237.5, 2,     1259,  -1.3510
  18SN19970831,     5,  1,      5,19970901,0000, 74.6867, -92.2400,   99,     80.4,  -1.3600,  33.0217,2,    4.570,2,    2.250,2,    0.170,2,   10.060,2,   2161.0,2,   2240.9, 3,     1260,  -1.3617
  18SN19970831,     5,  1,      4,19970901,0000, 74.6867, -92.2400,   99,     88.8,  -1.3615,  33.0484,2,    4.680,2,    2.210,2,    0.180,2,   10.130,2,   2164.0,2,   2283.9, 3,     1261,  -1.3634
  18SN19970831,     5,  1,      3,19970901,0000, 74.6867, -92.2400,   99,     88.9,  -1.3620,  33.0530,2, -999.000,9, -999.000,9, -999.000,9, -999.000,9,   -999.0,9,   -999.0, 9,     1262,  -1.3639
  18SN19970831,     5,  1,      2,19970901,0000, 74.6867, -92.2400,   99,     89.1,  -1.3620,  33.0542,2, -999.000,9, -999.000,9, -999.000,9, -999.000,9,   -999.0,9,   -999.0, 9,     1263,  -1.3639
  18SN19970831,     5,  1,      1,19970901,0000, 74.6867, -92.2400,   99,     89.2,  -1.3620,  33.0528,2, -999.000,9, -999.000,9, -999.000,9, -999.000,9,   -999.0,9,   -999.0, 9,     1264,  -1.3639
  18SN19970831,     8,  1,     14,19970901,0000, 74.5050, -92.6333,  193,      2.7,  -1.5415,  31.6179,2,    7.130,2,    3.240,2,    0.350,2,    9.280,3,   2009.8,2,   2186.2, 2,     1265,  -1.5415
  18SN19970831,     8,  1,     13,19970901,0000, 74.5050, -92.6333,  193,     11.6,  -1.5530,  31.6152,2, -999.000,9, -999.000,9, -999.000,9, -999.000,9,   -999.0,9,   -999.0, 9,     1266,  -1.5532
  18SN19970831,     8,  1,     12,19970901,0000, 74.5050, -92.6333,  193,     11.7,  -1.5620,  31.6192,2, -999.000,9, -999.000,9, -999.000,9, -999.000,9,   -999.0,9,   -999.0, 9,     1267,  -1.5622
  18SN19970831,     8,  1,     11,19970901,0000, 74.5050, -92.6333,  193,     31.8,  -1.3815,  32.0411,2,    5.750,2,    2.760,2,    0.280,2,    9.370,3,   2063.2,2,   2201.6, 2,     1268,  -1.3821
  18SN19970831,     8,  1,     10,19970901,0000, 74.5050, -92.6333,  193,     41.4,  -1.4240,  32.2510,2,    5.350,2,    2.670,2,    0.280,2,   10.200,2,   2109.9,2,   2217.1, 2,     1269,  -1.4248
  18SN19970831,     8,  1,      9,19970901,0000, 74.5050, -92.6333,  193,     50.3,  -1.4555,  32.4899,2,    4.830,2,    2.420,2,    0.220,2,    9.700,2,   2129.8,2,   2224.1, 2,     1270,  -1.4564
  18SN19970831,     8,  1,      8,19970901,0000, 74.5050, -92.6333,  193,     61.1,  -1.3960,  32.5557,2,    4.660,2,    2.230,2, -999.000,9,    9.760,2,   2131.2,2,   2217.3, 2,     1271,  -1.3972
  18SN19970831,     8,  1,      7,19970901,0000, 74.5050, -92.6333,  193,     71.9,  -1.3020,  32.6370,2,    4.610,2,    2.120,2,    0.200,2,    9.340,2,   2131.5,3,   2223.4, 2,     1272,  -1.3035
  18SN19970831,     8,  1,      6,19970901,0000, 74.5050, -92.6333,  193,     82.1,  -1.3375,  32.6860,2,    4.450,2,    2.320,2,    0.170,2,    9.430,2,   2143.3,2,   2232.0, 2,     1273,  -1.3392
  18SN19970831,     8,  1,      5,19970901,0000, 74.5050, -92.6333,  193,    102.2,  -1.4065,  32.8358,2,    4.140,2,    2.070,2,    0.170,2,    8.560,2,   2170.1,3,   2255.7, 3,     1274,  -1.4086
  18SN19970831,     8,  1,      4,19970901,0000, 74.5050, -92.6333,  193,    127.1,  -1.3715,  32.9303,2,    4.000,2,    1.860,3,    0.160,2,    8.570,2,   2173.9,3,   2237.2, 2,     1275,  -1.3742
  18SN19970831,     8,  1,      3,19970901,0000, 74.5050, -92.6333,  193,    152.5,  -1.3390,  33.0503,2,    4.520,2,    2.070,2,    0.140,2,    8.860,2,    333.3,4,   2242.8, 2,     1276,  -1.3423
  18SN19970831,     8,  1,      2,19970901,0000, 74.5050, -92.6333,  193,    172.6,  -1.3520,  33.2732,2,    4.600,2,    2.210,2, -999.000,9,    9.790,2,   2170.4,2,   2244.8, 2,     1277,  -1.3559
  18SN19970831,     8,  1,      1,19970901,0000, 74.5050, -92.6333,  193,    182.9,  -1.3540,  33.3459,2,    4.570,2,    2.390,2,    0.210,2,    9.800,2,   2173.7,2,   2257.3, 2,     1278,  -1.3582
  18SN19970831,    11,  1,     18,19970902,0000, 74.2517, -93.5417,  171,      3.3,  -1.3250,  29.0416,2,    7.250,2,    3.550,2,    0.360,2,   12.270,2,   1921.0,2,   2018.7, 2,      913,  -1.3250
  18SN19970831,    11,  1,     17,19970902,0000, 74.2517, -93.5417,  171,     13.5,  -1.3815,  29.1655,2,    7.460,2,    3.530,2,    0.390,2, -999.000,9,   1931.6,2,   2037.3, 2,      914,  -1.3817
  18SN19970831,    11,  1,     16,19970902,0000, 74.2517, -93.5417,  171,     22.1,  -1.6225,  30.6344,2,    7.130,2,    3.180,2,    0.360,2,   10.770,2,   -999.0,9,   2098.0, 2,      915,  -1.6228
  18SN19970831,    11,  1,     15,19970902,0000, 74.2517, -93.5417,  171,     27.4,  -1.6345,  30.8194,2,    6.980,2,    3.190,2,    0.320,2,   12.090,2,    690.5,4,   2138.3, 2,      916,  -1.6349
  18SN19970831,    11,  1,     14,19970902,0000, 74.2517, -93.5417,  171,     32.9,  -1.5615,  31.0200,2,    6.430,2,    3.030,2,    0.310,2,   11.290,2,   2003.8,2,   2137.2, 2,      917,  -1.5620
  18SN19970831,    11,  1,     13,19970902,0000, 74.2517, -93.5417,  171,     42.2,  -1.5140,  31.5706,2,    6.260,2,    2.730,2,    0.260,2,   11.310,2,   2061.5,2,   2187.0, 2,      918,  -1.5147
  18SN19970831,    11,  1,     12,19970902,0000, 74.2517, -93.5417,  171,     51.6,  -1.6810,  31.7497,2,    6.340,2,    2.980,2,    0.270,2,    9.730,3,   2038.6,3,   2171.2, 3,      919,  -1.6818
  18SN19970831,    11,  1,     11,19970902,0000, 74.2517, -93.5417,  171,     61.8,  -1.6945,  31.8174,2,    6.340,3,    2.800,2,    0.260,2,    9.570,3,   2037.9,3,   2181.0, 3,      920,  -1.6955
  18SN19970831,    11,  1,     10,19970902,0000, 74.2517, -93.5417,  171,     72.4,  -1.5695,  32.0198,2,    5.990,3,    2.790,3,    0.270,3,   10.380,2,   2081.4,2,   2181.5, 3,      921,  -1.5707
  18SN19970831,    11,  1,      9,19970902,0000, 74.2517, -93.5417,  171,     82.0,  -1.5840,  32.0723,2,    5.910,3,    2.780,3,    0.230,2,   10.790,2,   2109.8,2,   2220.4, 2,      922,  -1.5854
  18SN19970831,    11,  1,      8,19970902,0000, 74.2517, -93.5417,  171,     91.1,  -1.5720,  32.1791,2,    5.700,3,    2.600,3,    0.210,2,   10.060,2,   2118.2,2,   2230.8, 2,      923,  -1.5736
  18SN19970831,    11,  1,      7,19970902,0000, 74.2517, -93.5417,  171,    101.0,  -1.5035,  32.2846,2,    5.230,3,    2.460,3,    0.200,2,   10.350,3,   2132.7,2,   2210.0, 3,      924,  -1.5054
  18SN19970831,    11,  1,      6,19970902,0000, 74.2517, -93.5417,  171,    102.8,  -1.5255,  32.3211,2, -999.000,9, -999.000,9, -999.000,9, -999.000,9,   -999.0,9,   -999.0, 9,      925,  -1.5274
  18SN19970831,    11,  1,      5,19970902,0000, 74.2517, -93.5417,  171,    110.8,  -1.3865,  32.4672,2,    4.310,2,    2.050,2,    0.160,2,    9.620,2,   2162.2,3,   2225.9, 2,      926,  -1.3887
  18SN19970831,    11,  1,      4,19970902,0000, 74.2517, -93.5417,  171,    131.3,  -1.4375,  32.6517,2,    4.450,3,    2.150,3,    0.150,2,    9.200,2,   2154.1,3,   2217.3, 3,      927,  -1.4401
  18SN19970831,    11,  1,      3,19970902,0000, 74.2517, -93.5417,  171,    150.7,  -1.3195,  32.9819,2,    4.010,3,    1.710,3,    0.150,3,    7.910,2,   2184.5,2,   2250.4, 2,      928,  -1.3228
  18SN19970831,    11,  1,      2,19970902,0000, 74.2517, -93.5417,  171,    160.7,  -1.2970,  33.0414,2,    3.620,2,    1.920,3,    0.080,2,    8.120,3,   2187.9,2,   2230.6, 2,      929,  -1.3006
  18SN19970831,    11,  1,      1,19970902,0000, 74.2517, -93.5417,  171,    160.9,  -1.2970,  33.0413,2,    3.630,3,    1.730,2,    0.080,2,    7.670,2,   2184.8,2,   2230.1, 2,      930,  -1.3006
  18SN19970831,    12,  1,     14,19970902,0000, 74.2050, -93.5467,  140,      7.3,  -1.3540,  27.8509,2,    7.550,2,    3.610,2,    0.390,2,   12.560,2,   1853.7,2,   1953.6, 2,      931,  -1.3541
  18SN19970831,    12,  1,     13,19970902,0000, 74.2050, -93.5467,  140,     12.6,  -1.3495,  28.3327,2,    7.380,2,    3.620,2,    0.390,2, -999.000,9,   1895.3,2,   2000.2, 2,      932,  -1.3496
  18SN19970831,    12,  1,     12,19970902,0000, 74.2050, -93.5467,  140,     22.5,  -1.3880,  29.6506,2,    7.110,2,    3.450,2,    0.360,2,   12.370,2,   1946.0,2,   2060.0, 2,      933,  -1.3883
  18SN19970831,    12,  1,     11,19970902,0000, 74.2050, -93.5467,  140,     32.6,  -1.4240,  29.9702,2,    6.680,2,    3.300,2,    0.360,2,   12.330,2,   1981.3,2,   2092.8, 2,      934,  -1.4245
  18SN19970831,    12,  1,     10,19970902,0000, 74.2050, -93.5467,  140,     42.7,  -1.3475,  31.4436,2,    5.700,2,    2.670,2,    0.270,2,   12.310,2,   2082.7,2,   2176.3, 2,      935,  -1.3483
  18SN19970831,    12,  1,      9,19970902,0000, 74.2050, -93.5467,  140,     52.9,  -1.3900,  31.7119,2,    5.350,2,    2.580,2,    0.250,2,   12.140,3,   2104.1,2,   2186.1, 2,      936,  -1.3909
  18SN19970831,    12,  1,      8,19970902,0000, 74.2050, -93.5467,  140,     62.6,  -1.3925,  31.8770,2,    5.280,2,    2.470,2,    0.230,2,   11.550,3,   2116.1,2,   2192.6, 2,      937,  -1.3936
  18SN19970831,    12,  1,      7,19970902,0000, 74.2050, -93.5467,  140,     72.4,  -1.4150,  31.9185,2,    5.260,2,    2.330,2,    0.230,2,   12.250,3,   2117.3,2,   2196.4, 2,      938,  -1.4163
  18SN19970831,    12,  1,      6,19970902,0000, 74.2050, -93.5467,  140,     82.3,  -1.4330,  32.1113,2,    4.880,2,    2.310,2,    0.220,2,   10.590,2,   2134.8,2,   2204.4, 2,      939,  -1.4345
  18SN19970831,    12,  1,      5,19970902,0000, 74.2050, -93.5467,  140,     92.2,  -1.4285,  32.2129,2,    4.700,2,    2.150,2,    0.160,3,   11.000,3,   2142.0,2,   2205.1, 3,      940,  -1.4302
  18SN19970831,    12,  1,      4,19970902,0000, 74.2050, -93.5467,  140,    102.4,  -1.4010,  32.3209,2,    4.630,2,    2.190,3,    0.190,2,   10.140,2,   2148.7,2,   2240.6, 3,      941,  -1.4030
  18SN19970831,    12,  1,      3,19970902,0000, 74.2050, -93.5467,  140,    112.1,  -1.3995,  32.4230,2,    4.940,3,    2.210,3,    0.130,3,    8.490,2,   2151.9,2,   2214.4, 3,      942,  -1.4017
  18SN19970831,    12,  1,      2,19970902,0000, 74.2050, -93.5467,  140,    121.8,  -1.3945,  32.5611,2,    4.210,2,    2.110,2,    0.160,2,    8.500,2,   2162.4,2,   2222.7, 2,      943,  -1.3970
  18SN19970831,    12,  1,      1,19970902,0000, 74.2050, -93.5467,  140,    130.5,  -1.3750,  32.7305,2,    4.010,2,    1.900,2,    0.120,2,    7.790,2,   2169.2,2,   2222.0, 3,      944,  -1.3777
  18SN19970831,    13,  1,     17,19970903,0000, 74.3017, -96.2933,  183,      2.7,  -1.6530,  30.7253,2,    6.700,2,    3.260,2,    0.400,2,   10.260,2,   1980.6,2,   2124.0, 2,      945,  -1.6530
  18SN19970831,    13,  1,     16,19970903,0000, 74.3017, -96.2933,  183,      7.5,  -1.6460,  30.7153,2,    6.720,2,    3.260,2,    0.430,2,   11.410,2,   1978.5,2,   2152.8, 3,      946,  -1.6461
  18SN19970831,    13,  1,     15,19970903,0000, 74.3017, -96.2933,  183,     12.9,  -1.6260,  30.7285,2,    6.880,2,    3.250,2,    0.410,2,   11.070,2,   1978.9,2,   2127.8, 2,      947,  -1.6262
  18SN19970831,    13,  1,     14,19970903,0000, 74.3017, -96.2933,  183,     22.5,  -1.6715,  30.8951,2,    6.890,3,    3.250,2,    0.300,2,   11.370,2,   1997.6,2,   2148.9, 2,      948,  -1.6718
  18SN19970831,    13,  1,     13,19970903,0000, 74.3017, -96.2933,  183,     32.7,  -1.5795,  31.8371,2,    6.160,3,    3.090,2,    0.250,3,   11.860,3,   -999.0,9,   2196.0, 2,      949,  -1.5800
  18SN19970831,    13,  1,     12,19970903,0000, 74.3017, -96.2933,  183,     42.8,  -1.5910,  32.0181,2,    6.620,2,    2.830,2,    0.360,2,   11.350,2,   2106.1,2,   2209.3, 2,      950,  -1.5917
  18SN19970831,    13,  1,     11,19970903,0000, 74.3017, -96.2933,  183,     53.2,  -1.5655,  32.1372,2,    6.310,2,    2.830,2,    0.330,2,   10.610,2,   2110.8,2,   2210.4, 2,      951,  -1.5664
  18SN19970831,    13,  1,     10,19970903,0000, 74.3017, -96.2933,  183,     62.6,  -1.5295,  32.3154,2,    5.740,2,    2.700,2,    0.280,2,   10.820,2,   2117.6,2,   2217.4, 2,      952,  -1.5306
  18SN19970831,    13,  1,      9,19970903,0000, 74.3017, -96.2933,  183,     72.6,  -1.5030,  32.4786,2,    5.280,2,    2.310,2,    0.220,2,    8.770,2,   2147.4,2,   2218.8, 2,      953,  -1.5044
  18SN19970831,    13,  1,      8,19970903,0000, 74.3017, -96.2933,  183,     82.8,  -1.4930,  32.5206,2,    5.590,3,    2.310,2,    0.260,3,    8.660,2,   2150.0,2,   2219.8, 2,      954,  -1.4946
  18SN19970831,    13,  1,      7,19970903,0000, 74.3017, -96.2933,  183,     92.7,  -1.4755,  32.5670,2,    4.950,2,    2.260,2,    0.160,2,    7.770,2,   2155.2,2,   2221.0, 3,      955,  -1.4773
  18SN19970831,    13,  1,      6,19970903,0000, 74.3017, -96.2933,  183,    103.0,  -1.4550,  32.6194,2,    4.700,2,    2.210,2,    0.220,3, -999.000,9,   2156.4,2,   2228.9, 2,      956,  -1.4570
  18SN19970831,    13,  1,      5,19970903,0000, 74.3017, -96.2933,  183,    112.6,  -1.4085,  32.6917,2,    4.270,2,    1.880,2,    0.220,3,    7.240,2,   2174.7,2,   2225.6, 2,      957,  -1.4108
  18SN19970831,    13,  1,      4,19970903,0000, 74.3017, -96.2933,  183,    122.5,  -1.3390,  32.7603,2,    4.180,2,    1.960,2,    0.130,2,    6.880,2,   2180.9,2,   2238.8, 3,      958,  -1.3416
  18SN19970831,    13,  1,      3,19970903,0000, 74.3017, -96.2933,  183,    132.6,  -1.3265,  32.8254,2,    4.810,3,    1.850,2,    0.100,2,    6.400,2,   2186.9,2,   2231.8, 2,      959,  -1.3293
  18SN19970831,    13,  1,      2,19970903,0000, 74.3017, -96.2933,  183,    153.6,  -1.3075,  32.9026,2,    3.970,2,    1.770,2,    0.120,2,    6.340,2,   2159.0,3,   2258.2, 3,      960,  -1.3109
  18SN19970831,    13,  1,      1,19970903,0000, 74.3017, -96.2933,  183,    172.6,  -1.2975,  32.9827,2,    3.520,2,    1.640,2,    0.100,2,    6.060,2,   2190.2,2,   2234.6, 3,      961,  -1.3014
  18SN19970831,    14,  1,     16,19970903,0000, 74.8850, -97.3367,  183,      2.3,  -1.6760,  31.9467,2,    6.610,2,    3.110,2,    0.340,2,   10.680,2,   2038.1,3,   2221.4, 3,      962,  -1.6760
  18SN19970831,    14,  1,     15,19970903,0000, 74.8850, -97.3367,  183,     12.0,  -1.6670,  31.9559,2,    6.600,2,    3.100,2,    0.370,2,   10.460,2,   2038.9,2,   2189.5, 2,      963,  -1.6672
  18SN19970831,    14,  1,     14,19970903,0000, 74.8850, -97.3367,  183,     21.5,  -1.5650,  32.0223,2,    6.510,2,    2.920,2,    0.310,2,   10.370,2,   -999.0,9,   2191.0, 2,      964,  -1.5654
  18SN19970831,    14,  1,     13,19970903,0000, 74.8850, -97.3367,  183,     31.4,  -1.4550,  32.0943,2,    6.050,2,    2.860,2,    0.340,2,   10.410,2,   2065.4,2,   2192.5, 2,      965,  -1.4556
  18SN19970831,    14,  1,     12,19970903,0000, 74.8850, -97.3367,  183,     41.3,  -1.3670,  32.1772,2,    5.630,2,    2.730,2,    0.320,2,   11.300,2,   2079.7,2,   2209.6, 2,      966,  -1.3678
  18SN19970831,    14,  1,     11,19970903,0000, 74.8850, -97.3367,  183,     51.2,  -1.3320,  32.2780,2,    5.480,2,    2.540,2,    0.290,2,   10.740,2,   1249.2,4,   2203.1, 2,      967,  -1.3330
  18SN19970831,    14,  1,     10,19970903,0000, 74.8850, -97.3367,  183,     58.5,  -1.3150,  32.4508,2,    4.930,2,    2.350,2,    0.200,2,   10.740,2,   -999.0,9,   2213.3, 2,      968,  -1.3162
  18SN19970831,    14,  1,      9,19970903,0000, 74.8850, -97.3367,  183,     71.0,  -1.3130,  32.5354,2,    4.690,2,    2.220,2,    0.240,3,   10.540,2,   2125.1,2,   2210.5, 2,      969,  -1.3144
  18SN19970831,    14,  1,      8,19970903,0000, 74.8850, -97.3367,  183,     81.2,  -1.3180,  32.5858,2,    4.510,2,    2.130,2,    0.210,2,   10.590,2,   2132.2,2,   2216.5, 2,      970,  -1.3197
  18SN19970831,    14,  1,      7,19970903,0000, 74.8850, -97.3367,  183,     91.4,  -1.3200,  32.5955,2,    4.600,2,    2.190,2,    0.240,3,   10.630,2,   2133.3,2,   2220.7, 2,      971,  -1.3219
  18SN19970831,    14,  1,      6,19970903,0000, 74.8850, -97.3367,  183,    101.5,  -1.3510,  32.6369,2,    4.630,2,    2.190,2,    0.190,2,   10.610,3,   -999.0,9,   2208.2, 4,      972,  -1.3531
  18SN19970831,    14,  1,      5,19970903,0000, 74.8850, -97.3367,  183,    121.3,  -1.4130,  32.7333,2,    4.600,2,    2.050,2,    0.230,3,   10.620,3,   2151.1,2,   2228.7, 2,      973,  -1.4155
  18SN19970831,    14,  1,      4,19970903,0000, 74.8850, -97.3367,  183,    131.2,  -1.4260,  32.7416,2,    4.510,2,    2.170,3,    0.130,2,   11.160,3,   2152.6,2,   2234.7, 2,      974,  -1.4287
  18SN19970831,    14,  1,      3,19970903,0000, 74.8850, -97.3367,  183,    151.6,  -1.4230,  32.7539,2,    4.590,2,    2.040,2,    0.220,3,   10.800,3,   2153.7,2,   2221.6, 3,      975,  -1.4261
  18SN19970831,    14,  1,      2,19970903,0000, 74.8850, -97.3367,  183,    162.0,  -1.4060,  32.7764,2,    4.360,2,    2.050,2,    0.180,3,   10.950,3,   -999.0,9,   2225.6, 3,      976,  -1.4094
  18SN19970831,    14,  1,      1,19970903,0000, 74.8850, -97.3367,  183,    173.3,  -1.3650,  32.8314,2,    4.330,2,    1.990,2,    0.220,3,   10.240,3,   2159.4,2,   2251.8, 2,      977,  -1.3687
  18SN19970831,    16,  1,     16,19970904,0000, 75.0333,-100.8333,  210,      3.2,  -1.6820,  31.9388,2,    6.860,2,    3.290,2,    0.360,2,   10.730,2,   2074.4,2,   2205.2, 2,      978,  -1.6820
  18SN19970831,    16,  1,     15,19970904,0000, 75.0333,-100.8333,  210,     12.9,  -1.6780,  31.9341,2,    6.460,2,    3.200,2,    0.350,2,   10.880,2,   2075.5,2,   2208.9, 2,      979,  -1.6782
  18SN19970831,    16,  1,     14,19970904,0000, 75.0333,-100.8333,  210,     22.2,  -1.6990,  32.2165,2,    6.110,2,    3.060,2,    0.360,2,   10.520,2,   2105.1,2,   2221.3, 2,      980,  -1.6994
  18SN19970831,    16,  1,     13,19970904,0000, 75.0333,-100.8333,  210,     32.6,  -1.6325,  32.3906,2,    5.570,3,    2.670,2,    0.345,2,   10.780,2,   2125.7,2,   2232.2, 2,      981,  -1.6331
  18SN19970831,    16,  1,     12,19970904,0000, 75.0333,-100.8333,  210,     42.0,  -1.5630,  32.5201,2,    5.730,2,    2.500,2,    0.260,2,   11.280,2,   2144.2,2,   2235.7, 2,      982,  -1.5638
  18SN19970831,    16,  1,     11,19970904,0000, 75.0333,-100.8333,  210,     52.3,  -1.4840,  32.6752,2,    4.910,2,    2.350,2,    0.180,3,   11.200,2,   2156.5,2,   2235.3, 2,      983,  -1.4850
  18SN19970831,    16,  1,     10,19970904,0000, 75.0333,-100.8333,  210,     62.4,  -1.4355,  32.7629,2,    4.890,2,    2.230,2,    0.210,2,   10.240,2,   2162.1,2,   2255.7, 3,      984,  -1.4367
  18SN19970831,    16,  1,      9,19970904,0000, 75.0333,-100.8333,  210,     72.3,  -1.4075,  32.8195,2,    4.420,3,    2.060,3,    0.150,3,   10.230,2,   2165.4,2,   2243.2, 2,      985,  -1.4090
  18SN19970831,    16,  1,      8,19970904,0000, 75.0333,-100.8333,  210,     82.7,  -1.4015,  32.8327,2,    4.650,2,    2.120,2,    0.190,2,    9.400,3,   2167.0,2,   2234.4, 2,      986,  -1.4032
  18SN19970831,    16,  1,      7,19970904,0000, 75.0333,-100.8333,  210,     92.2,  -1.3960,  32.8510,2,    4.440,2,    2.100,2,    0.160,3,    9.880,2,   2166.1,2,   2243.8, 2,      987,  -1.3979
  18SN19970831,    16,  1,      6,19970904,0000, 75.0333,-100.8333,  210,    102.4,  -1.3765,  32.8741,2,    4.430,2,    2.190,2,    0.170,2,    9.920,2,   2169.3,2,   2245.0, 2,      988,  -1.3786
  18SN19970831,    16,  1,      5,19970904,0000, 75.0333,-100.8333,  210,    127.2,  -1.3415,  32.9465,2,    4.160,2,    2.070,2,    0.160,2,    9.550,2,   2174.8,2,   2222.8, 3,      989,  -1.3442
  18SN19970831,    16,  1,      4,19970904,0000, 75.0333,-100.8333,  210,    152.6,  -1.3180,  32.9819,2,    4.150,2,    2.140,3,    0.160,2,    9.150,2,   2175.9,2,   2242.7, 2,      990,  -1.3214
  18SN19970831,    16,  1,      3,19970904,0000, 75.0333,-100.8333,  210,    177.4,  -1.3115,  32.9952,2,    4.640,3,    1.970,2,    0.150,2,    9.160,2,   2175.5,2,   2244.2, 2,      991,  -1.3155
  18SN19970831,    16,  1,      2,19970904,0000, 75.0333,-100.8333,  210,    191.6,  -1.3105,  32.9992,2,    4.280,3,    1.990,2,    0.150,2,    9.260,2,   2176.5,2,   2248.7, 2,      992,  -1.3148
  18SN19970831,    16,  1,      1,19970904,0000, 75.0333,-100.8333,  210,    200.2,  -1.3095,  32.9997,2,    3.950,2,    1.850,2,    0.160,2,    9.100,2,   2177.5,2,   2269.7, 2,      993,  -1.3140
  18SN19970831,    19,  1,     12,19970905,0000, 75.0300,-102.0150,  144,      2.7,  -1.6240,  30.9562,2,    7.440,2,    3.680,2,    0.430,2,   10.300,3,   2007.2,2,   2163.4, 2,      994,  -1.6240
  18SN19970831,    19,  1,     11,19970905,0000, 75.0300,-102.0150,  144,     12.8,  -1.6560,  30.9767,2,    7.570,2,    3.710,2,    0.320,2,   10.950,2,   2012.4,2,   2167.6, 2,      995,  -1.6562
  18SN19970831,    19,  1,     10,19970905,0000, 75.0300,-102.0150,  144,     22.4,  -1.6915,  31.5082,2,    7.130,2,    3.470,2,    0.460,3,   10.790,2,   2044.1,2,   2191.4, 2,      996,  -1.6918
  18SN19970831,    19,  1,      9,19970905,0000, 75.0300,-102.0150,  144,     33.0,  -1.6430,  31.8429,2,    6.190,2,    3.030,2,    0.340,2,   11.890,2,   2099.1,2,   2220.2, 2,      997,  -1.6435
  18SN19970831,    19,  1,      8,19970905,0000, 75.0300,-102.0150,  144,     43.0,  -1.5445,  32.3285,2,    5.760,2,    2.680,2,    0.320,2,   12.090,2,   2130.3,2,   2226.4, 2,      998,  -1.5453
  18SN19970831,    19,  1,      7,19970905,0000, 75.0300,-102.0150,  144,     52.8,  -1.5430,  32.4503,2,    6.080,3,    2.470,2,    0.200,2,   12.080,2,   2140.7,2,   2229.7, 2,      999,  -1.5440
  18SN19970831,    19,  1,      6,19970905,0000, 75.0300,-102.0150,  144,     62.7,  -1.5115,  32.5710,2,    5.310,2,    2.420,2,    0.240,3,   11.110,2,   2149.9,2,   2233.9, 2,     1000,  -1.5127
  18SN19970831,    19,  1,      5,19970905,0000, 75.0300,-102.0150,  144,     72.9,  -1.4670,  32.6687,2,    5.190,2,    2.400,2,    0.180,2,   10.660,2,   2156.1,2,   2234.6, 2,     1001,  -1.4684
  18SN19970831,    19,  1,      4,19970905,0000, 75.0300,-102.0150,  144,     92.9,  -1.3770,  32.8461,2,    4.450,2,    2.170,2,    0.190,3,    9.530,2,   2168.8,2,   2241.4, 2,     1002,  -1.3789
  18SN19970831,    19,  1,      3,19970905,0000, 75.0300,-102.0150,  144,    114.2,  -1.2090,  33.1680,2,    3.950,2,    1.720,2,    0.130,2,    8.030,2,   2190.0,2,   2250.5, 2,     1003,  -1.2116
  18SN19970831,    19,  1,      2,19970905,0000, 75.0300,-102.0150,  144,    127.7,  -1.0510,  33.5776,2,    2.940,2,    1.250,2,    0.080,2,    6.350,2,   2215.0,2,   2264.7, 3,     1004,  -1.0542
  18SN19970831,    19,  1,      1,19970905,0000, 75.0300,-102.0150,  144,    134.3,  -0.9740,  33.7160,2,    2.430,2,    1.150,2,    0.090,2,    5.970,2,   2217.6,2,   2260.8, 2,     1005,  -0.9775
  18SN19970831,    22,  1,     14,19970905,0000, 75.0983,-103.2600,  172,      3.0,  -1.6980,  31.5681,2,    6.940,2,    3.320,2,    0.310,2,   10.870,2,   2059.6,2,   2197.2, 3,     1021,  -1.6980
  18SN19970831,    22,  1,     13,19970905,0000, 75.0983,-103.2600,  172,     12.9,  -1.7025,  31.6070,2,    6.680,2,    3.140,2,    0.290,2,   10.660,2,   1662.0,3,   2198.2, 2,     1022,  -1.7027
  18SN19970831,    22,  1,     12,19970905,0000, 75.0983,-103.2600,  172,     23.2,  -1.7010,  31.7620,2,    6.500,2,    3.160,2,    0.310,2,   10.730,2,   2083.0,2,   2206.3, 2,     1023,  -1.7013
  18SN19970831,    22,  1,     11,19970905,0000, 75.0983,-103.2600,  172,     33.0,  -1.5995,  32.0263,2,    5.760,2,    2.690,2,    0.290,2,   11.380,2,   1477.0,3,   2226.8, 3,     1024,  -1.6000
  18SN19970831,    22,  1,     10,19970905,0000, 75.0983,-103.2600,  172,     43.1,  -1.5480,  32.2455,2,    5.640,2,    2.660,2,    0.230,2,   11.320,2,   2127.7,2,   2226.2, 2,     1025,  -1.5488
  18SN19970831,    22,  1,      9,19970905,0000, 75.0983,-103.2600,  172,     53.3,  -1.5410,  32.3845,2,    5.020,2,    2.410,2,    0.210,2,   10.720,2,   2136.2,2,   2227.1, 2,     1026,  -1.5420
  18SN19970831,    22,  1,      8,19970905,0000, 75.0983,-103.2600,  172,     62.9,  -1.4970,  32.5977,2,    4.740,2,    2.300,2,    0.220,2,   10.470,2,   2156.1,2,   2233.1, 2,     1027,  -1.4982
  18SN19970831,    22,  1,      7,19970905,0000, 75.0983,-103.2600,  172,     83.2,  -1.3555,  32.8298,2,    4.290,2,    2.220,2,    0.130,2,    9.470,2,   2175.6,2,   2242.8, 2,     1028,  -1.3572
  18SN19970831,    22,  1,      6,19970905,0000, 75.0983,-103.2600,  172,    103.6,  -1.2805,  32.9786,2,    4.150,2,    1.990,2,    0.140,2,    8.740,2,   2178.3,2,   2245.6, 2,     1029,  -1.2828
  18SN19970831,    22,  1,      5,19970905,0000, 75.0983,-103.2600,  172,    123.6,  -1.2005,  33.1638,2,    3.655,2,    1.680,2,    0.105,2,    8.190,2,   2188.1,2,   2251.6, 2,     1030,  -1.2034
  18SN19970831,    22,  1,      4,19970905,0000, 75.0983,-103.2600,  172,    133.9,  -1.0970,  33.3689,2,    3.390,2,    1.500,2,    0.100,2,    7.960,2,   2198.7,2,   2254.1, 2,     1031,  -1.1003
  18SN19970831,    22,  1,      3,19970905,0000, 75.0983,-103.2600,  172,    143.8,  -1.0155,  33.5240,2,    3.390,2,    1.160,2,    0.050,2,    7.450,2,   2207.9,2,   2263.9, 2,     1032,  -1.0192
  18SN19970831,    22,  1,      2,19970905,0000, 75.0983,-103.2600,  172,    154.0,  -0.8980,  33.7600,2,    2.530,2,    1.090,2,    0.050,2,    7.060,2,   2215.9,2,   2268.1, 2,     1033,  -0.9022
  18SN19970831,    22,  1,      1,19970905,0000, 75.0983,-103.2600,  172,    161.9,  -0.8805,  33.7871,2,    2.260,2,    1.120,2,    0.050,2,    8.300,2,   2216.5,2,   2297.2,36,     1034,  -0.8849
  18SN19970831,    23,  1,     14,19970905,0000, 75.1033,-103.4533,  151,      2.7,  -1.6490,  31.3537,2,    7.150,2,    3.350,2,    0.360,2,   10.470,2,   2041.4,2,   2180.8, 2,     1035,  -1.6490
  18SN19970831,    23,  1,     13,19970905,0000, 75.1033,-103.4533,  151,     11.9,  -1.6700,  31.5151,2,    7.110,2,    3.290,2,    0.320,2,   10.510,2,   2058.0,2,   2184.8, 2,     1036,  -1.6702
  18SN19970831,    23,  1,     12,19970905,0000, 75.1033,-103.4533,  151,     21.9,  -1.7035,  31.7075,2,    6.650,2,    3.010,2,    0.310,2,   10.440,2,   2076.4,2,   2186.4, 2,     1037,  -1.7038
  18SN19970831,    23,  1,     11,19970905,0000, 75.1033,-103.4533,  151,     32.0,  -1.6440,  31.8033,2,    5.920,2,    2.730,2,    0.230,2,   10.390,2,   2099.7,2,   2194.0, 2,     1038,  -1.6445
  18SN19970831,    23,  1,     10,19970905,0000, 75.1033,-103.4533,  151,     42.2,  -1.5350,  32.1109,2,    5.300,2,    2.660,2,    0.210,2,   10.480,2,   2127.5,2,   2215.7, 3,     1039,  -1.5357
  18SN19970831,    23,  1,      9,19970905,0000, 75.1033,-103.4533,  151,     51.5,  -1.4755,  32.3446,2,    4.890,2,    2.210,2,    0.200,2,    9.270,2,   2134.1,2,   2207.1, 2,     1040,  -1.4764
  18SN19970831,    23,  1,      8,19970905,0000, 75.1033,-103.4533,  151,     61.0,  -1.4555,  32.4010,2,    5.030,2,    2.270,2,    0.180,2,    9.300,2,   2143.3,2,   2237.4, 3,     1041,  -1.4566
  18SN19970831,    23,  1,      7,19970905,0000, 75.1033,-103.4533,  151,     66.2,  -1.4195,  32.5357,2,    4.840,2,    2.270,2,    0.140,2,    9.720,2,   2152.7,2,   2228.9, 2,     1042,  -1.4208
  18SN19970831,    23,  1,      6,19970905,0000, 75.1033,-103.4533,  151,     76.5,  -1.3800,  32.6907,2,    4.540,2,    2.170,2,    0.140,2,    8.810,2,   2162.0,2,   2229.8, 2,     1043,  -1.3815
  18SN19970831,    23,  1,      5,19970905,0000, 75.1033,-103.4533,  151,     93.7,  -1.3395,  32.7990,2,    4.290,2,    1.850,3,    0.110,2,    8.300,2,   2167.4,2,   2239.1, 2,     1044,  -1.3415
  18SN19970831,    23,  1,      4,19970905,0000, 75.1033,-103.4533,  151,    103.0,  -1.2925,  32.9101,2,    4.430,3,    1.950,2,    0.120,2,    8.510,2,   2165.5,3,   2233.3, 3,     1045,  -1.2947
  18SN19970831,    23,  1,      3,19970905,0000, 75.1033,-103.4533,  151,    121.7,  -1.1725,  33.1736,2,    3.490,2,    1.720,2,    0.090,2,    7.950,2,   2182.6,2,   2254.6, 2,     1046,  -1.1753
  18SN19970831,    23,  1,      2,19970905,0000, 75.1033,-103.4533,  151,    130.4,  -1.0740,  33.4217,2,    3.130,2,    1.430,2,    0.060,2,    7.240,2,   2198.3,2,   2247.7, 2,     1047,  -1.0772
  18SN19970831,    23,  1,      1,19970905,0000, 75.1033,-103.4533,  151,    140.6,  -0.9295,  33.6922,2,    2.460,2,    1.150,2,    0.040,2,    7.080,2,   -999.0,9,   2257.0, 2,     1048,  -0.9332
  18SN19970831,    24,  1,     16,19970905,0000, 74.6767,-104.0917,  207,      2.2,  -1.6280,  30.6078,2,    7.100,2,    3.500,2,    0.410,2,    9.800,2,   1995.7,2,   2130.6, 2,     1049,  -1.6280
  18SN19970831,    24,  1,     15,19970905,0000, 74.6767,-104.0917,  207,     12.3,  -1.5920,  30.8555,2,    7.070,2,    3.550,2,    0.340,3,    9.770,2,   2011.4,2,   2143.0, 2,     1050,  -1.5922
  18SN19970831,    24,  1,     14,19970905,0000, 74.6767,-104.0917,  207,     23.4,  -1.4690,  30.9689,2,    7.010,2,    3.400,2,    0.370,2,   10.160,2,   2017.1,2,   2162.3, 2,     1051,  -1.4694
  18SN19970831,    24,  1,     13,19970905,0000, 74.6767,-104.0917,  207,     32.2,  -1.3760,  31.5686,2,    6.840,2,    3.330,2,    0.340,2,   10.950,2,   2064.4,2,   2210.7, 3,     1052,  -1.3766
  18SN19970831,    24,  1,     12,19970905,0000, 74.6767,-104.0917,  207,     42.5,  -1.5510,  31.8625,2,    6.450,2,    3.100,2,    0.320,2,   10.760,2,   2094.8,2,   2215.1, 2,     1053,  -1.5517
  18SN19970831,    24,  1,     11,19970905,0000, 74.6767,-104.0917,  207,     52.3,  -1.5805,  32.0204,2,    6.180,2,    2.990,2,    0.250,2,   10.340,2,   2114.3,2,   2216.1, 2,     1054,  -1.5814
  18SN19970831,    24,  1,     10,19970905,0000, 74.6767,-104.0917,  207,     62.6,  -1.5620,  32.1855,2,    5.570,2,    2.620,2,    0.240,2,    9.880,2,   2131.2,2,   2219.9, 2,     1055,  -1.5631
  18SN19970831,    24,  1,      9,19970905,0000, 74.6767,-104.0917,  207,     82.7,  -1.3870,  32.5122,2,    4.200,2,    1.960,2,    0.160,2,    6.870,2,   2172.2,2,   2226.4, 2,     1056,  -1.3886
  18SN19970831,    24,  1,      8,19970905,0000, 74.6767,-104.0917,  207,    102.6,  -1.4060,  32.8268,2,    3.800,2,    1.770,2,    0.090,2,    6.170,2,   2198.1,2,   2235.1, 2,     1057,  -1.4081
  18SN19970831,    24,  1,      7,19970905,0000, 74.6767,-104.0917,  207,    122.0,  -1.3760,  33.2514,2,    3.390,2,    1.550,2,    0.020,3,    5.390,2,   2212.7,2,   2253.0, 2,     1058,  -1.3787
  18SN19970831,    24,  1,      6,19970905,0000, 74.6767,-104.0917,  207,    141.7,  -1.1830,  33.5501,2,    2.450,2,    1.130,2,    0.030,2,    5.190,2,   2220.7,2,   2264.6, 3,     1059,  -1.1864
  18SN19970831,    24,  1,      5,19970905,0000, 74.6767,-104.0917,  207,    156.8,  -0.9370,  33.8672,2,    2.160,2,    0.910,2,    0.010,2,    4.200,3,   2220.9,2,   2258.7, 2,     1060,  -0.9412
  18SN19970831,    24,  1,      4,19970905,0000, 74.6767,-104.0917,  207,    172.0,  -0.6985,  34.1149,2,    1.560,2,    0.730,2,    0.020,2,    5.590,3,   2220.6,2,   2266.1, 3,     1061,  -0.7036
  18SN19970831,    24,  1,      3,19970905,0000, 74.6767,-104.0917,  207,    183.6,  -0.4425,  34.3290,2,    1.530,2,    0.460,2,    0.000,2,    5.110,2,   2224.9,2,   2265.0, 2,     1062,  -0.4485
  18SN19970831,    24,  1,      2,19970905,0000, 74.6767,-104.0917,  207,    193.0,  -0.3755,  34.3883,2,    1.170,2,    0.490,2,    0.010,2,    5.300,2,   2220.9,2,   2265.2, 2,     1063,  -0.3819
  18SN19970831,    24,  1,      1,19970905,0000, 74.6767,-104.0917,  207,    196.9,  -0.3705,  34.3910,2,    1.140,2, -999.000,9,    0.010,2,    3.790,3,   2223.7,2,   2309.0, 3,     1064,  -0.3771
  18SN19970831,    25,  1,     12,19970906,0000, 75.1167,-105.0067,  127,      3.6,  -1.6145,  31.2686,2,    7.210,2,    3.430,2,    0.320,2,   11.230,2,   2035.4,2,   2176.9, 2,     1065,  -1.6146
  18SN19970831,    25,  1,     11,19970906,0000, 75.1167,-105.0067,  127,     12.7,  -1.6430,  31.2767,2,    7.050,2,    3.460,2,    0.310,2,   10.720,2,   2037.6,2,   2177.6, 2,     1066,  -1.6432
  18SN19970831,    25,  1,     10,19970906,0000, 75.1167,-105.0067,  127,     22.1,  -1.4510,  31.8255,2,    6.480,2,    3.040,2,    0.260,2,   10.720,2,   -999.0,9,   2194.2, 2,     1067,  -1.4514
  18SN19970831,    25,  1,      9,19970906,0000, 75.1167,-105.0067,  127,     26.2,  -1.4945,  31.8832,2,    6.140,2,    2.810,2,    0.250,2,   10.260,2,   2096.3,3,   2198.7, 2,     1068,  -1.4949
  18SN19970831,    25,  1,      8,19970906,0000, 75.1167,-105.0067,  127,     30.4,  -1.5060,  31.9438,2,    6.140,2,    2.810,2,    0.240,2,    8.630,3,   2080.6,2,   2205.1, 2,     1069,  -1.5065
  18SN19970831,    25,  1,      7,19970906,0000, 75.1167,-105.0067,  127,     41.8,  -1.5235,  32.2431,2,    5.695,2,    2.675,2,    0.200,2,    9.860,2,   2131.3,2,   2211.3, 2,     1070,  -1.5242
  18SN19970831,    25,  1,      6,19970906,0000, 75.1167,-105.0067,  127,     49.9,  -1.4515,  32.3457,2,    5.460,2,    2.500,2,    0.140,2,    9.890,2,   2142.9,2,   2208.9, 2,     1071,  -1.4524
  18SN19970831,    25,  1,      5,19970906,0000, 75.1167,-105.0067,  127,     59.2,  -1.4055,  32.4904,2,    4.620,2,    2.070,2,    0.130,2,    9.940,2,   2158.6,2,   2220.8, 2,     1072,  -1.4066
  18SN19970831,    25,  1,      4,19970906,0000, 75.1167,-105.0067,  127,     68.4,  -1.3865,  32.6438,2,    4.540,2,    2.030,2,    0.100,2,    9.290,2,   2174.5,2,   2224.8, 2,     1073,  -1.3879
  18SN19970831,    25,  1,      3,19970906,0000, 75.1167,-105.0067,  127,     78.4,  -1.3985,  32.7633,2,    4.540,2,    2.050,2,    0.090,2,    9.090,2,   2186.3,3,   2225.1, 2,     1074,  -1.4001
  18SN19970831,    25,  1,      2,19970906,0000, 75.1167,-105.0067,  127,     89.2,  -1.4000,  32.8106,2,    4.330,2,    2.050,2,    0.080,2,    8.840,2,   2188.2,2,   2237.0, 3,     1075,  -1.4018
  18SN19970831,    25,  1,      1,19970906,0000, 75.1167,-105.0067,  127,     92.8,  -1.4005,  32.8981,2,    4.010,2,    1.870,2,    0.090,2,    8.110,2,   2196.6,2,   2262.2, 3,     1076,  -1.4024
  18SN19970831,    27,  1,     18,19970906,0000, 75.0550,-105.4250,  223,      2.8,  -1.5915,  31.1762,2,    7.350,2,    3.530,2,    0.330,2,    9.730,3,   2017.7,2,   2182.1, 2,     1077,  -1.5915
  18SN19970831,    27,  1,     17,19970906,0000, 75.0550,-105.4250,  223,     11.8,  -1.6055,  31.1787,2,    7.390,2,    3.540,2,    0.320,2,   10.100,3,   2017.1,2,   2177.5, 2,     1078,  -1.6057
  18SN19970831,    27,  1,     16,19970906,0000, 75.0550,-105.4250,  223,     16.8,  -1.6120,  31.1880,2,    7.500,2,    3.470,2,    0.330,2,    9.430,3,   2019.3,2,   2164.1, 3,     1079,  -1.6122
  18SN19970831,    27,  1,     15,19970906,0000, 75.0550,-105.4250,  223,     24.7,  -1.5755,  31.3208,2,    7.110,2,    3.370,2,    0.340,2,   10.210,3,   2047.4,2,   2190.3, 2,     1080,  -1.5759
  18SN19970831,    27,  1,     14,19970906,0000, 75.0550,-105.4250,  223,     35.1,  -1.4605,  31.7236,2,    7.180,2,    3.270,2,    0.320,2,   10.960,3,   2067.2,2,   2203.2, 2,     1081,  -1.4611
  18SN19970831,    27,  1,     13,19970906,0000, 75.0550,-105.4250,  223,     53.0,  -1.5835,  32.1306,2,    6.460,3,    2.960,2,    0.180,2,   10.270,2,   2117.3,2,   2213.6, 3,     1082,  -1.5844
  18SN19970831,    27,  1,     12,19970906,0000, 75.0550,-105.4250,  223,     63.1,  -1.4735,  32.3423,2,    5.340,2,    2.650,2,    0.170,2,    9.930,2,   2138.6,2,   2220.1, 2,     1083,  -1.4747
  18SN19970831,    27,  1,     11,19970906,0000, 75.0550,-105.4250,  223,     73.1,  -1.4280,  32.4625,2,    4.840,2,    2.300,2,    0.140,2,    9.090,2,   2150.2,2,   2218.4, 2,     1084,  -1.4294
  18SN19970831,    27,  1,     10,19970906,0000, 75.0550,-105.4250,  223,     82.8,  -1.4045,  32.5984,2,    4.730,2,    2.190,2,    0.120,2,    8.890,2,   2160.5,2,   2222.8, 2,     1085,  -1.4061
  18SN19970831,    27,  1,      9,19970906,0000, 75.0550,-105.4250,  223,     92.0,  -1.3840,  32.7611,2,    4.260,2,    1.850,2,    0.080,2,    8.280,2,   2173.3,2,   2225.7, 2,     1086,  -1.3859
  18SN19970831,    27,  1,      8,19970906,0000, 75.0550,-105.4250,  223,    102.1,  -1.2955,  32.9714,2,    4.030,2,    1.880,2,    0.090,2,    8.080,2,   2181.4,2,   2239.6, 2,     1087,  -1.2977
  18SN19970831,    27,  1,      7,19970906,0000, 75.0550,-105.4250,  223,    112.4,  -1.2380,  33.1999,2,    3.440,2,    1.520,2,    0.060,2,    7.120,2,   2200.9,2,   2253.0, 2,     1088,  -1.2406
  18SN19970831,    27,  1,      6,19970906,0000, 75.0550,-105.4250,  223,    132.3,  -1.1325,  33.4325,2,    3.000,2,    1.310,2,    0.050,2,    7.420,2,   2207.5,2,   2257.7, 2,     1089,  -1.1357
  18SN19970831,    27,  1,      5,19970906,0000, 75.0550,-105.4250,  223,    151.8,  -0.9575,  33.7384,2,    2.490,2,    0.970,2,    0.030,2,    5.700,2,   2219.1,2,   2270.9, 2,     1090,  -0.9615
  18SN19970831,    27,  1,      4,19970906,0000, 75.0550,-105.4250,  223,    176.6,  -0.8730,  33.8483,2,    2.300,2,    0.910,2,    0.030,2,    6.710,2,   2220.4,2,   2260.7, 2,     1091,  -0.8779
  18SN19970831,    27,  1,      3,19970906,0000, 75.0550,-105.4250,  223,    191.2,  -0.8200,  33.9140,2,    2.280,2,    0.780,2,    0.020,2,    5.820,2,   2221.1,2,   2263.7, 2,     1092,  -0.8254
  18SN19970831,    27,  1,      2,19970906,0000, 75.0550,-105.4250,  223,    201.3,  -0.7585,  33.9848,2,    2.240,2,    0.820,2,    0.020,2,    6.660,2,   2220.4,2,   2269.2, 2,     1093,  -0.7644
  18SN19970831,    27,  1,      1,19970906,0000, 75.0550,-105.4250,  223,    213.3,  -0.7245,  34.0190,2,    2.220,2,    0.700,2,    0.020,2,    5.630,2,   2220.0,2,   2293.9, 3,     1094,  -0.7308
  18SN19970831,    29,  1,     10,19970906,0000, 75.0667,-105.8333,   99,      3.2,  -1.5215,  31.3631,2,    7.530,2,    3.500,2,    0.350,2,    9.580,3,   2043.5,2,   2190.0, 2,     1095,  -1.5215
  18SN19970831,    29,  1,      9,19970906,0000, 75.0667,-105.8333,   99,     13.3,  -1.6020,  31.3789,2,    7.210,2,    3.430,2,    0.310,2,   10.270,3,   2044.3,2,   2187.8, 2,     1096,  -1.6022
  18SN19970831,    29,  1,      8,19970906,0000, 75.0667,-105.8333,   99,     23.1,  -1.5540,  31.5778,2,    6.770,2,    3.200,2,    0.310,2,    9.440,3,   2068.8,2,   2193.6, 2,     1097,  -1.5544
  18SN19970831,    29,  1,      7,19970906,0000, 75.0667,-105.8333,   99,     33.0,  -1.5055,  31.7742,2,    6.290,2,    2.990,2,    0.300,2,   10.090,3,   2089.0,2,   2197.6, 2,     1098,  -1.5061
  18SN19970831,    29,  1,      6,19970906,0000, 75.0667,-105.8333,   99,     43.1,  -1.4755,  31.9831,2,    5.750,2,    2.730,2,    0.240,2,    9.760,3,   2112.9,2,   2205.6, 2,     1099,  -1.4763
  18SN19970831,    29,  1,      5,19970906,0000, 75.0667,-105.8333,   99,     53.6,  -1.4265,  32.2752,2,    5.720,2,    2.530,2,    0.240,2,   10.120,2,   2127.6,2,   2214.3, 2,     1100,  -1.4275
  18SN19970831,    29,  1,      4,19970906,0000, 75.0667,-105.8333,   99,     63.4,  -1.3975,  32.4270,2,    5.380,2,    2.320,2,    0.190,2,    9.900,2,   2141.0,2,   2217.3, 2,     1101,  -1.3987
  18SN19970831,    29,  1,      3,19970906,0000, 75.0667,-105.8333,   99,     73.4,  -1.3705,  32.5492,2,    5.010,2,    2.300,2,    0.160,2,    8.920,2,   2149.0,2,   2219.9, 2,     1102,  -1.3720
  18SN19970831,    29,  1,      2,19970906,0000, 75.0667,-105.8333,   99,     83.4,  -1.3370,  32.7093,2,    4.540,2,    2.080,2,    0.090,2,    9.930,3,   2164.2,2,   2235.8, 2,     1103,  -1.3387
  18SN19970831,    29,  1,      1,19970906,0000, 75.0667,-105.8333,   99,     88.6,  -1.3160,  32.7859,2,    4.370,2,    1.900,2,    0.100,2,    9.310,3,   2165.5,2,   2243.6, 2,     1104,  -1.3179
  18SN19970831,    30,  1,     14,19970907,0000, 74.9167,-108.6817,  140,      3.1,  -1.5470,  31.6593,2,    7.520,2,    3.690,2,    0.370,2,   10.650,2,   2069.5,2,   2202.3, 2,     1105,  -1.5470
  18SN19970831,    30,  1,     13,19970907,0000, 74.9167,-108.6817,  140,     13.1,  -1.5520,  31.6586,2,    7.530,2,    3.520,2,    0.370,2,   10.720,2,   2074.4,2,   2210.0, 2,     1106,  -1.5522
  18SN19970831,    30,  1,     12,19970907,0000, 74.9167,-108.6817,  140,     23.1,  -1.5690,  31.7601,2,    7.180,2,    3.480,2,    0.340,2,   10.860,2,   2080.6,2,   2210.6, 2,     1107,  -1.5694
  18SN19970831,    30,  1,     11,19970907,0000, 74.9167,-108.6817,  140,     33.6,  -1.5355,  31.9145,2,    6.950,2,    3.130,2,    0.320,2,   10.420,2,   2095.8,2,   2219.8, 3,     1108,  -1.5361
  18SN19970831,    30,  1,     10,19970907,0000, 74.9167,-108.6817,  140,     43.0,  -1.5700,  32.0188,2,    6.520,2,    3.060,2,    0.280,2, -999.000,9,   2105.2,2,   2214.4, 2,     1109,  -1.5707
  18SN19970831,    30,  1,      9,19970907,0000, 74.9167,-108.6817,  140,     53.5,  -1.5355,  32.1747,2,    6.700,2,    2.750,2,    0.260,2,   10.070,2,   2132.9,2,   2218.1, 2,     1110,  -1.5364
  18SN19970831,    30,  1,      8,19970907,0000, 74.9167,-108.6817,  140,     62.8,  -1.4795,  32.2817,2,    6.300,2,    2.530,2,    0.230,2,   10.270,3,   -999.0,9,   2216.0, 3,     1111,  -1.4807
  18SN19970831,    30,  1,      7,19970907,0000, 74.9167,-108.6817,  140,     73.2,  -1.4575,  32.3628,2,    5.640,2,    2.460,2,    0.200,2,    9.850,2,   2147.0,2,   2220.0, 2,     1112,  -1.4589
  18SN19970831,    30,  1,      6,19970907,0000, 74.9167,-108.6817,  140,     92.7,  -1.4205,  32.5866,2,    4.820,2,    2.240,2,    0.190,2,    8.850,2,   2171.6,2,   2222.2, 2,     1113,  -1.4223
  18SN19970831,    30,  1,      5,19970907,0000, 74.9167,-108.6817,  140,    103.5,  -1.4120,  32.6846,2,    4.820,2,    2.130,2,    0.140,2,    8.920,2,   2182.9,2,   2228.7, 2,     1114,  -1.4141
  18SN19970831,    30,  1,      4,19970907,0000, 74.9167,-108.6817,  140,    112.3,  -1.4075,  32.7388,2,    4.570,2,    2.120,2,    0.110,2,    8.610,2,   2190.9,2,   2229.7, 2,     1115,  -1.4098
  18SN19970831,    30,  1,      3,19970907,0000, 74.9167,-108.6817,  140,    117.8,  -1.4070,  32.7459,2, -999.000,9, -999.000,9, -999.000,9, -999.000,9,   -999.0,9,   -999.0, 9,     1116,  -1.4094
  18SN19970831,    30,  1,      2,19970907,0000, 74.9167,-108.6817,  140,    121.0,  -1.4070,  32.7467,2,    4.490,2,    2.050,2,    0.110,2,    8.780,2,   2190.2,2,   2232.0, 2,     1117,  -1.4095
  18SN19970831,    30,  1,      1,19970907,0000, 74.9167,-108.6817,  140,    130.5,  -1.4050,  32.7648,2,    4.530,2,    2.100,2,    0.110,2,    8.830,2,   2192.9,2,   2237.6, 3,     1118,  -1.4077
  18SN19970831,    32,  1,     15,19970907,0000, 74.7600,-108.9267,  156,      3.0,  -1.5660,  30.6997,2,    7.590,2,    3.580,2,    0.340,2,   11.630,2,   2031.1,2,   2196.8, 3,     1119,  -1.5660
  18SN19970831,    32,  1,     14,19970907,0000, 74.7600,-108.9267,  156,     13.3,  -1.5380,  31.3032,2,    7.440,2,    3.500,2,    0.380,2,   10.690,2,   2048.9,2,   2184.5, 2,     1120,  -1.5382
  18SN19970831,    32,  1,     13,19970907,0000, 74.7600,-108.9267,  156,     23.7,  -1.4825,  31.6195,2,    7.040,2,    3.280,2,    0.340,2,   10.660,2,   2079.4,2,   2224.2, 3,     1121,  -1.4829
  18SN19970831,    32,  1,     12,19970907,0000, 74.7600,-108.9267,  156,     33.7,  -1.4710,  31.9812,2,    6.240,2,    2.840,2,    0.260,2,   10.500,2,   2108.8,2,   2211.6, 2,     1122,  -1.4716
  18SN19970831,    32,  1,     11,19970907,0000, 74.7600,-108.9267,  156,     43.6,  -1.3980,  32.1627,2,    5.910,2,    2.600,2,    0.180,2,   10.270,2,   2132.6,2,   2220.0, 2,     1123,  -1.3988
  18SN19970831,    32,  1,     10,19970907,0000, 74.7600,-108.9267,  156,     53.9,  -1.3750,  32.3933,2,    5.090,2,    2.300,2,    0.160,2,    8.730,3,   2150.8,2,   2215.4, 2,     1124,  -1.3760
  18SN19970831,    32,  1,      9,19970907,0000, 74.7600,-108.9267,  156,     64.2,  -1.3725,  32.5063,2,    4.680,2,    2.160,2,    0.130,2,    9.070,2,   2164.1,2,   2224.7, 2,     1125,  -1.3738
  18SN19970831,    32,  1,      8,19970907,0000, 74.7600,-108.9267,  156,     73.7,  -1.3790,  32.6186,2,    4.630,2,    2.120,2,    0.130,2,    7.930,3,   2173.4,2,   2226.3, 2,     1126,  -1.3805
  18SN19970831,    32,  1,      7,19970907,0000, 74.7600,-108.9267,  156,     83.9,  -1.4135,  32.7613,2,    4.310,2,    2.030,2,    0.130,3,    8.190,3,    768.6,4,   2236.4, 2,     1127,  -1.4152
  18SN19970831,    32,  1,      6,19970907,0000, 74.7600,-108.9267,  156,    104.4,  -1.4115,  33.0254,2,    3.810,2,    1.800,2,    0.080,2,    7.340,2,   2203.0,2,   2251.7, 2,     1128,  -1.4137
  18SN19970831,    32,  1,      5,19970907,0000, 74.7600,-108.9267,  156,    114.9,  -1.3730,  33.1947,2,    3.320,2,    1.470,2,    0.070,2,    6.780,2,   2207.1,2,   2262.5, 3,     1129,  -1.3755
  18SN19970831,    32,  1,      4,19970907,0000, 74.7600,-108.9267,  156,    127.5,  -1.2780,  33.4255,2,    3.030,2,    1.470,2,    0.060,2,    6.550,2,   2213.5,2,   2257.0, 2,     1130,  -1.2809
  18SN19970831,    32,  1,      3,19970907,0000, 74.7600,-108.9267,  156,    136.4,  -1.1985,  33.5324,2,    2.680,2,    1.280,2,    0.030,2,    6.280,2,   2215.0,2,   2268.2, 2,     1131,  -1.2018
  18SN19970831,    32,  1,      2,19970907,0000, 74.7600,-108.9267,  156,    141.0,  -1.1365,  33.6200,2,    2.490,2,    1.130,2,    0.050,2,    6.210,2,   2215.0,2,   2247.9, 3,     1132,  -1.1400
  18SN19970831,    32,  1,      1,19970907,0000, 74.7600,-108.9267,  156,    145.8,  -0.9250,  33.8986,2,    2.470,2,    0.880,2,    0.040,2,    6.230,2,   2215.6,2,   2306.1, 3,     1133,  -0.9290
  18SN19970831,    33,  1,     18,19970907,0000, 74.6017,-109.0067,  278,      2.5,  -1.5335,  30.2972,2,    7.630,2,    3.700,2,    0.390,2,   12.230,2,   1952.0,2,   2087.2, 2,     1134,  -1.5335
  18SN19970831,    33,  1,     17,19970907,0000, 74.6017,-109.0067,  278,     12.6,  -1.5745,  31.1649,2,    7.460,2,    3.590,2,    0.360,2,   10.320,3,   2041.3,2,   2185.9, 2,     1135,  -1.5747
  18SN19970831,    33,  1,     16,19970907,0000, 74.6017,-109.0067,  278,     22.7,  -1.4775,  31.7039,2,    7.250,2,    3.590,2,    0.380,2,   12.270,2,   2078.8,2,   2207.9, 2,     1136,  -1.4779
  18SN19970831,    33,  1,     15,19970907,0000, 74.6017,-109.0067,  278,     32.8,  -1.4560,  31.8436,2,    6.970,2,    3.250,2,    0.310,2,   10.940,2,   2084.3,2,   2219.5, 2,     1137,  -1.4566
  18SN19970831,    33,  1,     14,19970907,0000, 74.6017,-109.0067,  278,     52.8,  -1.4295,  32.1980,2,    5.360,2,    2.640,2,    0.160,2,   10.770,2,   2133.5,2,   2223.5, 2,     1138,  -1.4305
  18SN19970831,    33,  1,     13,19970907,0000, 74.6017,-109.0067,  278,     63.1,  -1.3705,  32.3445,2,    5.230,2,    2.280,2,    0.130,2,    8.280,2,   2151.5,2,   2221.0, 3,     1139,  -1.3717
  18SN19970831,    33,  1,     12,19970907,0000, 74.6017,-109.0067,  278,     83.1,  -1.3805,  32.6667,2,    4.250,2,    2.150,2,    0.090,3,    7.920,2,   2181.0,2,   2230.5, 2,     1140,  -1.3822
  18SN19970831,    33,  1,     11,19970907,0000, 74.6017,-109.0067,  278,    103.3,  -1.4465,  32.9246,2,    4.060,2,    1.930,2,    0.100,2,    7.310,2,   2196.7,2,   2248.8, 2,     1141,  -1.4486
  18SN19970831,    33,  1,     10,19970907,0000, 74.6017,-109.0067,  278,    118.5,  -1.4420,  33.1124,2,    4.020,2,    1.800,2,    0.080,2,    6.750,2,   2207.1,2,   2253.7, 2,     1142,  -1.4445
  18SN19970831,    33,  1,      9,19970907,0000, 74.6017,-109.0067,  278,    133.5,  -1.2800,  33.4240,2,    2.880,2,    1.380,2,    0.050,2,    6.190,2,   2217.7,2,   2267.6, 2,     1143,  -1.2831
  18SN19970831,    33,  1,      8,19970907,0000, 74.6017,-109.0067,  278,    158.8,  -0.9835,  33.8204,2,    2.290,2,    0.920,2,    0.040,2,    6.080,2,   2218.4,2,   2270.9, 2,     1144,  -0.9877
  18SN19970831,    33,  1,      7,19970907,0000, 74.6017,-109.0067,  278,    183.9,  -0.5980,  34.2114,2,    1.510,2,    0.650,2,    0.020,2,    6.170,2,   2215.4,2,   2275.5, 2,     1145,  -0.6037
  18SN19970831,    33,  1,      6,19970907,0000, 74.6017,-109.0067,  278,    208.8,  -0.3425,  34.4217,2,    1.190,2,    0.440,2,    0.010,2,    5.310,2,   2215.5,2,   2277.2, 2,     1146,  -0.3495
  18SN19970831,    33,  1,      5,19970907,0000, 74.6017,-109.0067,  278,    229.4,  -0.1345,  34.5755,2,    1.350,2,    0.510,2,    0.010,2,    6.130,3,   2209.6,2,   2279.3, 2,     1147,  -0.1428
  18SN19970831,    33,  1,      4,19970907,0000, 74.6017,-109.0067,  278,    239.5,  -0.1170,  34.5882,2,    1.360,2,    0.360,2,    0.010,2,    6.700,3,   2211.2,2,   2276.2, 2,     1148,  -0.1257
  18SN19970831,    33,  1,      3,19970907,0000, 74.6017,-109.0067,  278,    249.3,  -0.0970,  34.6021,2, -999.000,9,    0.470,2,    0.010,2,    6.700,3,   2210.9,2,   2277.0, 2,     1149,  -0.1061
  18SN19970831,    33,  1,      2,19970907,0000, 74.6017,-109.0067,  278,    259.2,  -0.0850,  34.6078,2,    1.110,2,    0.440,2,    0.010,2,    5.200,2,   2208.8,2,   2279.2, 2,     1150,  -0.0945
  18SN19970831,    33,  1,      1,19970907,0000, 74.6017,-109.0067,  278,    268.3,  -0.0635,  34.6218,2,    1.230,2,    0.490,2,    0.000,2,    5.410,2,   2209.8,2,   2279.2, 2,     1151,  -0.0734
  18SN19970831,    34,  1,     23,19970908,0000, 74.3733,-109.0750,  434,      2.5,  -1.6060,  29.5781,2,    7.930,2,    3.870,2,    0.430,2,   11.310,2,   1945.7,2,   2083.6, 2,     1152,  -1.6060
  18SN19970831,    34,  1,     22,19970908,0000, 74.3733,-109.0750,  434,     12.6,  -1.6300,  30.2036,2,    7.460,2,    3.670,2,    0.390,2,   12.240,2,   1981.6,2,   2120.3, 2,     1153,  -1.6302
  18SN19970831,    34,  1,     21,19970908,0000, 74.3733,-109.0750,  434,     22.7,  -1.5875,  31.0367,2,    7.730,2,    3.990,2,    0.410,2,   11.880,2,   2022.0,2,   2158.5, 2,     1154,  -1.5878
  18SN19970831,    34,  1,     20,19970908,0000, 74.3733,-109.0750,  434,     32.7,  -1.4645,  31.5224,2,    7.160,2,    3.490,2,    0.300,2,   11.470,2,   2068.9,2,   2202.9, 2,     1155,  -1.4650
  18SN19970831,    34,  1,     19,19970908,0000, 74.3733,-109.0750,  434,     53.1,  -1.4570,  32.1191,2,    6.600,2,    2.980,2,    0.270,2,    9.550,2,   2131.2,2,   2214.4, 2,     1156,  -1.4580
  18SN19970831,    34,  1,     18,19970908,0000, 74.3733,-109.0750,  434,     62.9,  -1.3740,  32.3662,2,    4.850,2,    2.480,2,    0.100,2,    9.230,2,   2148.7,2,   2217.0, 2,     1157,  -1.3752
  18SN19970831,    34,  1,     17,19970908,0000, 74.3733,-109.0750,  434,     83.2,  -1.3690,  32.5649,2,    4.300,2,    2.350,2,    0.080,2,    6.790,3,   2174.1,2,   2226.3, 2,     1158,  -1.3707
  18SN19970831,    34,  1,     16,19970908,0000, 74.3733,-109.0750,  434,    103.2,  -1.4325,  32.8254,2,    4.190,2,    2.130,2,    0.060,2,    7.610,3,   2191.9,2,   2242.4, 2,     1159,  -1.4346
  18SN19970831,    34,  1,     15,19970908,0000, 74.3733,-109.0750,  434,    123.3,  -1.4435,  33.0726,2,    3.595,3,    1.595,3,    0.075,3,    6.430,2,   2209.1,2,   2252.6, 2,     1160,  -1.4461
  18SN19970831,    34,  1,     14,19970908,0000, 74.3733,-109.0750,  434,    143.7,  -1.3205,  33.3903,2,    3.570,3,    1.490,2,    0.050,2,    5.870,2,   2214.7,2,   2268.4, 2,     1161,  -1.3238
  18SN19970831,    34,  1,     13,19970908,0000, 74.3733,-109.0750,  434,    163.7,  -1.0535,  33.7353,2,    2.410,2,    1.140,2,    0.020,2,    4.580,3,   2220.5,3,   2270.1, 2,     1162,  -1.0577
  18SN19970831,    34,  1,     12,19970908,0000, 74.3733,-109.0750,  434,    184.2,  -0.7205,  34.0688,2,    1.520,2,    0.630,2,    0.000,3,    4.630,3,   2216.6,2,   2276.3, 2,     1163,  -0.7259
  18SN19970831,    34,  1,     11,19970908,0000, 74.3733,-109.0750,  434,    204.1,  -0.4775,  34.3144,2,    1.450,2,    0.610,2,    0.010,2,    5.320,2,   2219.4,2,   2274.6, 2,     1164,  -0.4841
  18SN19970831,    34,  1,     10,19970908,0000, 74.3733,-109.0750,  434,    229.0,  -0.2800,  34.4710,2,    1.290,2,    0.430,2,    0.000,2,    5.160,2,   2214.7,2,   2274.8, 2,     1165,  -0.2879
  18SN19970831,    34,  1,      9,19970908,0000, 74.3733,-109.0750,  434,    255.1,  -0.1225,  34.5863,2,    1.250,2,    0.410,2,    0.000,2,    4.610,2,   2209.4,2,   2277.0, 2,     1166,  -0.1318
  18SN19970831,    34,  1,      8,19970908,0000, 74.3733,-109.0750,  434,    280.0,   0.0150,  34.6785,2,    1.020,3,    0.390,2,    0.000,2,    4.760,2,   2203.0,2,   2285.8, 3,     1167,   0.0044
  18SN19970831,    34,  1,      7,19970908,0000, 74.3733,-109.0750,  434,    305.7,   0.1510,  34.7485,2, -999.000,9,    0.490,2,    0.010,2,    5.930,3,   2199.2,2,   2270.4, 3,     1168,   0.1390
  18SN19970831,    34,  1,      6,19970908,0000, 74.3733,-109.0750,  434,    330.4,   0.2165,  34.7902,2,    1.150,2,    0.410,2,    0.010,2,    4.750,2,   2196.9,2,   2280.3, 2,     1169,   0.2032
  18SN19970831,    34,  1,      5,19970908,0000, 74.3733,-109.0750,  434,    355.6,   0.2685,  34.8124,2,    1.260,2,    0.480,2,    0.000,2,    4.720,2,   2201.4,2,   2276.6, 2,     1170,   0.2539
  18SN19970831,    34,  1,      4,19970908,0000, 74.3733,-109.0750,  434,    380.9,   0.3055,  34.8304,2,    1.140,2,    0.370,2,    0.000,2,    4.070,2,   2206.9,2,   2281.3, 2,     1171,   0.2897
  18SN19970831,    34,  1,      3,19970908,0000, 74.3733,-109.0750,  434,    403.9,   0.3350,  34.8399,2,    0.800,2,    0.240,2,    0.000,2,    6.240,3,   2217.6,3,   2278.1, 2,     1172,   0.3180
  18SN19970831,    34,  1,      2,19970908,0000, 74.3733,-109.0750,  434,    414.3,   0.3425,  34.8423,2,    0.760,2,    0.210,2,    0.000,2,    5.540,2,   2218.7,3,   2282.6, 2,     1173,   0.3250
  18SN19970831,    34,  1,      1,19970908,0000, 74.3733,-109.0750,  434,    424.4,   0.3475,  34.8451,2,    0.720,2,    0.200,2,    0.000,2,    5.330,2,   2221.5,3,   2300.1, 3,     1174,   0.3296
  18SN19970831,    36,  1,     13,19970914,0000, 73.4500,-126.5967,  194,      2.9,  -1.5500,  29.0335,2,    7.460,2,    3.690,2,    0.400,2,   12.390,2,   1913.7,2,   2029.2, 2,     1175,  -1.5500
  18SN19970831,    36,  1,     12,19970914,0000, 73.4500,-126.5967,  194,      8.4,  -1.5620,  29.0476,2,    7.425,2,    3.520,2,    0.395,3,   11.850,3,   1919.0,2,   2036.9, 2,     1176,  -1.5621
  18SN19970831,    36,  1,     11,19970914,0000, 73.4500,-126.5967,  194,     18.2,  -1.4935,  29.1790,2,    7.460,2,    3.430,2,    0.340,3,   12.320,2,   1927.2,2,   2046.3, 2,     1177,  -1.4937
  18SN19970831,    36,  1,     10,19970914,0000, 73.4500,-126.5967,  194,     28.1,  -0.4140,  30.7180,2,    7.030,2,    3.390,2,    0.370,2,   11.760,2,   2026.2,2,   2150.4, 2,     1178,  -0.4147
  18SN19970831,    36,  1,      9,19970914,0000, 73.4500,-126.5967,  194,     33.3,  -0.2920,  31.1716,2,    6.880,2,    3.470,2,    0.390,2,   12.150,2,   2048.7,2,   2183.2, 2,     1179,  -0.2929
  18SN19970831,    36,  1,      8,19970914,0000, 73.4500,-126.5967,  194,     38.1,  -1.1675,  31.4611,2,    7.190,2,    3.380,2,    0.360,2,   11.860,2,   2068.2,2,   2195.6, 3,     1180,  -1.1682
  18SN19970831,    36,  1,      7,19970914,0000, 73.4500,-126.5967,  194,     43.6,  -1.3575,  31.6201,2,    6.910,2,    3.200,2,    0.350,2,   11.870,2,   2088.1,2,   2218.8, 3,     1181,  -1.3583
  18SN19970831,    36,  1,      6,19970914,0000, 73.4500,-126.5967,  194,     48.6,  -1.2900,  31.7911,2,    6.780,2,    3.020,2,    0.290,2,   11.880,2,   2104.7,2,   2211.9, 2,     1182,  -1.2909
  18SN19970831,    36,  1,      5,19970914,0000, 73.4500,-126.5967,  194,     59.3,  -1.2645,  32.0807,2,    5.200,2,    2.600,2,    0.140,2, -999.000,9,   2143.1,2,   2228.5, 2,     1183,  -1.2657
  18SN19970831,    36,  1,      4,19970914,0000, 73.4500,-126.5967,  194,     69.1,  -1.3125,  32.4422,2,    4.810,2,    2.380,2,    0.160,2,   10.450,2,   2171.3,2,   2228.2, 2,     1184,  -1.3139
  18SN19970831,    36,  1,      3,19970914,0000, 73.4500,-126.5967,  194,     78.7,  -1.3565,  32.5773,2,    4.520,2,    2.190,2,    0.100,2,   10.610,2,   2185.7,2,   2237.5, 2,     1185,  -1.3581
  18SN19970831,    36,  1,      2,19970914,0000, 73.4500,-126.5967,  194,     89.2,  -1.3960,  32.7375,2,    4.230,2,    2.060,2,    0.130,2,   10.010,2,   2208.0,2,   2240.6, 2,     1186,  -1.3978
  18SN19970831,    36,  1,      1,19970914,0000, 73.4500,-126.5967,  194,     99.2,  -1.4045,  32.8423,2,    4.260,2,    2.050,2,    0.070,2,   11.950,3,   2217.0,2,   2253.1, 2,     1187,  -1.4065
  18SN19970831,    37,  1,      9,19970914,0000, 74.1517,-125.9083,  373,      3.1,  -1.5395,  29.3074,2,    7.220,2,    3.490,2,    0.410,2,   12.570,2,   1935.0,2,   2060.2, 2,     1188,  -1.5395
  18SN19970831,    37,  1,      8,19970914,0000, 74.1517,-125.9083,  373,     12.2,  -1.4195,  29.4570,2,    7.260,2,    3.820,2,    0.420,2,   12.530,2,   1937.4,2,   2059.9, 2,     1189,  -1.4197
  18SN19970831,    37,  1,      7,19970914,0000, 74.1517,-125.9083,  373,     22.3,  -0.7150,  30.6675,2,    7.090,2,    3.360,2,    0.380,2,   11.770,2,   2027.5,2,   2168.0, 2,     1190,  -0.7155
  18SN19970831,    37,  1,      6,19970914,0000, 74.1517,-125.9083,  373,     32.5,  -0.8715,  31.3211,2,    7.060,2,    3.540,2,    0.390,2,   12.180,2,   2057.7,2,   2197.9, 2,     1191,  -0.8722
  18SN19970831,    37,  1,      5,19970914,0000, 74.1517,-125.9083,  373,     42.6,  -1.2570,  31.5622,2,    7.040,2,    3.460,2,    0.400,2,   11.600,2,   2074.0,2,   2218.1, 2,     1192,  -1.2578
  18SN19970831,    37,  1,      4,19970914,0000, 74.1517,-125.9083,  373,     52.7,  -1.2315,  31.7266,2,    6.360,2,    3.250,2,    0.340,2,   11.280,2,   2096.3,2,   2246.3, 3,     1193,  -1.2325
  18SN19970831,    37,  1,      3,19970914,0000, 74.1517,-125.9083,  373,     62.6,  -1.2695,  31.8823,2,    6.380,2,    3.040,2,    0.310,2,   11.880,2,   2110.5,2,   2229.3, 2,     1194,  -1.2707
  18SN19970831,    37,  1,      2,19970914,0000, 74.1517,-125.9083,  373,     73.0,  -1.2715,  32.0091,2,    5.610,2,    2.940,2,    0.280,2,   11.550,2,   2133.5,2,   2253.4, 3,     1195,  -1.2729
  18SN19970831,    37,  1,      1,19970914,0000, 74.1517,-125.9083,  373,     83.0,  -1.2760,  32.0721,2,    5.460,2,    2.750,2,    0.260,2,   11.020,2,   2159.7,2,   2284.1, 4,     1196,  -1.2777
  18SN19970831,    38,  1,      8,19970916,0000, 70.9417,-133.6933,  768,     10.9,   9.5000,  27.3200,2,    6.300,2,    3.440,2,    0.200,3,   10.650,2,   1957.0,2,   2064.2, 2,     1197,   9.4989
  18SN19970831,    38,  1,      7,19970916,0000, 70.9417,-133.6933,  768,     17.1,  12.0500,  28.9500,2,    6.415,2,    3.155,2,    0.265,2,    9.250,2,   2014.7,2,   2152.1, 3,     1198,  12.0479
  18SN19970831,    38,  1,      6,19970916,0000, 70.9417,-133.6933,  768,     40.5,  10.6667,  31.8700,2,    6.680,2,    3.200,2,    0.270,2,    9.540,2,   2156.8,2,   2249.0, 4,     1199,  10.6620
  18SN19970831,    38,  1,      5,19970916,0000, 70.9417,-133.6933,  768,     47.2,   9.5000,  32.1200,2,    5.790,2,    2.810,2,    0.240,2, -999.000,9,   2204.2,3,   2243.4, 2,     1200,   9.4949
  18SN19970831,    38,  1,      4,19970916,0000, 70.9417,-133.6933,  768,     52.2,   9.3000,  32.1600,2,    6.030,2,    2.850,2,    0.230,2,   10.000,2,   2207.6,3,   2251.5, 3,     1201,   9.2945
  18SN19970831,    38,  1,      3,19970916,0000, 70.9417,-133.6933,  768,     58.8,   8.3000,  32.4300,2,    5.390,2,    2.720,2,    0.230,2, -999.000,9,   2211.2,3,   2241.4, 2,     1202,   8.2942
  18SN19970831,    38,  1,      2,19970916,0000, 70.9417,-133.6933,  768,     61.7,   9.5000,  32.4500,2,    5.540,2,    2.560,2,    0.190,2,   10.320,2,   2206.8,3,   2245.2, 2,     1203,   9.4934
  18SN19970831,    38,  1,      1,19970916,0000, 70.9417,-133.6933,  768,     74.1,   7.1000,  32.6000,2,    4.930,2,    2.590,2,    0.210,2,   11.430,3,   2194.6,2,   2255.6, 2,     1204,   7.0933
  18SN19970831,    42,  1,     10,19970916,0000, 70.9167,-133.0767,  686,      9.9,   8.3000,  28.7900,2,    6.710,2,    3.310,2,    0.270,2,    8.490,3,   2015.2,2,   2140.7, 2,     1217,   8.2991
  18SN19970831,    42,  1,      9,19970916,0000, 70.9167,-133.0767,  686,     14.5,   7.3000,  28.8300,2,    6.880,2,    3.210,2,    0.280,2,    9.000,3,   2021.9,2,   2152.4, 2,     1218,   7.2988
  18SN19970831,    42,  1,      8,19970916,0000, 70.9167,-133.0767,  686,     19.5,   8.4000,  30.9500,2,    6.860,2,    3.310,2,    0.320,2,   10.850,2,   2054.8,2,   2191.1, 2,     1219,   8.3981
  18SN19970831,    42,  1,      7,19970916,0000, 70.9167,-133.0767,  686,     30.1,   8.1000,  31.5700,2,    6.840,2,    3.280,2,    0.290,2,   10.140,2,   2100.3,2,   2225.0, 2,     1220,   8.0971
  18SN19970831,    42,  1,      6,19970916,0000, 70.9167,-133.0767,  686,     39.6,   8.3000,  32.1000,2,    6.010,2,    2.910,2,    0.260,2,   10.090,2,   2184.8,2,   2239.7, 2,     1221,   8.2961
  18SN19970831,    42,  1,      5,19970916,0000, 70.9167,-133.0767,  686,     49.6,   7.3000,  32.4500,2,    5.920,2,    2.530,2,    0.170,2,   10.270,2,   2197.0,2,   2247.2, 2,     1222,   7.2955
  18SN19970831,    42,  1,      4,19970916,0000, 70.9167,-133.0767,  686,     59.4,   8.1000,  32.7500,2,    5.230,2,    2.500,2,    0.210,2,   10.780,2,   2200.6,2,   2248.8, 2,     1223,   8.0942
  18SN19970831,    42,  1,      3,19970916,0000, 70.9167,-133.0767,  686,     69.5,   7.9000,  32.9100,2,    4.930,2,    2.280,2,    0.150,2,    9.860,2,   2201.8,2,   2255.5, 2,     1224,   7.8933
  18SN19970831,    42,  1,      2,19970916,0000, 70.9167,-133.0767,  686,     81.6,   7.9000,  33.0200,2,    4.650,2,    2.290,2,    0.180,2,    9.920,2,   2204.8,2,   2247.7, 3,     1225,   7.8921
  18SN19970831,    42,  1,      1,19970916,0000, 70.9167,-133.0767,  686,     88.5,   7.5000,  33.0300,2,    4.630,2,    2.160,2,    0.140,2,    9.700,2,   2207.6,2,   2253.1, 2,     1226,   7.4917
  18SN19970831,    47,  1,     23,19970916,0000, 71.1500,-133.9833, 1551,      3.3,   7.9000,  27.7600,2,    6.610,2,    3.200,2,    0.280,2,    7.610,4,   1957.9,2,   2064.7, 2,     1227,   7.8997
  18SN19970831,    47,  1,     22,19970916,0000, 71.1500,-133.9833, 1551,     11.7,   8.6000,  27.7900,2,    6.320,2,    3.320,2,    0.290,2,    7.480,4,   1957.5,2,   2070.4, 3,     1228,   8.5989
  18SN19970831,    47,  1,     21,19970916,0000, 71.1500,-133.9833, 1551,     22.1,   7.1000,  30.0200,2, -999.000,9,    3.430,2,    0.340,2,   10.040,2,   2003.6,2,   2121.6, 2,     1229,   7.0981
  18SN19970831,    47,  1,     20,19970916,0000, 71.1500,-133.9833, 1551,     41.6,   8.3000,  31.5800,2,    6.650,2,    3.360,2,    0.320,2,   10.700,2,   2085.2,2,   2217.8, 2,     1230,   8.2960
  18SN19970831,    47,  1,     19,19970916,0000, 71.1500,-133.9833, 1551,     61.4,   7.1000,  32.0100,2,    6.330,2,    2.860,2,    0.230,2,   10.220,2,   2127.2,2,   2210.2, 3,     1231,   7.0945
  18SN19970831,    47,  1,     18,19970916,0000, 71.1500,-133.9833, 1551,     81.1,   7.5000,  32.3900,2,    4.890,2,    2.540,2,    0.150,2,   10.510,2,   2164.4,2,   2224.0, 2,     1232,   7.4925
  18SN19970831,    47,  1,     17,19970916,0000, 71.1500,-133.9833, 1551,     95.1,   7.9000,  32.6200,2,    5.070,2,    2.400,2,    0.160,2,    9.250,2,   2188.7,2,   2247.4, 2,     1233,   7.8909
  18SN19970831,    47,  1,     16,19970916,0000, 71.1500,-133.9833, 1551,    114.2,   7.9000,  32.8500,2,    4.340,2,    2.100,2,    0.140,2,    8.400,3,   2197.8,2,   2254.4, 2,     1234,   7.8890
  18SN19970831,    47,  1,     15,19970916,0000, 71.1500,-133.9833, 1551,    138.2,   7.5000,  33.1800,2,    4.390,2,    2.060,2,    0.140,2,    8.930,2,   2206.9,2,   2257.8, 2,     1235,   7.4870
  18SN19970831,    47,  1,     14,19970916,0000, 71.1500,-133.9833, 1551,    153.9,   8.1000,  33.5900,2,    4.090,2,    1.880,2,    0.120,2,    8.330,2,   2214.4,2,   2272.1, 3,     1236,   8.0847
  18SN19970831,    47,  1,     13,19970916,0000, 71.1500,-133.9833, 1551,    179.5,   8.1000,  34.0200,2,    3.990,2,    1.740,2,    0.140,2,    7.910,2,   2198.9,2,   2275.4, 3,     1237,   8.0820
  18SN19970831,    47,  1,     12,19970916,0000, 71.1500,-133.9833, 1551,    202.0,   8.1000,  34.3500,2,    3.650,2,    1.760,2,    0.150,2,    6.280,2,   2185.0,2,   2277.6, 3,     1238,   8.0796
  18SN19970831,    47,  1,     11,19970916,0000, 71.1500,-133.9833, 1551,    229.4,   8.3000,  34.5500,2,    3.720,2,    1.670,2,    0.160,3,    6.140,2,   2173.5,2,   2275.1, 2,     1239,   8.2764
  18SN19970831,    47,  1,     10,19970916,0000, 71.1500,-133.9833, 1551,    253.8,   7.5000,  34.6400,2,    3.670,2,    1.650,2,    0.110,2,    5.880,2,   2168.3,2,   2272.8, 2,     1240,   7.4753
  18SN19970831,    47,  1,      9,19970916,0000, 71.1500,-133.9833, 1551,    282.0,   8.1000,  34.7300,2,    4.040,3,    1.760,2,    0.090,2,    6.780,3,   2158.6,3,   2281.0, 3,     1241,   8.0712
  18SN19970831,    47,  1,      8,19970916,0000, 71.1500,-133.9833, 1551,    305.3,   8.3000,  34.7500,2,    3.820,2,    1.870,2,    0.100,2,    5.620,2,   2159.0,3,   2274.6, 2,     1242,   8.2683
  18SN19970831,    47,  1,      7,19970916,0000, 71.1500,-133.9833, 1551,    328.5,   8.1000,  34.7700,2,    3.870,2,    1.810,2,    0.080,2,    6.320,2,   2158.8,3,   2275.6, 2,     1243,   8.0663
  18SN19970831,    47,  1,      6,19970916,0000, 71.1500,-133.9833, 1551,    354.7,   8.3000,  34.8000,2,    3.550,2,    1.800,2,    0.100,2,    6.220,2,   2151.8,3,   2279.7, 2,     1244,   8.2630
  18SN19970831,    47,  1,      5,19970916,0000, 71.1500,-133.9833, 1551,    379.7,   8.3000,  34.8100,2,    3.560,2,    1.810,2,    0.070,2,    6.470,2,   2153.3,3,   2280.9, 2,     1245,   8.2604
  18SN19970831,    47,  1,      4,19970916,0000, 71.1500,-133.9833, 1551,    404.7,   7.7000,  34.8200,2,    3.540,2,    1.680,2,    0.080,2,    5.100,2,   2155.1,3,   2282.4, 2,     1246,   7.6595
  18SN19970831,    47,  1,      3,19970916,0000, 71.1500,-133.9833, 1551,    454.9,   8.3000,  34.8400,2,    3.440,2,    1.510,2,    0.070,2,    5.810,2,   2151.7,3,   2285.3, 2,     1247,   8.2523
  18SN19970831,    47,  1,      2,19970916,0000, 71.1500,-133.9833, 1551,    506.3,   8.3000,  34.8600,2,    2.990,2,    1.350,2,    0.080,2,    5.410,2,   2152.6,3,   2280.5, 3,     1248,   8.2467
  18SN19970831,    47,  1,      1,19970916,0000, 71.1500,-133.9833, 1551,    531.8,   9.1000,  34.8600,2,    3.210,2,    1.540,2,    0.040,2,    5.090,2,   2163.7,2,   2285.0, 2,     1249,   9.0408
END_DATA
