BOTTLE,20090112PRINUNIVRMKPRINUNIVRMK
# 10/19/07 Initialized README file 
# Data from L.Anderson 1/16/07
# Ship: Oden 
# Cruise: AO-01 Leg 2; transit 
# Dates: 7/17-7/26/2001 
# EXPOCODE: 77DN20010717 
# Region: Arctic ~zonal section on ~88N North of Russia 
# Ch. Sci.:Swedish Polar Res. Secretariate 
# 30 stations  with 12? place Rosette (CTD data at CCHDO) 
# Station called "Mak-1" renamed to #30 
# Hydro: Who - G.Bjork; Status - final 
# 	Notes: See TimmermanS et al., 2005; Bjork et al. 2002. 
# Nuts/O2: Who - ; Status - not measured 
# TA: Who - L.Anderson; Status - final 
# 	Notes:  
# References: 
# Bjork, G., J. SÃ¶derkvist, P. Winsor, A. Nikolopoulos and M. Steele, Return of the cold halocline layer to the Amundsen Basin of the Arctic Ocean: Implications for the sea ice mass balance, Geophys. Res. Lett., 29(11), 1513,doi:10.1029/2001GL014157, 2002. 
# Timmermans, M.-L., P. Winsor and J.A. Whitehead, Deep-water flow over the Lomonosov Ridge in the Arctic Ocean, J.Phys.Ocean., 35, 1489-1493, 2005. 
EXPOCODE,SECT_ID,STNNBR,CASTNO,SAMPNO,BTLNBR,DATE,LATITUDE,LONGITUDE,DEPTH,CTDPRS,CTDTMP,SALNTY,SALNTY_FLAG_W,ALKALI,ALKALI_FLAG_W,THETA
,,,,,,,,,METERS,DBARS,ITS-90,PSS-78,,UMOL/KG,,DEGC
  77DN20010717,Arctic,     1,  1, 234101,      9,20010717, 81.2861,  26.3936, 1985,    450.5,   1.4551,  34.9038,2,   2297.4,2,   1.4318
  77DN20010717,Arctic,     1,  1, 234102,      8,20010717, 81.2861,  26.3936, 1985,    400.3,   1.9096,  34.9522,2,   2303.5,2,   1.8875
  77DN20010717,Arctic,     1,  1, 234103,      7,20010717, 81.2861,  26.3936, 1985,    350.7,   2.1175,  34.9551,2,   2303.4,2,   2.0977
  77DN20010717,Arctic,     1,  1, 234104,      6,20010717, 81.2861,  26.3936, 1985,    300.3,   2.2237,  34.9486,2,   2305.1,2,   2.2066
  77DN20010717,Arctic,     1,  1, 234105,      5,20010717, 81.2861,  26.3936, 1985,    250.5,   2.3341,  34.9404,2,   2303.3,2,   2.3197
  77DN20010717,Arctic,     1,  1, 234106,      4,20010717, 81.2861,  26.3936, 1985,    200.6,   2.4602,  34.9384,2,   2302.6,2,   2.4486
  77DN20010717,Arctic,     1,  1, 234107,      3,20010717, 81.2861,  26.3936, 1985,    174.7,   2.5223,  34.9343,2,   2305.6,2,   2.5121
  77DN20010717,Arctic,     1,  1, 234109,      2,20010717, 81.2861,  26.3936, 1985,    124.9,   2.6716,  34.9313,2,   2306.6,2,   2.6642
  77DN20010717,Arctic,     1,  1, 234110,      1,20010717, 81.2861,  26.3936, 1985,    100.4,   2.5189,  34.8892,2,   2302.7,2,   2.5131
  77DN20010717,Arctic,     2,  1, 234117,     18,20010717, 81.4536,  26.6097, 2092,    500.8,   1.5599,  34.9540,2,   2302.4,2,   1.5333
  77DN20010717,Arctic,     2,  1, 234118,     17,20010717, 81.4536,  26.6097, 2092,    399.9,   1.8682,  34.9526,2,   2303.3,2,   1.8463
  77DN20010717,Arctic,     2,  1, 234119,     16,20010717, 81.4536,  26.6097, 2092,    300.2,   2.2657,  34.9575,2,   2305.7,2,   2.2485
  77DN20010717,Arctic,     2,  1, 234120,     15,20010717, 81.4536,  26.6097, 2092,    250.1,   2.2593,  34.9390,2,   2301.6,2,   2.2451
  77DN20010717,Arctic,     2,  1, 234121,     14,20010717, 81.4536,  26.6097, 2092,    200.2,   2.5016,  34.9421,2,   2302.8,2,   2.4899
  77DN20010717,Arctic,     2,  1, 234122,     13,20010717, 81.4536,  26.6097, 2092,    174.8,   2.5598,  34.9337,2,   2300.8,2,   2.5496
  77DN20010717,Arctic,     2,  1, 234123,     12,20010717, 81.4536,  26.6097, 2092,    150.0,   2.6694,  34.9335,2,   2302.2,2,   2.6605
  77DN20010717,Arctic,     2,  1, 234124,     11,20010717, 81.4536,  26.6097, 2092,    125.4,   2.6738,  34.9156,2,   2301.5,2,   2.6664
  77DN20010717,Arctic,     2,  1, 234125,     10,20010717, 81.4536,  26.6097, 2092,    101.6,   2.6034,  34.8851,2,   2301.4,2,   2.5975
  77DN20010717,Arctic,     2,  1, 234126,      9,20010717, 81.4536,  26.6097, 2092,     80.4,   2.3428,  34.8188,2,   2298.0,2,   2.3383
  77DN20010717,Arctic,     2,  1, 234127,      8,20010717, 81.4536,  26.6097, 2092,     70.5,   1.7072,  34.7115,2,   2294.5,2,   1.7037
  77DN20010717,Arctic,     2,  1, 234128,      7,20010717, 81.4536,  26.6097, 2092,     59.6,   1.1874,  34.6028,2,   2287.1,2,   1.1847
  77DN20010717,Arctic,     2,  1, 234129,      6,20010717, 81.4536,  26.6097, 2092,     51.0,   1.1353,  34.5484,2,   2286.3,2,   1.1330
  77DN20010717,Arctic,     2,  1, 234130,      5,20010717, 81.4536,  26.6097, 2092,     41.5,   1.2653,  34.4683,2,   2280.9,2,   1.2634
  77DN20010717,Arctic,     2,  1, 234131,      4,20010717, 81.4536,  26.6097, 2092,     30.8,   0.6054,  34.2426,2,   2268.6,2,   0.6042
  77DN20010717,Arctic,     2,  1, 234132,      3,20010717, 81.4536,  26.6097, 2092,     20.7,  -0.7223,  33.7118,2,   2235.5,2,  -0.7229
  77DN20010717,Arctic,     2,  1, 234133,      2,20010717, 81.4536,  26.6097, 2092,     10.7,  -0.9727,  32.4243,2,   2151.5,2,  -0.9729
  77DN20010717,Arctic,     2,  1, 234134,      1,20010717, 81.4536,  26.6097, 2092,      4.6,  -0.9724,  32.2062,2,   2138.9,2,  -0.9725
  77DN20010717,Arctic,     3,  1, 234141,     18,20010717, 81.5392,  26.6753, 3315,    499.7,   1.4555,  34.9341,2,   2299.5,2,   1.4294
  77DN20010717,Arctic,     3,  1, 234142,     17,20010717, 81.5392,  26.6753, 3315,    400.9,   1.8938,  34.9577,2,   2303.0,2,   1.8717
  77DN20010717,Arctic,     3,  1, 234143,     16,20010717, 81.5392,  26.6753, 3315,    300.0,   2.1898,  34.9601,2,   2303.2,2,   2.1728
  77DN20010717,Arctic,     3,  1, 234144,     15,20010717, 81.5392,  26.6753, 3315,    249.9,   2.0907,  34.9266,2,   2301.4,2,   2.0769
  77DN20010717,Arctic,     3,  1, 234145,     14,20010717, 81.5392,  26.6753, 3315,    201.0,   2.2088,  34.9158,2,   2303.6,2,   2.1976
  77DN20010717,Arctic,     3,  1, 234146,     13,20010717, 81.5392,  26.6753, 3315,    175.1,   2.4575,  34.9270,2,   2302.9,2,   2.4474
  77DN20010717,Arctic,     3,  1, 234147,     12,20010717, 81.5392,  26.6753, 3315,    150.5,   2.5611,  34.9268,2,   2303.3,2,   2.5523
  77DN20010717,Arctic,     3,  1, 234148,     11,20010717, 81.5392,  26.6753, 3315,    124.6,   2.2552,  34.8762,2,   2300.4,2,   2.2483
  77DN20010717,Arctic,     3,  1, 234149,     10,20010717, 81.5392,  26.6753, 3315,    100.6,   1.4310,  34.7469,2,   2290.7,2,   1.4261
  77DN20010717,Arctic,     3,  1, 234150,      9,20010717, 81.5392,  26.6753, 3315,     80.3,   1.5851,  34.7305,2,   2295.6,2,   1.5811
  77DN20010717,Arctic,     3,  1, 234151,      8,20010717, 81.5392,  26.6753, 3315,     70.9,   1.4207,  34.6865,2,   2291.1,2,   1.4173
  77DN20010717,Arctic,     3,  1, 234152,      7,20010717, 81.5392,  26.6753, 3315,     60.2,   0.9554,  34.6166,2,   2295.1,2,   0.9528
  77DN20010717,Arctic,     3,  1, 234153,      6,20010717, 81.5392,  26.6753, 3315,     51.0,  -0.4053,  34.4467,2,   2276.0,2,  -0.4069
  77DN20010717,Arctic,     3,  1, 234154,      5,20010717, 81.5392,  26.6753, 3315,     39.9,  -0.8892,  34.3015,2,   2274.1,2,  -0.8903
  77DN20010717,Arctic,     3,  1, 234155,      4,20010717, 81.5392,  26.6753, 3315,     30.5,  -1.1521,  34.1536,2,   2264.1,2,  -1.1528
  77DN20010717,Arctic,     3,  1, 234156,      3,20010717, 81.5392,  26.6753, 3315,     20.7,  -1.2933,  33.9506,2,   2256.6,2,  -1.2938
  77DN20010717,Arctic,     3,  1, 234157,      2,20010717, 81.5392,  26.6753, 3315,      9.8,  -0.9811,  33.6034,2,   2221.6,2,  -0.9813
  77DN20010717,Arctic,     3,  1, 234158,      1,20010717, 81.5392,  26.6753, 3315,      2.3,  -0.9139,  32.3301,2,   2146.1,2,  -0.9140
  77DN20010717,Arctic,     4,  1, 234165,     17,20010717, 81.6106,  26.9800, 3315,    500.6,   1.3955,  34.9370,2,   2303.9,2,   1.3696
  77DN20010717,Arctic,     4,  1, 234166,     16,20010717, 81.6106,  26.9800, 3315,    400.4,   1.8344,  34.9508,2,   2306.4,2,   1.8126
  77DN20010717,Arctic,     4,  1, 234167,     15,20010717, 81.6106,  26.9800, 3315,    300.6,   1.9891,  34.9396,2,   2304.7,2,   1.9726
  77DN20010717,Arctic,     4,  1, 234168,     14,20010717, 81.6106,  26.9800, 3315,    250.3,   2.0498,  34.9286,2,   2305.3,2,   2.0360
  77DN20010717,Arctic,     4,  1, 234169,     13,20010717, 81.6106,  26.9800, 3315,    175.3,   2.2423,  34.9209,2,   2304.0,2,   2.2325
  77DN20010717,Arctic,     4,  1, 234170,     12,20010717, 81.6106,  26.9800, 3315,    150.8,   2.2930,  34.9099,2,   2303.6,2,   2.2845
  77DN20010717,Arctic,     4,  1, 234171,     11,20010717, 81.6106,  26.9800, 3315,    125.1,   2.1381,  34.8686,2,   2293.5,2,   2.1313
  77DN20010717,Arctic,     4,  1, 234172,     10,20010717, 81.6106,  26.9800, 3315,    100.5,   1.9666,  34.8288,2,   2303.9,2,   1.9613
  77DN20010717,Arctic,     4,  1, 234173,      9,20010717, 81.6106,  26.9800, 3315,     80.0,   1.5430,  34.7362,2,   2293.6,2,   1.5391
  77DN20010717,Arctic,     4,  1, 234174,      8,20010717, 81.6106,  26.9800, 3315,     59.8,   0.7462,  34.5902,2,   2285.2,2,   0.7437
  77DN20010717,Arctic,     4,  1, 234175,      7,20010717, 81.6106,  26.9800, 3315,     50.4,   0.1412,  34.4530,2,   2281.3,2,   0.1394
  77DN20010717,Arctic,     4,  1, 234176,      6,20010717, 81.6106,  26.9800, 3315,     40.6,  -1.2800,  34.2381,2,   2268.4,2,  -1.2810
  77DN20010717,Arctic,     4,  1, 234177,      5,20010717, 81.6106,  26.9800, 3315,     30.4,  -1.5704,  34.0582,2,   2253.0,2,  -1.5710
  77DN20010717,Arctic,     4,  1, 234178,      4,20010717, 81.6106,  26.9800, 3315,     20.2,  -1.4928,  33.9565,2,   2244.2,2,  -1.4932
  77DN20010717,Arctic,     4,  1, 234179,      3,20010717, 81.6106,  26.9800, 3315,     10.8,  -1.3407,  33.6289,2,   2227.4,2,  -1.3409
  77DN20010717,Arctic,     4,  1, 234180,      2,20010717, 81.6106,  26.9800, 3315,      5.3,  -1.3708,  32.8864,2,   2177.6,2,  -1.3709
  77DN20010717,Arctic,     4,  1, 234181,      1,20010717, 81.6106,  26.9800, 3315,      5.3,  -1.3801,  32.8680,2,   2176.8,2,  -1.3802
  77DN20010717,Arctic,     5,  1, 234189,     18,20010717, 81.6697,  26.9089, 3315,    500.3,   1.4885,  34.9421,2,   2299.4,2,   1.4622
  77DN20010717,Arctic,     5,  1, 234190,     17,20010717, 81.6697,  26.9089, 3315,    400.8,   1.7453,  34.9429,2,   2301.6,2,   1.7237
  77DN20010717,Arctic,     5,  1, 234191,     16,20010717, 81.6697,  26.9089, 3315,    300.7,   1.9790,  34.9378,2,   2300.2,2,   1.9625
  77DN20010717,Arctic,     5,  1, 234192,     15,20010717, 81.6697,  26.9089, 3315,    250.3,   2.0925,  34.9300,2,   2305.1,2,   2.0787
  77DN20010717,Arctic,     5,  1, 234193,     14,20010717, 81.6697,  26.9089, 3315,    200.2,   2.1460,  34.9187,2,   2306.0,2,   2.1349
  77DN20010717,Arctic,     5,  1, 234194,     13,20010717, 81.6697,  26.9089, 3315,    175.6,   2.1376,  34.9056,2,   2303.0,2,   2.1279
  77DN20010717,Arctic,     5,  1, 234195,     12,20010717, 81.6697,  26.9089, 3315,    150.6,   2.0836,  34.8880,2,   2300.5,2,   2.0754
  77DN20010717,Arctic,     5,  1, 234196,     11,20010717, 81.6697,  26.9089, 3315,    125.0,   1.9286,  34.8493,2,   2298.3,2,   1.9220
  77DN20010717,Arctic,     5,  1, 234197,     10,20010717, 81.6697,  26.9089, 3315,     79.8,   1.5758,  34.9347,2,   2293.3,2,   1.5718
  77DN20010717,Arctic,     5,  1, 234198,      9,20010717, 81.6697,  26.9089, 3315,     79.8,   1.4637,  34.9331,2,   2291.3,2,   1.4598
  77DN20010717,Arctic,     5,  1, 234199,      8,20010717, 81.6697,  26.9089, 3315,     70.6,   1.0758,  34.6673,2,   2288.3,2,   1.0726
  77DN20010717,Arctic,     5,  1, 234200,      7,20010717, 81.6697,  26.9089, 3315,     60.7,   0.1714,  34.5451,2,   2283.1,2,   0.1692
  77DN20010717,Arctic,     5,  1, 234201,      6,20010717, 81.6697,  26.9089, 3315,     51.0,  -0.3076,  34.4496,2,   2281.4,2,  -0.3093
  77DN20010717,Arctic,     5,  1, 234202,      5,20010717, 81.6697,  26.9089, 3315,     40.9,  -0.5437,  34.3395,2,   2275.9,2,  -0.5449
  77DN20010717,Arctic,     5,  1, 234203,      4,20010717, 81.6697,  26.9089, 3315,     30.8,  -1.3888,  34.1626,2,   2261.2,2,  -1.3895
  77DN20010717,Arctic,     5,  1, 234204,      3,20010717, 81.6697,  26.9089, 3315,     20.7,  -1.5298,  33.9906,2,   2252.1,2,  -1.5302
  77DN20010717,Arctic,     5,  1, 234205,      2,20010717, 81.6697,  26.9089, 3315,     10.2,  -1.5018,  33.4912,2,   2215.9,2,  -1.5020
  77DN20010717,Arctic,     5,  1, 234206,      1,20010717, 81.6697,  26.9089, 3315,      2.1,  -1.4385,  33.2463,2,   2204.5,2,  -1.4385
  77DN20010717,Arctic,     6,  1, 234213,     17,20010717, 81.7911,  27.2172, 3323,    500.0,   1.3194,  34.9142,2,   2301.9,2,   1.2938
  77DN20010717,Arctic,     6,  1, 234214,     16,20010717, 81.7911,  27.2172, 3323,    398.9,   1.7882,  34.9266,2,   2304.7,2,   1.7666
  77DN20010717,Arctic,     6,  1, 234215,     15,20010717, 81.7911,  27.2172, 3323,    300.3,   2.0342,  34.9264,2,   2306.9,2,   2.0176
  77DN20010717,Arctic,     6,  1, 234216,     14,20010717, 81.7911,  27.2172, 3323,    250.1,   2.1143,  34.9201,2,   2306.4,2,   2.1004
  77DN20010717,Arctic,     6,  1, 234217,     13,20010717, 81.7911,  27.2172, 3323,    200.1,   2.1750,  34.9067,2,   2305.8,2,   2.1639
  77DN20010717,Arctic,     6,  1, 234218,     12,20010717, 81.7911,  27.2172, 3323,    173.8,   2.2022,  34.8969,2,   2301.1,2,   2.1926
  77DN20010717,Arctic,     6,  1, 234219,     11,20010717, 81.7911,  27.2172, 3323,    150.5,   2.1490,  34.8896,2,   2304.6,2,   2.1407
  77DN20010717,Arctic,     6,  1, 234220,     10,20010717, 81.7911,  27.2172, 3323,    124.7,   1.9825,  34.8509,2,   2303.0,2,   1.9759
  77DN20010717,Arctic,     6,  1, 234221,      9,20010717, 81.7911,  27.2172, 3323,     99.5,   1.6119,  34.7807,2,   2296.2,2,   1.6069
  77DN20010717,Arctic,     6,  1, 234222,      8,20010717, 81.7911,  27.2172, 3323,     79.7,   0.4704,  34.6301,2,   2287.1,2,   0.4672
  77DN20010717,Arctic,     6,  1, 234223,      7,20010717, 81.7911,  27.2172, 3323,     69.5,  -0.6449,  34.4993,2,   2276.7,2,  -0.6470
  77DN20010717,Arctic,     6,  1, 234224,      6,20010717, 81.7911,  27.2172, 3323,     60.5,  -1.3228,  34.4228,2,   2268.2,2,  -1.3242
  77DN20010717,Arctic,     6,  1, 234225,      5,20010717, 81.7911,  27.2172, 3323,     49.5,  -1.6289,  34.3747,2,   2274.9,2,  -1.6299
  77DN20010717,Arctic,     6,  1, 234226,      4,20010717, 81.7911,  27.2172, 3323,     40.5,  -1.6193,  34.2878,2,   2268.7,2,  -1.6201
  77DN20010717,Arctic,     6,  1, 234227,      3,20010717, 81.7911,  27.2172, 3323,     29.6,  -1.6337,  34.1819,2,   2261.4,2,  -1.6343
  77DN20010717,Arctic,     6,  1, 234228,      2,20010717, 81.7911,  27.2172, 3323,     20.5,  -1.5665,  34.1458,2,   2254.6,2,  -1.5669
  77DN20010717,Arctic,     6,  1, 234229,      1,20010717, 81.7911,  27.2172, 3323,      2.3,  -1.4177,  33.4182,2,   2213.2,2,  -1.4177
  77DN20010717,Arctic,     7,  1, 234235,     18,20010717, 82.3581,  28.2442, 3733,    500.5,   1.2389,  34.9195,2,   2297.9,2,   1.2136
  77DN20010717,Arctic,     7,  1, 234236,     17,20010717, 82.3581,  28.2442, 3733,    400.6,   1.7505,  34.9364,2,   2303.1,2,   1.7289
  77DN20010717,Arctic,     7,  1, 234237,     16,20010717, 82.3581,  28.2442, 3733,    300.0,   2.0658,  34.9335,2,   2311.7,2,   2.0491
  77DN20010717,Arctic,     7,  1, 234238,     15,20010717, 82.3581,  28.2442, 3733,    250.2,   2.1493,  34.9242,2,   2279.6,3,   2.1353
  77DN20010717,Arctic,     7,  1, 234239,     14,20010717, 82.3581,  28.2442, 3733,    200.4,   2.1464,  34.9018,2,   2300.7,2,   2.1353
  77DN20010717,Arctic,     7,  1, 234240,     13,20010717, 82.3581,  28.2442, 3733,    175.0,   2.0558,  34.8766,2,   2300.1,2,   2.0463
  77DN20010717,Arctic,     7,  1, 234241,     12,20010717, 82.3581,  28.2442, 3733,    150.1,   1.8327,  34.8279,2,   2287.5,2,   1.8249
  77DN20010717,Arctic,     7,  1, 234242,     11,20010717, 82.3581,  28.2442, 3733,    125.3,   1.1532,  34.7309,2,   2289.5,2,   1.1474
  77DN20010717,Arctic,     7,  1, 234243,     10,20010717, 82.3581,  28.2442, 3733,    100.3,  -1.5115,  34.4371,2,   2274.6,2,  -1.5138
  77DN20010717,Arctic,     7,  1, 234244,      9,20010717, 82.3581,  28.2442, 3733,     80.5,  -1.5475,  34.4277,2,   2275.1,2,  -1.5493
  77DN20010717,Arctic,     7,  1, 234245,      8,20010717, 82.3581,  28.2442, 3733,     70.0,  -1.5832,  34.4265,2,   2277.1,2,  -1.5847
  77DN20010717,Arctic,     7,  1, 234246,      7,20010717, 82.3581,  28.2442, 3733,     60.1,  -1.5994,  34.4230,2,   2278.0,2,  -1.6007
  77DN20010717,Arctic,     7,  1, 234247,      6,20010717, 82.3581,  28.2442, 3733,     50.3,  -1.7139,  34.4073,2,   2279.0,2,  -1.7149
  77DN20010717,Arctic,     7,  1, 234248,      5,20010717, 82.3581,  28.2442, 3733,     40.1,  -1.7300,  34.3976,2,   2278.5,2,  -1.7308
  77DN20010717,Arctic,     7,  1, 234249,      4,20010717, 82.3581,  28.2442, 3733,     30.1,  -1.6641,  34.3857,2,   2271.8,2,  -1.6647
  77DN20010717,Arctic,     7,  1, 234250,      3,20010717, 82.3581,  28.2442, 3733,     20.6,  -1.5823,  34.1832,2,   2258.4,2,  -1.5827
  77DN20010717,Arctic,     7,  1, 234251,      2,20010717, 82.3581,  28.2442, 3733,     10.3,  -1.4551,  33.6917,2,   2231.3,2,  -1.4553
  77DN20010717,Arctic,     7,  1, 234253,      1,20010717, 82.3581,  28.2442, 3733,      2.2,  -1.4525,  33.5391,2,   2218.6,2,  -1.4525
  77DN20010717,Arctic,     8,  1, 234255,     12,20010718, 82.8714,  28.8197, 3818,    400.9,   1.9932,  34.9170,2,   2303.2,2,   1.9708
  77DN20010717,Arctic,     8,  1, 234256,     11,20010718, 82.8714,  28.8197, 3818,    299.9,   2.1348,  34.9296,2,   2311.2,2,   2.1180
  77DN20010717,Arctic,     8,  1, 234257,     10,20010718, 82.8714,  28.8197, 3818,    200.1,   2.2881,  34.9004,2,   2303.1,2,   2.2768
  77DN20010717,Arctic,     8,  1, 234258,      9,20010718, 82.8714,  28.8197, 3818,    149.6,   2.1127,  34.8849,2,   2305.4,2,   2.1045
  77DN20010717,Arctic,     8,  1, 234259,      8,20010718, 82.8714,  28.8197, 3818,    100.0,   1.5610,  34.7817,2,   2296.5,2,   1.5561
  77DN20010717,Arctic,     8,  1, 234260,      7,20010718, 82.8714,  28.8197, 3818,     74.5,  -0.5541,  34.5345,2,   2282.6,2,  -0.5564
  77DN20010717,Arctic,     8,  1, 234261,      6,20010718, 82.8714,  28.8197, 3818,     50.0,  -1.6789,  34.3896,2,   2273.9,2,  -1.6799
  77DN20010717,Arctic,     8,  1, 234262,      5,20010718, 82.8714,  28.8197, 3818,     40.2,  -1.6368,  34.3339,2,   2272.5,2,  -1.6376
  77DN20010717,Arctic,     8,  1, 234263,      4,20010718, 82.8714,  28.8197, 3818,     30.0,  -1.5866,  34.2446,2,   2269.1,2,  -1.5872
  77DN20010717,Arctic,     8,  1, 234264,      3,20010718, 82.8714,  28.8197, 3818,     20.3,  -1.4749,  34.0758,2,   2252.2,2,  -1.4753
  77DN20010717,Arctic,     8,  1, 234265,      2,20010718, 82.8714,  28.8197, 3818,     10.0,  -1.3826,  33.8915,2,   2242.0,2,  -1.3828
  77DN20010717,Arctic,     8,  1, 234266,      1,20010718, 82.8714,  28.8197, 3818,      1.8,  -1.3936,  33.8664,2,   2240.3,2,  -1.3936
  77DN20010717,Arctic,     9,  1, 234268,     12,20010718, 83.2856,  29.7878, 3860,    400.0,   1.5268,  34.9242,2,   2300.8,2,   1.5060
  77DN20010717,Arctic,     9,  1, 234269,     11,20010718, 83.2856,  29.7878, 3860,    300.5,   1.9895,  34.9307,2,   2303.8,2,   1.9730
  77DN20010717,Arctic,     9,  1, 234270,     10,20010718, 83.2856,  29.7878, 3860,    200.3,   1.9414,  34.8759,2,   2299.3,2,   1.9307
  77DN20010717,Arctic,     9,  1, 234271,      9,20010718, 83.2856,  29.7878, 3860,    150.5,   1.2242,  34.7634,2,   2295.9,2,   1.2171
  77DN20010717,Arctic,     9,  1, 234272,      8,20010718, 83.2856,  29.7878, 3860,    100.1,  -1.7364,  34.4365,2,   2282.0,2,  -1.7385
  77DN20010717,Arctic,     9,  1, 234273,      7,20010718, 83.2856,  29.7878, 3860,     74.6,  -1.7345,  34.4251,2,   2277.2,2,  -1.7360
  77DN20010717,Arctic,     9,  1, 234274,      6,20010718, 83.2856,  29.7878, 3860,     50.4,  -1.7473,  34.5889,2,   2274.5,2,  -1.7483
  77DN20010717,Arctic,     9,  1, 234275,      5,20010718, 83.2856,  29.7878, 3860,     38.7,  -1.7149,  34.3344,2,   2277.4,2,  -1.7157
  77DN20010717,Arctic,     9,  1, 234276,      4,20010718, 83.2856,  29.7878, 3860,     30.4,  -1.6879,  34.2903,2,   2273.2,2,  -1.6885
  77DN20010717,Arctic,     9,  1, 234277,      3,20010718, 83.2856,  29.7878, 3860,     20.9,  -1.6538,  34.2593,2,   2271.1,2,  -1.6542
  77DN20010717,Arctic,     9,  1, 234278,      2,20010718, 83.2856,  29.7878, 3860,     10.8,  -1.5443,  34.1425,2,   2260.6,2,  -1.5445
  77DN20010717,Arctic,     9,  1, 234280,      1,20010718, 83.2856,  29.7878, 3860,      2.3,  -1.5625,  33.9636,2,   2254.5,2,  -1.5625
  77DN20010717,Arctic,    10,  1, 234283,      6,20010718, 83.7925,  31.9528, 3883,    401.2,   1.5833,  34.9258,2,   2306.2,2,   1.5623
  77DN20010717,Arctic,    10,  1, 234284,      5,20010718, 83.7925,  31.9528, 3883,    300.3,   1.9551,  34.9286,2,   2304.5,2,   1.9387
  77DN20010717,Arctic,    10,  1, 234285,      4,20010718, 83.7925,  31.9528, 3883,    199.9,   1.7420,  34.8548,2,   2298.6,2,   1.7316
  77DN20010717,Arctic,    10,  1, 234286,      3,20010718, 83.7925,  31.9528, 3883,    150.3,   1.2714,  34.7854,2,   2295.3,2,   1.2643
  77DN20010717,Arctic,    10,  1, 234287,      2,20010718, 83.7925,  31.9528, 3883,    100.6,  -1.6685,  34.4283,2,   2277.8,2,  -1.6706
  77DN20010717,Arctic,    10,  1, 234288,      1,20010718, 83.7925,  31.9528, 3883,     40.2,  -1.7468,  34.3386,2,   2269.8,2,  -1.7476
  77DN20010717,Arctic,    11,  1, 234292,     10,20010718, 84.2908,  33.6725, 3855,    500.0,   1.1863,  34.9170,2,   2300.8,2,   1.1613
  77DN20010717,Arctic,    11,  1, 234293,      9,20010718, 84.2908,  33.6725, 3855,    299.5,   1.9819,  34.9240,2,   2302.9,2,   1.9655
  77DN20010717,Arctic,    11,  1, 234294,      8,20010718, 84.2908,  33.6725, 3855,    200.3,   2.0162,  34.8865,2,   2302.7,2,   2.0053
  77DN20010717,Arctic,    11,  1, 234295,      7,20010718, 84.2908,  33.6725, 3855,    150.2,   1.3240,  34.7693,2,   2294.9,2,   1.3168
  77DN20010717,Arctic,    11,  1, 234296,      6,20010718, 84.2908,  33.6725, 3855,    100.5,  -1.6205,  34.4045,2,   2274.1,2,  -1.6227
  77DN20010717,Arctic,    11,  1, 234297,      5,20010718, 84.2908,  33.6725, 3855,     50.7,  -1.7646,  34.3201,2,   2269.1,2,  -1.7656
  77DN20010717,Arctic,    11,  1, 234298,      4,20010718, 84.2908,  33.6725, 3855,     40.0,  -1.7267,  34.2597,2,   2261.7,2,  -1.7275
  77DN20010717,Arctic,    11,  1, 234299,      3,20010718, 84.2908,  33.6725, 3855,     29.7,  -1.6907,  34.2358,2,   2260.1,2,  -1.6913
  77DN20010717,Arctic,    11,  1, 234300,      2,20010718, 84.2908,  33.6725, 3855,     20.0,  -1.6230,  34.1188,2,   2252.0,2,  -1.6234
  77DN20010717,Arctic,    11,  1, 234301,      1,20010718, 84.2908,  33.6725, 3855,     10.2,  -1.5850,  33.9822,2,   2244.7,2,  -1.5852
  77DN20010717,Arctic,    12,  1, 234303,      7,20010719, 84.7344,  35.2581, 3709,    300.5,   2.0624,  34.9185,2,   2295.0,2,   2.0457
  77DN20010717,Arctic,    12,  1, 234304,      6,20010719, 84.7344,  35.2581, 3709,    200.7,   1.8296,  34.8580,2,   2291.8,2,   1.8190
  77DN20010717,Arctic,    12,  1, 234305,      5,20010719, 84.7344,  35.2581, 3709,    100.3,  -1.5948,  34.3845,2,   2266.3,2,  -1.5970
  77DN20010717,Arctic,    12,  1, 234306,      4,20010719, 84.7344,  35.2581, 3709,     75.5,  -1.6347,  34.3815,2,   2265.8,2,  -1.6363
  77DN20010717,Arctic,    12,  1, 234307,      3,20010719, 84.7344,  35.2581, 3709,     60.6,  -1.7468,  34.3711,2,   2266.9,2,  -1.7480
  77DN20010717,Arctic,    12,  1, 234308,      2,20010719, 84.7344,  35.2581, 3709,     50.9,  -1.7644,  34.3346,2,   2268.7,2,  -1.7654
  77DN20010717,Arctic,    12,  1, 234309,      1,20010719, 84.7344,  35.2581, 3709,     40.7,  -1.7532,  34.2976,2,   2266.4,2,  -1.7540
  77DN20010717,Arctic,    13,  1, 234313,     12,20010719, 85.1939,  38.5539, 3291,    400.3,   1.7547,  34.9268,2,   2294.6,2,   1.7332
  77DN20010717,Arctic,    13,  1, 234314,     11,20010719, 85.1939,  38.5539, 3291,    299.6,   2.0547,  34.9193,2,   2294.7,2,   2.0381
  77DN20010717,Arctic,    13,  1, 234315,     10,20010719, 85.1939,  38.5539, 3291,    199.3,   1.8753,  34.8658,2,   2294.4,2,   1.8647
  77DN20010717,Arctic,    13,  1, 234316,      9,20010719, 85.1939,  38.5539, 3291,    150.2,   1.3262,  34.9640,2,   2290.0,2,   1.3190
  77DN20010717,Arctic,    13,  1, 234317,      8,20010719, 85.1939,  38.5539, 3291,    100.2,  -1.6460,  34.3912,2,   2268.3,2,  -1.6481
  77DN20010717,Arctic,    13,  1, 234318,      7,20010719, 85.1939,  38.5539, 3291,     74.7,  -1.7866,  34.3707,2,   2267.6,2,  -1.7881
  77DN20010717,Arctic,    13,  1, 234319,      6,20010719, 85.1939,  38.5539, 3291,     50.0,  -1.7804,  34.2897,2,   2264.7,2,  -1.7814
  77DN20010717,Arctic,    13,  1, 234320,      5,20010719, 85.1939,  38.5539, 3291,     39.2,  -1.7566,  34.2385,2,   2263.1,2,  -1.7574
  77DN20010717,Arctic,    13,  1, 234321,      4,20010719, 85.1939,  38.5539, 3291,     29.4,  -1.7227,  34.1713,2,   2255.9,2,  -1.7233
  77DN20010717,Arctic,    13,  1, 234322,      3,20010719, 85.1939,  38.5539, 3291,     19.7,  -1.7204,  34.1330,2,   2257.5,2,  -1.7208
  77DN20010717,Arctic,    13,  1, 234323,      2,20010719, 85.1939,  38.5539, 3291,      9.7,  -1.7148,  34.1215,2,   2256.0,2,  -1.7150
  77DN20010717,Arctic,    13,  1, 234325,      1,20010719, 85.1939,  38.5539, 3291,      1.4,  -1.7040,  34.0758,2,   2261.3,2,  -1.7040
  77DN20010717,Arctic,    14,  1, 234327,     12,20010719, 85.5364,  40.1747, 3439,    400.1,   1.7961,  34.9292,2,   2297.3,2,   1.7744
  77DN20010717,Arctic,    14,  1, 234328,     11,20010719, 85.5364,  40.1747, 3439,    301.1,   2.0354,  34.9140,2,   2296.8,2,   2.0188
  77DN20010717,Arctic,    14,  1, 234329,     10,20010719, 85.5364,  40.1747, 3439,    200.7,   1.5991,  34.8287,2,   2292.8,2,   1.5889
  77DN20010717,Arctic,    14,  1, 234330,      9,20010719, 85.5364,  40.1747, 3439,    151.6,   0.4758,  34.6529,2,   2285.5,2,   0.4696
  77DN20010717,Arctic,    14,  1, 234331,      8,20010719, 85.5364,  40.1747, 3439,     99.3,  -1.6282,  34.3707,2,   2272.0,2,  -1.6303
  77DN20010717,Arctic,    14,  1, 234332,      7,20010719, 85.5364,  40.1747, 3439,     75.8,  -1.7659,  34.3582,2,   2277.0,2,  -1.7674
  77DN20010717,Arctic,    14,  1, 234333,      6,20010719, 85.5364,  40.1747, 3439,     50.8,  -1.7941,  34.2960,2,   2278.6,2,  -1.7951
  77DN20010717,Arctic,    14,  1, 234334,      5,20010719, 85.5364,  40.1747, 3439,     41.0,  -1.7816,  34.2750,2,   2273.6,2,  -1.7824
  77DN20010717,Arctic,    14,  1, 234335,      4,20010719, 85.5364,  40.1747, 3439,     29.9,  -1.7389,  34.1762,2,   2262.6,2,  -1.7395
  77DN20010717,Arctic,    14,  1, 234336,      3,20010719, 85.5364,  40.1747, 3439,     21.1,  -1.7519,  34.1591,2,   2264.9,2,  -1.7523
  77DN20010717,Arctic,    14,  1, 234337,      2,20010719, 85.5364,  40.1747, 3439,     11.1,  -1.7483,  34.1652,2,   2265.0,2,  -1.7485
  77DN20010717,Arctic,    14,  1, 234338,      1,20010719, 85.5364,  40.1747, 3439,      3.9,  -1.7268,  34.1668,2,   2263.9,2,  -1.7269
  77DN20010717,Arctic,    15,  1, 234343,     12,20010720, 86.1231,  44.4564, 3465,    401.1,   1.5094,  34.9122,2,   2300.0,2,   1.4886
  77DN20010717,Arctic,    15,  1, 234344,     11,20010720, 86.1231,  44.4564, 3465,    300.1,   1.8268,  34.8983,2,   2299.3,2,   1.8107
  77DN20010717,Arctic,    15,  1, 234345,     10,20010720, 86.1231,  44.4564, 3465,    200.4,   1.5420,  34.8123,2,   2295.1,2,   1.5319
  77DN20010717,Arctic,    15,  1, 234346,      9,20010720, 86.1231,  44.4564, 3465,    150.4,   0.2473,  34.5417,2,   2284.3,2,   0.2415
  77DN20010717,Arctic,    15,  1, 234347,      8,20010720, 86.1231,  44.4564, 3465,     99.3,  -1.7948,  34.3048,2,   2277.0,2,  -1.7968
  77DN20010717,Arctic,    15,  1, 234348,      7,20010720, 86.1231,  44.4564, 3465,     74.5,  -1.8181,  34.2927,2,   2275.9,2,  -1.8195
  77DN20010717,Arctic,    15,  1, 234349,      6,20010720, 86.1231,  44.4564, 3465,     49.6,  -1.8253,  34.2377,2,   2283.3,2,  -1.8262
  77DN20010717,Arctic,    15,  1, 234350,      5,20010720, 86.1231,  44.4564, 3465,     39.7,  -1.8148,  34.2268,2,   2280.4,2,  -1.8156
  77DN20010717,Arctic,    15,  1, 234351,      4,20010720, 86.1231,  44.4564, 3465,     31.0,  -1.7876,  34.1905,2,   2274.5,2,  -1.7882
  77DN20010717,Arctic,    15,  1, 234352,      3,20010720, 86.1231,  44.4564, 3465,     20.0,  -1.7616,  34.1421,2,   2269.1,2,  -1.7620
  77DN20010717,Arctic,    15,  1, 234353,      2,20010720, 86.1231,  44.4564, 3465,      8.2,  -1.7367,  34.0895,2,   2270.4,2,  -1.7369
  77DN20010717,Arctic,    15,  1, 234355,      1,20010720, 86.1231,  44.4564, 3465,      3.0,  -1.7347,  34.0815,2,   2269.2,2,  -1.7348
  77DN20010717,Arctic,    16,  1, 234362,      8,20010720, 86.4914,  49.1864, 3681,    300.0,   1.7511,  34.8932,2,   2298.0,2,   1.7352
  77DN20010717,Arctic,    16,  1, 234363,      7,20010720, 86.4914,  49.1864, 3681,    100.3,  -1.3992,  34.3011,2,   2278.2,2,  -1.4015
  77DN20010717,Arctic,    16,  1, 234364,      6,20010720, 86.4914,  49.1864, 3681,     60.0,  -1.8155,  34.2248,2,   2278.1,2,  -1.8166
  77DN20010717,Arctic,    16,  1, 234365,      5,20010720, 86.4914,  49.1864, 3681,     39.8,  -1.8113,  34.1911,2,   2276.1,2,  -1.8121
  77DN20010717,Arctic,    16,  1, 234366,      4,20010720, 86.4914,  49.1864, 3681,     30.0,  -1.7845,  34.1444,2,   2278.6,2,  -1.7851
  77DN20010717,Arctic,    16,  1, 234367,      3,20010720, 86.4914,  49.1864, 3681,     20.1,  -1.7626,  34.1174,2,   2272.3,2,  -1.7630
  77DN20010717,Arctic,    16,  1, 234368,      2,20010720, 86.4914,  49.1864, 3681,      9.9,  -1.7555,  34.0895,2,   2272.3,2,  -1.7557
  77DN20010717,Arctic,    16,  1, 234369,      1,20010720, 86.4914,  49.1864, 3681,      4.7,  -1.7547,  34.0697,2,   2273.1,2,  -1.7548
  77DN20010717,Arctic,    17,  1, 234371,     12,20010721, 87.0086,  56.6858, 4420,    400.4,   1.4290,  34.9008,2,   2296.3,2,   1.4085
  77DN20010717,Arctic,    17,  1, 234372,     11,20010721, 87.0086,  56.6858, 4420,    299.6,   1.6969,  34.8863,2,   2296.4,2,   1.6812
  77DN20010717,Arctic,    17,  1, 234373,     10,20010721, 87.0086,  56.6858, 4420,    200.6,   1.3725,  34.7817,2,   2291.5,2,   1.3627
  77DN20010717,Arctic,    17,  1, 234374,      9,20010721, 87.0086,  56.6858, 4420,    150.8,  -0.0189,  34.4972,2,   2280.0,2,  -0.0243
  77DN20010717,Arctic,    17,  1, 234375,      8,20010721, 87.0086,  56.6858, 4420,    100.5,  -1.2192,  34.2838,2,   2274.9,2,  -1.2217
  77DN20010717,Arctic,    17,  1, 234376,      7,20010721, 87.0086,  56.6858, 4420,     75.3,  -1.8207,  34.1660,2,   2279.5,2,  -1.8221
  77DN20010717,Arctic,    17,  1, 234377,      6,20010721, 87.0086,  56.6858, 4420,     49.7,  -1.8526,  34.1299,2,   2277.9,2,  -1.8535
  77DN20010717,Arctic,    17,  1, 234378,      5,20010721, 87.0086,  56.6858, 4420,     40.8,  -1.8101,  34.0431,2,   2281.4,2,  -1.8109
  77DN20010717,Arctic,    17,  1, 234379,      4,20010721, 87.0086,  56.6858, 4420,     30.0,  -1.7860,  33.9935,2,   2276.5,2,  -1.7866
  77DN20010717,Arctic,    17,  1, 234380,      3,20010721, 87.0086,  56.6858, 4420,     20.3,  -1.7415,  33.8942,2,   2269.8,2,  -1.7419
  77DN20010717,Arctic,    17,  1, 234381,      2,20010721, 87.0086,  56.6858, 4420,     10.3,  -1.7300,  33.8743,2,   2269.8,2,  -1.7302
  77DN20010717,Arctic,    17,  1, 234383,      1,20010721, 87.0086,  56.6858, 4420,      2.5,  -1.7160,  33.8592,2,   2268.5,2,  -1.7160
  77DN20010717,Arctic,    18,  1, 234389,     12,20010721, 87.5019,  61.8819, 4441,    399.5,   1.2418,  34.8896,2,   2296.7,2,   1.2220
  77DN20010717,Arctic,    18,  1, 234390,     11,20010721, 87.5019,  61.8819, 4441,    299.7,   1.5359,  34.8753,2,   2297.9,2,   1.5206
  77DN20010717,Arctic,    18,  1, 234391,     10,20010721, 87.5019,  61.8819, 4441,    199.6,   1.1054,  34.7453,2,   2290.0,2,   1.0961
  77DN20010717,Arctic,    18,  1, 234392,      9,20010721, 87.5019,  61.8819, 4441,    150.0,  -0.3794,  34.4493,2,   2280.6,2,  -0.3843
  77DN20010717,Arctic,    18,  1, 234393,      8,20010721, 87.5019,  61.8819, 4441,    100.2,  -1.5549,  34.2081,2,   2276.2,2,  -1.5571
  77DN20010717,Arctic,    18,  1, 234394,      7,20010721, 87.5019,  61.8819, 4441,     75.6,  -1.8364,  34.0394,2,   2278.1,2,  -1.8378
  77DN20010717,Arctic,    18,  1, 234395,      6,20010721, 87.5019,  61.8819, 4441,     49.6,  -1.8342,  33.9355,2,   2280.0,2,  -1.8351
  77DN20010717,Arctic,    18,  1, 234396,      5,20010721, 87.5019,  61.8819, 4441,     39.3,  -1.8016,  33.9036,2,   2280.8,2,  -1.8023
  77DN20010717,Arctic,    18,  1, 234397,      4,20010721, 87.5019,  61.8819, 4441,     29.6,  -1.7744,  33.8776,2,   2280.5,2,  -1.7749
  77DN20010717,Arctic,    18,  1, 234398,      3,20010721, 87.5019,  61.8819, 4441,     19.8,  -1.7171,  33.7584,2,   2288.6,3,  -1.7175
  77DN20010717,Arctic,    18,  1, 234399,      2,20010721, 87.5019,  61.8819, 4441,      9.5,  -1.6921,  33.7057,2,   2272.3,2,  -1.6923
  77DN20010717,Arctic,    18,  1, 234400,      1,20010721, 87.5019,  61.8819, 4441,      2.2,  -1.6896,  33.6969,2,   2267.4,2,  -1.6896
  77DN20010717,Arctic,    19,  1, 234402,     13,20010721, 87.9969,  69.7703, 4332,    400.5,   1.2817,  34.8888,2,   2307.3,2,   1.2617
  77DN20010717,Arctic,    19,  1, 234403,     12,20010721, 87.9969,  69.7703, 4332,    300.4,   1.6144,  34.8790,2,   2298.0,2,   1.5989
  77DN20010717,Arctic,    19,  1, 234404,     11,20010721, 87.9969,  69.7703, 4332,    200.2,   1.2026,  34.7555,2,   2291.5,2,   1.1931
  77DN20010717,Arctic,    19,  1, 234405,     10,20010721, 87.9969,  69.7703, 4332,    150.1,  -0.0676,  34.4809,2,   2295.4,2,  -0.0729
  77DN20010717,Arctic,    19,  1, 234406,      9,20010721, 87.9969,  69.7703, 4332,    100.1,  -1.5437,  34.2270,2,   2280.1,2,  -1.5459
  77DN20010717,Arctic,    19,  1, 234407,      8,20010721, 87.9969,  69.7703, 4332,     74.4,  -1.7519,  34.0215,2,   2280.4,2,  -1.7533
  77DN20010717,Arctic,    19,  1, 234408,      7,20010721, 87.9969,  69.7703, 4332,     50.2,  -1.8155,  34.0221,2,   2288.0,3,  -1.8164
  77DN20010717,Arctic,    19,  1, 234409,      6,20010721, 87.9969,  69.7703, 4332,     40.2,  -1.8075,  33.7040,2,   2272.9,2,  -1.8082
  77DN20010717,Arctic,    19,  1, 234410,      5,20010721, 87.9969,  69.7703, 4332,     30.0,  -1.7704,  33.6578,2,   2283.0,2,  -1.7709
  77DN20010717,Arctic,    19,  1, 234411,      4,20010721, 87.9969,  69.7703, 4332,     20.0,  -1.7379,  33.5864,2,   2263.8,2,  -1.7383
  77DN20010717,Arctic,    19,  1, 234412,      3,20010721, 87.9969,  69.7703, 4332,      9.9,  -1.7189,  33.5606,2,   2263.1,2,  -1.7191
  77DN20010717,Arctic,    19,  1, 234413,      2,20010721, 87.9969,  69.7703, 4332,      5.6,  -1.7132,  33.5532,2,   2269.1,2,  -1.7133
  77DN20010717,Arctic,    19,  1, 234414,      1,20010721, 87.9969,  69.7703, 4332,      2.2,  -1.7134,  33.5540,2,   2263.9,2,  -1.7134
  77DN20010717,Arctic,    20,  1, 234416,      7,20010722, 88.2861,  82.9086, 4337,    299.8,   1.5995,  34.8729,2,   2297.2,2,   1.5840
  77DN20010717,Arctic,    20,  1, 234417,      6,20010722, 88.2861,  82.9086, 4337,     99.5,  -1.6078,  34.2075,2,   2280.9,2,  -1.6099
  77DN20010717,Arctic,    20,  1, 234418,      5,20010722, 88.2861,  82.9086, 4337,     60.3,  -1.8034,  33.7331,2,   2276.2,2,  -1.8045
  77DN20010717,Arctic,    20,  1, 234419,      4,20010722, 88.2861,  82.9086, 4337,     39.9,  -1.8211,  33.5219,2,   2271.8,2,  -1.8218
  77DN20010717,Arctic,    20,  1, 234420,      3,20010722, 88.2861,  82.9086, 4337,     18.8,  -1.6817,  32.8607,2,   2246.2,2,  -1.6820
  77DN20010717,Arctic,    20,  1, 234421,      2,20010722, 88.2861,  82.9086, 4337,     10.2,  -1.6626,  32.6352,2,   2238.1,2,  -1.6628
  77DN20010717,Arctic,    20,  1, 234422,      1,20010722, 88.2861,  82.9086, 4337,      4.7,  -1.6629,  32.6169,2,   2235.9,2,  -1.6630
  77DN20010717,Arctic,    21,  1, 234426,     10,20010722, 88.4244,  95.3883, 4306,    499.6,   0.5505,  34.8727,2,   2305.7,2,   0.5282
  77DN20010717,Arctic,    21,  1, 234427,      9,20010722, 88.4244,  95.3883, 4306,    300.0,   1.3199,  34.8652,2,   2310.8,2,   1.3051
  77DN20010717,Arctic,    21,  1, 234428,      8,20010722, 88.4244,  95.3883, 4306,    200.0,   0.4953,  34.6172,2,   2289.5,2,   0.4871
  77DN20010717,Arctic,    21,  1, 234429,      7,20010722, 88.4244,  95.3883, 4306,    100.7,  -1.6695,  34.0742,2,   2283.0,2,  -1.6716
  77DN20010717,Arctic,    21,  1, 234430,      6,20010722, 88.4244,  95.3883, 4306,     74.3,  -1.8043,  33.7349,2,   2276.6,2,  -1.8057
  77DN20010717,Arctic,    21,  1, 234431,      5,20010722, 88.4244,  95.3883, 4306,     50.5,  -1.8317,  33.5593,2,   2267.7,2,  -1.8326
  77DN20010717,Arctic,    21,  1, 234432,      4,20010722, 88.4244,  95.3883, 4306,     40.0,  -1.8081,  33.3527,2,   2268.0,2,  -1.8088
  77DN20010717,Arctic,    21,  1, 234433,      3,20010722, 88.4244,  95.3883, 4306,     29.8,  -1.7633,  32.9164,2,   2256.1,2,  -1.7638
  77DN20010717,Arctic,    21,  1, 234434,      2,20010722, 88.4244,  95.3883, 4306,     20.6,  -1.6858,  32.3092,2,   2236.1,2,  -1.6861
  77DN20010717,Arctic,    21,  1, 234435,      1,20010722, 88.4244,  95.3883, 4306,     10.6,  -1.5933,  31.9103,2,   2216.8,2,  -1.5935
  77DN20010717,Arctic,    22,  1, 234437,     10,20010723, 88.4347, 109.8514, 4242,    301.0,   1.5442,  34.8676,2,   2296.9,2,   1.5288
  77DN20010717,Arctic,    22,  1, 234438,      9,20010723, 88.4347, 109.8514, 4242,    200.0,   0.8521,  34.6836,2,   2290.8,2,   0.8433
  77DN20010717,Arctic,    22,  1, 234439,      8,20010723, 88.4347, 109.8514, 4242,    100.6,  -1.5726,  34.1770,2,   2280.7,2,  -1.5748
  77DN20010717,Arctic,    22,  1, 234440,      7,20010723, 88.4347, 109.8514, 4242,     60.1,  -1.8282,  33.6545,2,   2270.6,2,  -1.8293
  77DN20010717,Arctic,    22,  1, 234441,      6,20010723, 88.4347, 109.8514, 4242,     50.4,  -1.8311,  33.5947,2,   2268.9,2,  -1.8320
  77DN20010717,Arctic,    22,  1, 234442,      5,20010723, 88.4347, 109.8514, 4242,     40.1,  -1.8182,  33.5167,2,   2267.7,2,  -1.8189
  77DN20010717,Arctic,    22,  1, 234443,      4,20010723, 88.4347, 109.8514, 4242,     30.0,  -1.7628,  33.0666,2,   2260.2,2,  -1.7633
  77DN20010717,Arctic,    22,  1, 234444,      3,20010723, 88.4347, 109.8514, 4242,     20.2,  -1.5667,  31.5097,2,   2204.2,2,  -1.5670
  77DN20010717,Arctic,    22,  1, 234445,      2,20010723, 88.4347, 109.8514, 4242,      9.6,  -1.5529,  31.3514,2,   2214.8,2,  -1.5530
  77DN20010717,Arctic,    22,  1, 234446,      1,20010723, 88.4347, 109.8514, 4242,      2.3,  -1.5532,  31.3626,2,   2202.9,2,  -1.5532
  77DN20010717,Arctic,    23,  1, 234452,     10,20010723, 88.4650, 121.9636, 4151,    399.9,   0.9772,  34.8625,2,   2296.9,2,   0.9583
  77DN20010717,Arctic,    23,  1, 234453,      9,20010723, 88.4650, 121.9636, 4151,    299.9,   1.4394,  34.8701,2,   2300.0,2,   1.4243
  77DN20010717,Arctic,    23,  1, 234454,      8,20010723, 88.4650, 121.9636, 4151,    200.2,   1.1993,  34.7687,2,   2294.1,2,   1.1898
  77DN20010717,Arctic,    23,  1, 234455,      7,20010723, 88.4650, 121.9636, 4151,    149.8,  -0.1188,  34.4926,2,   2282.0,2,  -0.1241
  77DN20010717,Arctic,    23,  1, 234456,      6,20010723, 88.4650, 121.9636, 4151,    100.5,  -1.3011,  34.2160,2,   2276.8,2,  -1.3035
  77DN20010717,Arctic,    23,  1, 234457,      5,20010723, 88.4650, 121.9636, 4151,     74.9,  -1.6141,  33.9959,2,   2275.3,2,  -1.6156
  77DN20010717,Arctic,    23,  1, 234458,      4,20010723, 88.4650, 121.9636, 4151,     49.9,  -1.7123,  33.6889,2,   2270.6,2,  -1.7132
  77DN20010717,Arctic,    23,  1, 234459,      3,20010723, 88.4650, 121.9636, 4151,     38.7,  -1.7389,  33.2922,2,   2264.2,2,  -1.7396
  77DN20010717,Arctic,    23,  1, 234460,      2,20010723, 88.4650, 121.9636, 4151,     29.9,  -1.6740,  32.1147,2,   2228.5,2,  -1.6745
  77DN20010717,Arctic,    23,  1, 234461,      1,20010723, 88.4650, 121.9636, 4151,     19.0,  -1.5366,  31.0879,2,   2195.0,2,  -1.5369
  77DN20010717,Arctic,    24,  1, 234471,     11,20010723, 88.3736, 126.5044, 3998,    300.9,   0.9848,  34.8373,2,   2295.1,2,   0.9708
  77DN20010717,Arctic,    24,  1, 234472,     10,20010723, 88.3736, 126.5044, 3998,    200.4,   0.7252,  34.7056,2,   2293.5,2,   0.7165
  77DN20010717,Arctic,    24,  1, 234473,      9,20010723, 88.3736, 126.5044, 3998,    150.5,  -0.1042,  34.5095,2,   2287.4,2,  -0.1095
  77DN20010717,Arctic,    24,  1, 234474,      8,20010723, 88.3736, 126.5044, 3998,    100.5,  -1.3310,  34.2077,2,   2286.2,2,  -1.3334
  77DN20010717,Arctic,    24,  1, 234475,      7,20010723, 88.3736, 126.5044, 3998,     74.5,  -1.6034,  33.9982,2,   2277.7,2,  -1.6049
  77DN20010717,Arctic,    24,  1, 234476,      6,20010723, 88.3736, 126.5044, 3998,     50.5,  -1.7192,  33.5956,2,   2273.0,2,  -1.7201
  77DN20010717,Arctic,    24,  1, 234477,      5,20010723, 88.3736, 126.5044, 3998,     40.2,  -1.7230,  33.1691,2,   2262.5,2,  -1.7237
  77DN20010717,Arctic,    24,  1, 234478,      4,20010723, 88.3736, 126.5044, 3998,     30.6,  -1.6464,  32.0407,2,   2238.1,2,  -1.6469
  77DN20010717,Arctic,    24,  1, 234479,      3,20010723, 88.3736, 126.5044, 3998,     20.5,  -1.5372,  31.1574,2,   2191.0,2,  -1.5375
  77DN20010717,Arctic,    24,  1, 234480,      2,20010723, 88.3736, 126.5044, 3998,     10.1,  -1.5307,  31.0995,2,   2200.3,2,  -1.5309
  77DN20010717,Arctic,    24,  1, 234481,      1,20010723, 88.3736, 126.5044, 3998,      1.6,  -1.5377,  31.0931,2,   2195.7,2,  -1.5377
  77DN20010717,Arctic,    25,  1, 234488,     10,20010723, 88.2731, 129.2856, 3771,    300.5,   1.0457,  34.8412,2,   2306.8,2,   1.0316
  77DN20010717,Arctic,    25,  1, 234489,      9,20010723, 88.2731, 129.2856, 3771,    200.2,   0.6933,  34.7042,2,   2297.9,2,   0.6847
  77DN20010717,Arctic,    25,  1, 234490,      8,20010723, 88.2731, 129.2856, 3771,    150.4,  -0.2049,  34.4769,2,   2293.8,2,  -0.2101
  77DN20010717,Arctic,    25,  1, 234491,      7,20010723, 88.2731, 129.2856, 3771,    100.1,  -1.3617,  34.1895,2,   2288.8,2,  -1.3640
  77DN20010717,Arctic,    25,  1, 234492,      6,20010723, 88.2731, 129.2856, 3771,     74.9,  -1.6362,  33.9258,2,   2279.8,2,  -1.6377
  77DN20010717,Arctic,    25,  1, 234493,      5,20010723, 88.2731, 129.2856, 3771,     49.9,  -1.7354,  33.5454,2,   2287.6,3,  -1.7363
  77DN20010717,Arctic,    25,  1, 234494,      4,20010723, 88.2731, 129.2856, 3771,     40.2,  -1.7716,  33.3896,2,   2260.0,2,  -1.7723
  77DN20010717,Arctic,    25,  1, 234495,      3,20010723, 88.2731, 129.2856, 3771,     30.2,  -1.5956,  31.6081,2,   2205.2,2,  -1.5961
  77DN20010717,Arctic,    25,  1, 234496,      2,20010723, 88.2731, 129.2856, 3771,     19.8,  -1.5370,  31.0141,2,   2189.2,2,  -1.5373
  77DN20010717,Arctic,    25,  1, 234497,      1,20010723, 88.2731, 129.2856, 3771,     10.2,  -1.5421,  30.9781,2,   2197.1,2,  -1.5422
  77DN20010717,Arctic,    26,  1,  34202,     12,20010723, 88.1453, 132.5567, 3229,    400.6,   0.9658,  34.8684,2,   2301.4,2,   0.9469
  77DN20010717,Arctic,    26,  1,  34203,     11,20010723, 88.1453, 132.5567, 3229,    300.6,   1.3889,  34.8603,2,   2290.4,2,   1.3739
  77DN20010717,Arctic,    26,  1,  34204,     10,20010723, 88.1453, 132.5567, 3229,    200.4,   1.1370,  34.7659,2,   2294.3,2,   1.1276
  77DN20010717,Arctic,    26,  1,  34205,      9,20010723, 88.1453, 132.5567, 3229,    150.4,  -0.0514,  34.5103,2,   2273.5,2,  -0.0568
  77DN20010717,Arctic,    26,  1,  34206,      8,20010723, 88.1453, 132.5567, 3229,    100.4,  -1.3429,  34.2172,2,   2270.0,2,  -1.3453
  77DN20010717,Arctic,    26,  1,  34207,      7,20010723, 88.1453, 132.5567, 3229,     75.3,  -1.6074,  33.9992,2,   2275.2,2,  -1.6090
  77DN20010717,Arctic,    26,  1,  34208,      6,20010723, 88.1453, 132.5567, 3229,     50.4,  -1.7201,  33.6682,2,   2273.0,2,  -1.7210
  77DN20010717,Arctic,    26,  1,  34209,      5,20010723, 88.1453, 132.5567, 3229,     40.6,  -1.7390,  33.1179,2,   2260.2,2,  -1.7397
  77DN20010717,Arctic,    26,  1,  34210,      4,20010723, 88.1453, 132.5567, 3229,     30.3,  -1.6432,  31.9581,2,   2231.1,2,  -1.6437
  77DN20010717,Arctic,    26,  1,  34211,      3,20010723, 88.1453, 132.5567, 3229,     20.2,  -1.5279,  30.8918,2,   2188.1,2,  -1.5282
  77DN20010717,Arctic,    26,  1,  34212,      2,20010723, 88.1453, 132.5567, 3229,     10.3,  -1.5289,  30.8465,2,   2178.9,2,  -1.5290
  77DN20010717,Arctic,    26,  1,  34213,      1,20010723, 88.1453, 132.5567, 3229,      1.8,  -1.5293,  30.8445,2,   2182.4,2,  -1.5293
  77DN20010717,Arctic,    27,  1,  34269,     12,20010728, 87.7156, 146.8728, 2095,    400.4,   0.5991,  34.8532,2,   2296.6,2,   0.5814
  77DN20010717,Arctic,    27,  1,  34270,     11,20010728, 87.7156, 146.8728, 2095,    300.2,   0.9530,  34.8556,2,   2297.8,2,   0.9391
  77DN20010717,Arctic,    27,  1,  34271,     10,20010728, 87.7156, 146.8728, 2095,    200.4,   0.9242,  34.7587,2,   2292.8,2,   0.9152
  77DN20010717,Arctic,    27,  1,  34272,      9,20010728, 87.7156, 146.8728, 2095,    150.3,  -0.1022,  34.5162,2,   2285.8,2,  -0.1075
  77DN20010717,Arctic,    27,  1,  34273,      8,20010728, 87.7156, 146.8728, 2095,    100.0,  -1.3111,  34.1944,2,   2276.0,2,  -1.3135
  77DN20010717,Arctic,    27,  1,  34274,      7,20010728, 87.7156, 146.8728, 2095,     75.0,  -1.6084,  33.9731,2,   2274.4,2,  -1.6099
  77DN20010717,Arctic,    27,  1,  34275,      6,20010728, 87.7156, 146.8728, 2095,     50.3,  -1.7247,  33.4889,2,   2268.8,2,  -1.7256
  77DN20010717,Arctic,    27,  1,  34276,      5,20010728, 87.7156, 146.8728, 2095,     39.7,  -1.6882,  32.5451,2,   2238.8,2,  -1.6889
  77DN20010717,Arctic,    27,  1,  34277,      4,20010728, 87.7156, 146.8728, 2095,     30.1,  -1.5604,  30.8843,2,   2181.9,2,  -1.5608
  77DN20010717,Arctic,    27,  1,  34278,      3,20010728, 87.7156, 146.8728, 2095,     20.3,  -1.5654,  30.8316,2,   2179.0,2,  -1.5657
  77DN20010717,Arctic,    27,  1,  34279,      2,20010728, 87.7156, 146.8728, 2095,     11.1,  -1.5631,  30.8246,2,   2187.6,2,  -1.5633
  77DN20010717,Arctic,    27,  1,  34280,      1,20010728, 87.7156, 146.8728, 2095,      1.7,  -1.5637,  30.8193,2,   2181.1,2,  -1.5637
  77DN20010717,Arctic,    28,  1,  34255,     11,20010728, 87.7092, 148.4739, 2351,    400.2,   0.5921,  34.8511,2,   2296.7,2,   0.5744
  77DN20010717,Arctic,    28,  1,  34256,     10,20010728, 87.7092, 148.4739, 2351,    299.8,   0.8850,  34.8351,2,   2296.9,2,   0.8713
  77DN20010717,Arctic,    28,  1,  34257,      9,20010728, 87.7092, 148.4739, 2351,    200.5,   0.9048,  34.7551,2,   2294.8,2,   0.8958
  77DN20010717,Arctic,    28,  1,  34258,      8,20010728, 87.7092, 148.4739, 2351,    150.1,  -0.1240,  34.4854,2,   2284.9,2,  -0.1293
  77DN20010717,Arctic,    28,  1,  34259,      7,20010728, 87.7092, 148.4739, 2351,    100.0,  -1.3818,  34.1534,2,   2276.3,2,  -1.3841
  77DN20010717,Arctic,    28,  1,  34260,      6,20010728, 87.7092, 148.4739, 2351,     75.4,  -1.6780,  33.8349,2,   2276.1,2,  -1.6795
  77DN20010717,Arctic,    28,  1,  34261,      5,20010728, 87.7092, 148.4739, 2351,     50.3,  -1.7488,  33.3361,2,   2269.7,2,  -1.7497
  77DN20010717,Arctic,    28,  1,  34262,      4,20010728, 87.7092, 148.4739, 2351,     40.3,  -1.7038,  32.4359,2,   2240.0,2,  -1.7045
  77DN20010717,Arctic,    28,  1,  34263,      3,20010728, 87.7092, 148.4739, 2351,     30.4,  -1.5772,  31.0722,2,   2195.1,2,  -1.5776
  77DN20010717,Arctic,    28,  1,  34264,      2,20010728, 87.7092, 148.4739, 2351,     20.3,  -1.5739,  30.9086,2,   2185.9,2,  -1.5742
  77DN20010717,Arctic,    28,  1,  34265,      1,20010728, 87.7092, 148.4739, 2351,     10.8,  -1.5723,  30.8959,2,   2187.8,2,  -1.5725
  77DN20010717,Arctic,    29,  1,  34241,     13,20010728, 87.7575, 150.8075, 2616,    400.2,   0.5057,  34.8450,2,   2309.0,2,   0.4883
  77DN20010717,Arctic,    29,  1,  34242,     12,20010728, 87.7575, 150.8075, 2616,    300.2,   0.5048,  34.8100,2,   2294.2,2,   0.4921
  77DN20010717,Arctic,    29,  1,  34243,     11,20010728, 87.7575, 150.8075, 2616,    200.1,   0.3127,  34.6460,2,   2288.9,2,   0.3048
  77DN20010717,Arctic,    29,  1,  34244,     10,20010728, 87.7575, 150.8075, 2616,    150.0,  -0.4822,  34.4241,2,   2283.8,2,  -0.4870
  77DN20010717,Arctic,    29,  1,  34245,      9,20010728, 87.7575, 150.8075, 2616,    100.0,  -1.5161,  34.0674,2,   2277.8,2,  -1.5183
  77DN20010717,Arctic,    29,  1,  34246,      8,20010728, 87.7575, 150.8075, 2616,     75.0,  -1.7114,  33.7288,2,   2271.4,2,  -1.7128
  77DN20010717,Arctic,    29,  1,  34247,      7,20010728, 87.7575, 150.8075, 2616,     50.1,  -1.7379,  33.1850,2,   2273.1,2,  -1.7388
  77DN20010717,Arctic,    29,  1,  34248,      6,20010728, 87.7575, 150.8075, 2616,     40.3,  -1.7126,  32.3117,2,   2236.1,2,  -1.7132
  77DN20010717,Arctic,    29,  1,  34249,      5,20010728, 87.7575, 150.8075, 2616,     30.1,  -1.6332,  31.2477,2,   2200.7,2,  -1.6336
  77DN20010717,Arctic,    29,  1,  34250,      4,20010728, 87.7575, 150.8075, 2616,     20.1,  -1.5948,  31.0685,2,   2193.3,2,  -1.5951
  77DN20010717,Arctic,    29,  1,  34251,      3,20010728, 87.7575, 150.8075, 2616,     10.3,  -1.5945,  31.0685,2,   2193.2,2,  -1.5946
  77DN20010717,Arctic,    29,  1,  34252,      2,20010728, 87.7575, 150.8075, 2616,      4.8,  -1.5921,  31.0585,2,   2191.4,2,  -1.5922
  77DN20010717,Arctic,    29,  1,  34253,      1,20010728, 87.7575, 150.8075, 2616,      1.6,  -1.5915,  31.0496,2,   2193.0,2,  -1.5915
  77DN20010717,Arctic,    30,  1,  34214,     11,20010726, 87.9228, 154.2917, 2941,    300.2,   0.9235,  34.8326,2,   2293.1,2,   0.9097
  77DN20010717,Arctic,    30,  1,  34215,     10,20010726, 87.9228, 154.2917, 2941,    200.2,   0.5020,  34.6523,2,   2288.4,2,   0.4937
  77DN20010717,Arctic,    30,  1,  34216,      9,20010726, 87.9228, 154.2917, 2941,    149.9,  -0.4222,  34.4049,2,   2278.1,2,  -0.4271
  77DN20010717,Arctic,    30,  1,  34217,      8,20010726, 87.9228, 154.2917, 2941,    100.0,  -1.5714,  34.0084,2,   2276.3,2,  -1.5735
  77DN20010717,Arctic,    30,  1,  34218,      7,20010726, 87.9228, 154.2917, 2941,     74.6,  -1.7323,  34.4088,2,   2285.0,2,  -1.7338
  77DN20010717,Arctic,    30,  1,  34220,      6,20010726, 87.9228, 154.2917, 2941,     50.2,  -1.7228,  32.6439,2,   2245.0,2,  -1.7236
  77DN20010717,Arctic,    30,  1,  34221,      5,20010726, 87.9228, 154.2917, 2941,     40.2,  -1.6926,  30.3562,2,   2138.9,3,  -1.6931
  77DN20010717,Arctic,    30,  1,  34222,      4,20010726, 87.9228, 154.2917, 2941,     30.6,  -1.6668,  31.5428,2,   2218.1,2,  -1.6673
  77DN20010717,Arctic,    30,  1,  34223,      3,20010726, 87.9228, 154.2917, 2941,     19.2,  -1.6098,  31.2301,2,   2200.5,2,  -1.6101
  77DN20010717,Arctic,    30,  1,  34225,      2,20010726, 87.9228, 154.2917, 2941,      4.9,  -1.6018,  31.2195,2,   2203.1,2,  -1.6019
  77DN20010717,Arctic,    30,  1,  34226,      1,20010726, 87.9228, 154.2917, 2941,      1.5,  -1.5991,  31.0359,2,   2189.7,2,  -1.5991
END_DATA
