BOTTLE,20150522PRINUNIVRMK
# Data source: S.Lauvset 3/18/14 
# SHIP: G. O. Sars 
# Region: Greenland Sea and Norwegian Sea 
# EXPOCODE: 58GS20130717 
# DATES: July 17-July 30 2013 
# Chief Scientist: Siv K. Lauvset 
# 83 stations with 12 place Rosette. 46 with chemistry sampling; the remaining CTD profiling only.; 
# Note that the ship gives a new cruise number to every CTD cast even when they are at the same position 
# This cruise was financed by the E.U. funded CarboChange program 
# Hydro: Who - ; Status -  
#       Notes: CTD_Salt problematic 
#       CTDSAL; Who Siv K. Lauvset ; Status: final 
#       Notes: Very few bottle samples for salinity.  The ctdsalinity looks to be a bit high, but this is a very dynamic reg
# Oxygen: Who: Mirjam Glessmer; Status: Only CTD data 
#       Notes: Instrument failure.  The CTD values for oxygen seems to be 10% low when compared to historical data  
#               (even accounting for the observed oxygen trend in the region).  This bias is depth independent 
# Nutrients: Who Linda Fonnes (IMR); Status: final 
#       Notes: Sampled onboard, poisoned with chloroform, refrigerated, analysed on land.
#       PO4 seems to be high by 10% compared to historical cruises.  
# TCO2: Who Siv K. Lauvset ; Status: final 
#       Notes: We used the ctdsal when analysing TCO2 onboard and have not corrected the measurements for the -0.002 correct
#               applied to the ctdsal after the cruise 
# TA: Who: Siv K. Lauvset ; Status: final 
#       Notes: See TCO2 
# CFC: Who: Emil Jeansson ; Status: no data 
#       Notes: Instrument failure 
# C14: Who R.Key&A.McNichol; Status: final 
#       Notes: Sampled onbard,  poisoned with HgCl2
# C13: Who Dominic Clement, Marie Eide, Benjamin Pfeil, Jerry Tjiputra (water sampling), Are Olsen; Status: final
#       Notes: Sampled onboard, poisoned with HgCl2, analysed on land
# Other:  
EXPOCODE,SECT_ID,STNNBR,CASTNO,BTLNBR,BTLNBR_FLAG_W,DATE,TIME,LATITUDE,LONGITUDE,DEPTH,CTDPRS,CTDTMP,CTDSAL,CTDSAL_FLAG_W,CTDOXY,CTDOXY_FLAG_W,SILCAT,SILCAT_FLAG_W,NITRAT,NITRAT_FLAG_W,NITRIT,NITRIT_FLAG_W,PHSPHT,PHSPHT_FLAG_W,TCARBN,TCARBN_FLAG_W,ALKALI,ALKALI_FLAG_W,DELC14,DELC14_FLAG_W,C14ERR,DELC13,DELC13_FLAG_W
,,,,,,,,,,METERS,DBAR,ITS-90,PSS-78,,UMOL/KG,,UMOL/KG,,UMOL/KG,,UMOL/KG,,UMOL/KG,,UMOL/KG,,UMOL/KG,,/MILLE,,/MILLE,/MILLE,
  58GS20130717,   75N,280,1,1,2,20130720,641,75,-12,1680,1670,-0.742,34.918,2,275.5,2,11.98,2,14.61,2,0.02,2,1.08,2,2163.7,2,2300.2,2,-999,9,-999,1.08,2
  58GS20130717,   75N,280,1,2,2,20130720,641,75,-12,1680,1670,-0.742,34.918,2,275,2,11.99,2,14.66,2,0.04,2,1.13,2,2165.3,2,2299.4,2,-999,9,-999,1.08,2
  58GS20130717,   75N,280,1,3,2,20130720,641,75,-12,1680,1498,-0.628,34.918,2,278.5,2,10.92,2,14.27,2,0.03,2,1.04,2,2166,2,2303.3,2,-999,9,-999,1.01,2
  58GS20130717,   75N,280,1,4,2,20130720,641,75,-12,1680,998,-0.361,34.918,2,296.8,2,7.52,2,13.06,2,0.04,2,0.98,2,2169.9,2,2313.3,3,-999,9,-999,0.86,2
  58GS20130717,   75N,280,1,5,2,20130720,641,75,-12,1680,798,-0.03,34.938,2,300.5,2,6.72,2,12.59,2,0.02,2,0.94,2,2169,2,2299.6,2,-999,9,-999,0.83,2
  58GS20130717,   75N,280,1,6,2,20130720,641,75,-12,1680,498,0.244,-999,9,-999,9,6.79,2,12.54,2,0.04,2,0.93,2,-999,9,-999,9,-999,9,-999,-999,2
  58GS20130717,   75N,280,1,7,2,20130720,641,75,-12,1680,298,0.905,34.963,2,292.4,2,6.15,2,11.84,2,0.14,2,0.9,2,2158.8,2,2302.4,2,-999,9,-999,0.73,2
  58GS20130717,   75N,280,1,8,2,20130720,641,75,-12,1680,98,1.278,-999,9,-999,9,4.85,2,6.56,2,0.12,2,0.71,2,-999,9,-999,9,-999,9,-999,-999,2
  58GS20130717,   75N,280,1,9,2,20130720,641,75,-12,1680,48,0.447,34.264,2,337,2,4.44,2,4.82,2,0.08,2,0.61,2,2125.8,2,2289.6,2,-999,9,-999,1.13,2
  58GS20130717,   75N,280,1,10,2,20130720,641,75,-12,1680,28,0.377,33.714,2,389.8,2,4.11,2,2.96,2,0.06,2,0.5,2,2101.6,2,2275.4,2,-999,9,-999,1.28,2
  58GS20130717,   75N,280,1,11,2,20130720,641,75,-12,1680,4,1.303,31.109,2,346.4,2,3,2,0.06,2,0.01,2,0.25,2,2007.3,2,-999,9,-999,9,-999,1.66,2
  58GS20130717,   75N,282,1,1,2,20130720,1112,75,-11,2680,2670,-0.811,34.917,2,273.3,2,13.19,2,14.65,2,0.02,2,1.12,2,2163.2,2,2298.2,2,-51.5,2,1.7,1.13,2
  58GS20130717,   75N,282,1,2,2,20130720,1112,75,-11,2680,2498,-0.786,34.919,2,274.3,2,12.76,2,14.49,2,0.02,2,1.1,2,2163.7,2,2297.8,2,-52.1,2,2.1,1.1,2
  58GS20130717,   75N,282,1,3,2,20130720,1112,75,-11,2680,2488,-0.786,34.919,2,274,2,12.69,2,14.46,2,0.01,2,1.09,2,2164.7,2,2298.4,2,-50.6,2,2,1.09,2
  58GS20130717,   75N,282,1,4,2,20130720,1112,75,-11,2680,1998,-0.79,34.917,2,275.3,2,12.2,2,14.43,2,0.01,2,1.08,2,2165.2,2,2298.4,2,-49.2,2,2,1.04,2
  58GS20130717,   75N,282,1,5,2,20130720,1112,75,-11,2680,1748,-0.753,34.918,2,276,2,11.86,2,14.33,2,0.05,2,1.07,2,2164,2,2297.9,2,-43.9,2,2.2,1.05,2
  58GS20130717,   75N,282,1,6,2,20130720,1112,75,-11,2680,1198,-0.621,34.914,2,286.3,2,9.58,2,13.5,2,0.01,2,1.01,2,2163.4,2,2299.1,2,-19.9,2,2.1,0.99,2
  58GS20130717,   75N,282,1,7,2,20130720,1112,75,-11,2680,848,-0.506,34.913,2,291.3,2,8.47,2,13.12,2,0.01,2,0.98,2,2161,2,2296.4,2,-5.1,2,1.9,0.91,2
  58GS20130717,   75N,282,1,8,2,20130720,1112,75,-11,2680,548,-0.241,34.925,2,294.9,2,7.54,2,12.5,2,0.03,2,0.93,2,2170,2,2298.3,2,14.6,2,1.8,0.75,2
  58GS20130717,   75N,283,1,1,2,20130720,1344,75,-11,1752,550,-0.147,34.932,2,297.8,2,7.07,2,12.91,2,0.02,2,0.97,2,2170.4,2,2298.4,2,18.7,6,1.5,0.81,2
  58GS20130717,   75N,283,1,3,2,20130720,1344,75,-11,1752,448,-0.13,34.928,2,295.2,2,7.23,2,12.99,2,0.03,2,0.97,2,2168.8,2,2299.6,2,10,2,1.9,0.8,2
  58GS20130717,   75N,283,1,4,2,20130720,1344,75,-11,1752,348,0.066,34.936,2,296.6,2,6.7,2,12.62,2,0.02,2,0.93,2,2168.4,2,2297.7,2,16.3,2,1.9,0.8,2
  58GS20130717,   75N,283,1,5,2,20130720,1344,75,-11,1752,248,0.289,34.943,2,299.4,2,6.22,2,11.97,2,0.1,2,0.91,2,2168.5,2,2302,2,19.2,2,1.8,0.82,2
  58GS20130717,   75N,283,1,6,2,20130720,1344,75,-11,1752,173,0.749,34.967,2,295.7,2,6.1,2,12.05,2,0.17,2,0.91,2,2161.7,2,2302.4,2,7.6,3,2.3,0.76,2
  58GS20130717,   75N,283,1,7,2,20130720,1344,75,-11,1752,98,0.863,34.954,2,294.2,2,5.96,2,11.44,2,0.22,2,0.89,2,2163.6,2,2301.7,2,24,2,2.3,0.73,2
  58GS20130717,   75N,283,1,8,2,20130720,1344,75,-11,1752,73,1.218,34.957,2,295.6,2,5.52,2,10.4,2,0.23,2,0.86,2,2163.9,2,2302.9,2,21.6,2,2.3,0.78,2
  58GS20130717,   75N,283,1,9,2,20130720,1344,75,-11,1752,48,1.484,34.888,2,302.8,2,5.13,2,9.33,2,0.18,2,0.82,2,2160.7,2,2303.6,2,35.7,2,2.6,0.77,2
  58GS20130717,   75N,283,1,10,2,20130720,1344,75,-11,1752,33,2.143,34.709,2,337.3,2,5.12,2,9.22,2,0.17,2,0.8,2,2160.2,2,2303.4,2,33.1,2,2.2,0.82,2
  58GS20130717,   75N,283,1,11,2,20130720,1344,75,-11,1752,4,3.623,32.456,2,312.5,2,3.28,2,0.07,2,0.01,2,0.21,2,2031,2,2244.8,2,36.9,2,2.1,1.81,2
  58GS20130717,   75N,286,1,1,2,20130720,2109,75,-9.25,3210,3200,-0.768,34.917,2,274.3,2,13.21,2,14.73,2,0.01,2,1.12,2,2163.6,2,2284.6,3,-50.6,2,2.1,1.05,2
  58GS20130717,   75N,286,1,2,2,20130720,2109,75,-9.25,3210,3200,-0.768,34.917,2,275.2,2,13.25,2,14.93,2,0.01,2,1.19,2,2165.4,2,2285.2,3,-48.5,2,2.1,1.07,2
  58GS20130717,   75N,286,1,3,2,20130720,2109,75,-9.25,3210,2997,-0.764,34.918,2,274.9,2,12.8,2,14.51,2,0.01,2,1.11,2,2163.4,2,2284.9,3,-59.7,2,2.2,1.09,2
  58GS20130717,   75N,286,1,4,2,20130720,2109,75,-9.25,3210,2497,-0.755,34.918,2,275.3,2,12.4,2,14.46,2,0.03,2,1.09,2,2159.6,2,2283.6,3,-43.1,2,2.5,1.07,2
  58GS20130717,   75N,286,1,5,2,20130720,2109,75,-9.25,3210,1997,-0.671,34.916,2,278,2,11.23,2,14.07,2,0.01,2,1.06,2,2163.9,2,2282.5,3,-38.1,2,2.4,1.01,2
  58GS20130717,   75N,286,1,6,2,20130720,2109,75,-9.25,3210,1497,-0.604,34.91,2,300.5,2,7.91,2,12.92,2,0.03,2,0.98,2,2166.3,2,2282.8,3,-1.8,2,2.3,0.86,2
  58GS20130717,   75N,286,1,7,2,20130720,2109,75,-9.25,3210,997,-0.512,34.913,2,300.9,2,7.55,2,12.76,2,0.03,2,0.95,2,2169.2,2,2283.6,3,4.4,2,2.3,0.79,2
  58GS20130717,   75N,286,1,8,2,20130720,2109,75,-9.25,3210,797,-0.462,34.914,2,301.1,2,7.37,2,12.48,2,0.03,2,0.93,2,2169.2,2,2282.6,3,8.7,2,2.5,0.82,2
  58GS20130717,   75N,287,1,1,2,20130720,2342,75,-9.25,3040,499,-0.302,34.916,2,275.9,4,6.93,2,12.68,2,0.02,2,0.97,2,2167,2,2283,3,14.2,2,2.2,0.81,2
  58GS20130717,   75N,287,1,2,2,20130720,2342,75,-9.25,3040,499,-0.299,34.917,2,299.5,2,6.91,2,12.65,2,0.02,2,0.97,2,2170.7,2,2284.5,3,14.7,2,3,-999,2
  58GS20130717,   75N,287,1,3,2,20130720,2342,75,-9.25,3040,398,-0.111,34.926,2,299.1,2,6.72,2,12.63,2,0.03,2,0.97,2,2167.3,2,2284.9,3,20.6,2,2.8,0.81,2
  58GS20130717,   75N,287,1,4,2,20130720,2342,75,-9.25,3040,198,0.114,34.924,2,299.9,2,6.39,2,12.26,2,0.1,2,0.94,2,2166.7,2,2285.4,3,17.5,2,2.2,0.79,2
  58GS20130717,   75N,287,1,5,2,20130720,2342,75,-9.25,3040,148,0.23,34.928,2,298.8,2,6.24,2,12.07,2,0.18,2,0.93,2,2166.5,2,2284.8,3,34.6,2,3.2,0.82,2
  58GS20130717,   75N,287,1,6,2,20130720,2342,75,-9.25,3040,98,0.37,34.915,2,302.4,2,5.69,2,10.93,2,0.19,2,0.92,2,2166.1,2,2285.8,3,21.6,2,2.5,0.8,2
  58GS20130717,   75N,287,1,7,2,20130720,2342,75,-9.25,3040,73,0.6,34.891,2,298,2,5.19,2,9.73,2,0.14,2,0.89,2,2170,2,2289,3,23.9,2,2.5,0.79,2
  58GS20130717,   75N,287,1,8,2,20130720,2342,75,-9.25,3040,48,1.21,34.79,2,314,2,2.7,2,6.03,2,0.09,2,0.7,2,2142,2,2287,3,44.1,2,2.3,1.08,2
  58GS20130717,   75N,287,1,9,2,20130720,2342,75,-9.25,3040,28,2.204,34.728,2,335.4,2,2.97,2,3.15,2,0.08,2,0.49,2,2124.9,2,2287,3,24.3,2,2.3,1.42,2
  58GS20130717,   75N,287,1,10,2,20130720,2342,75,-9.25,3040,18,3.908,34.59,2,319.6,2,2.61,2,0.33,2,0.03,2,0.28,2,2078,2,2281,3,26.9,2,4,1.95,2
  58GS20130717,   75N,287,1,11,2,20130720,2342,75,-9.25,3040,4,3.813,33.312,2,311.9,2,2.8,2,0.12,2,0.02,2,0.25,2,2072.5,2,2277.4,3,38.8,2,3.1,1.89,2
  58GS20130717,   75N,289,1,1,2,20130721,442,75,-8,3310,3300,-0.759,34.918,2,274.2,2,12.96,2,14.74,2,0.01,2,1.15,2,2164.8,2,2302,2,-999,9,-999,1.14,2
  58GS20130717,   75N,289,1,2,2,20130721,442,75,-8,3310,3300,-999,34.918,2,275.2,2,-999,9,-999,9,-999,2,-999,9,2163,2,2301.3,2,-52.8,2,1.9,-999,2
  58GS20130717,   75N,289,1,3,2,20130721,442,75,-8,3310,2998,-0.754,34.919,2,274.8,2,12.7,2,14.55,2,0.02,2,1.15,2,2162.8,2,2300.4,2,-61.6,2,2.7,1.07,2
  58GS20130717,   75N,289,1,4,2,20130721,442,75,-8,3310,2248,-0.674,34.916,2,277.6,2,11.29,2,14.15,2,0.01,2,1.13,2,2164.4,2,2299.5,2,-41.6,2,1.8,1.11,2
  58GS20130717,   75N,289,1,5,2,20130721,442,75,-8,3310,1998,-0.618,34.912,2,287.2,2,9.46,2,13.55,2,0.01,2,1.08,2,2164.7,2,2298.2,2,-22.2,2,2.2,0.96,2
  58GS20130717,   75N,289,1,6,2,20130721,442,75,-8,3310,1748,-0.593,34.91,2,300.5,2,7.72,2,12.9,2,0.01,2,1.04,2,2167.4,2,2298.2,2,-1.9,2,1.9,0.9,2
  58GS20130717,   75N,289,1,7,2,20130721,442,75,-8,3310,1498,-0.529,34.914,2,306.9,2,6.94,2,12.58,2,0.01,2,1.02,2,2169.2,2,2299.1,2,-999,9,-999,0.88,2
  58GS20130717,   75N,289,1,8,2,20130721,442,75,-8,3310,998,-0.482,34.915,2,306.6,2,6.82,2,12.55,2,0.02,2,1,2,2169.8,2,2298.2,2,21,2,2.1,0.81,2
  58GS20130717,   75N,290,1,1,2,20130721,722,75,-8,3238,697,-0.44,34.915,2,303.5,2,6.73,2,12.67,2,0.02,2,0.97,2,2165.9,2,2297.9,2,4.1,2,3.3,0.84,2
  58GS20130717,   75N,290,1,2,2,20130721,722,75,-8,3238,697,-0.439,34.915,2,303.5,2,6.69,2,12.58,2,0.01,2,0.98,2,2169.1,2,2298.7,2,2.7,2,2.4,0.87,2
  58GS20130717,   75N,290,1,3,2,20130721,722,75,-8,3238,498,-0.222,34.926,2,301.9,2,6.52,2,12.52,2,0.02,2,0.97,2,2169.7,2,2300.1,2,19.2,2,2.7,0.82,2
  58GS20130717,   75N,290,1,4,2,20130721,722,75,-8,3238,348,-0.107,34.924,2,300.8,2,6.46,2,12.45,2,0.04,2,0.96,2,2161.8,2,2300.8,2,8,2,2.4,0.92,2
  58GS20130717,   75N,290,1,5,2,20130721,722,75,-8,3238,248,0.327,34.941,2,300.5,2,6.06,2,11.88,2,0.12,2,0.94,2,2167.4,2,2300.6,2,19.5,2,2.4,0.82,2
  58GS20130717,   75N,290,1,6,2,20130721,722,75,-8,3238,173,0.381,34.932,2,299.2,2,5.87,2,11.54,2,0.2,2,0.92,2,2168.5,2,2301.3,2,33.2,2,2.6,0.85,2
  58GS20130717,   75N,290,1,7,2,20130721,722,75,-8,3238,123,1.04,34.952,2,291.3,2,5.68,2,11.12,2,0.23,2,0.91,2,2166.9,2,2303.5,2,21.9,2,2.4,0.83,2
  58GS20130717,   75N,290,1,8,2,20130721,722,75,-8,3238,88,1.521,34.972,2,285.2,2,5.72,2,11.68,2,0.22,2,0.9,2,2163.8,2,2303.6,2,31.3,2,2.4,0.81,2
  58GS20130717,   75N,290,1,9,2,20130721,722,75,-8,3238,58,1.542,34.942,2,285.1,2,5.74,2,11.28,2,0.25,2,0.89,2,2163.2,2,2304.6,2,31.4,2,2.4,0.77,2
  58GS20130717,   75N,290,1,10,2,20130721,722,75,-8,3238,18,2.897,34.642,2,340.1,2,3.23,2,1.94,2,0.07,2,0.4,2,2125.6,2,2300.2,2,30.7,2,2.8,1.61,2
  58GS20130717,   75N,290,1,11,2,20130721,722,75,-8,3238,4,3.71,33.781,2,307.9,2,3.3,2,1.92,2,0.06,2,0.39,2,2096.6,2,2297.4,2,29.5,2,3.7,1.64,2
  58GS20130717,   75N,292,1,1,2,20130721,1200,75,-7,3418,3391,-0.757,34.918,2,275.4,2,13.34,2,14.65,2,0.01,2,1.09,2,2164.2,2,2301,2,-999,9,-999,1.2,2
  58GS20130717,   75N,292,1,2,2,20130721,1200,75,-7,3418,3391,-999,34.918,2,-999,9,-999,9,-999,9,-999,2,-999,9,2165,2,2300.2,2,-999,9,-999,1.16,2
  58GS20130717,   75N,292,1,3,2,20130721,1200,75,-7,3418,2998,-0.751,34.92,2,275.4,2,12.78,2,14.6,2,0.01,2,1.09,2,2162.9,2,2301.9,2,-999,9,-999,1.12,2
  58GS20130717,   75N,292,1,4,2,20130721,1200,75,-7,3418,2248,-0.688,34.917,2,276.9,2,11.53,2,14.3,2,0.01,2,1.06,2,2159.5,2,2304.1,3,-999,9,-999,1.13,2
  58GS20130717,   75N,292,1,5,2,20130721,1200,75,-7,3418,1998,-0.605,34.917,2,281.6,2,10.56,2,13.96,2,0.03,2,1.05,2,2167,2,2298.5,2,-999,9,-999,1.1,2
  58GS20130717,   75N,292,1,6,2,20130721,1200,75,-7,3418,1748,-0.59,34.91,2,298.6,2,8.02,2,12.99,2,0.01,2,0.97,2,2168.8,2,2298.4,2,-999,9,-999,0.99,2
  58GS20130717,   75N,292,1,7,2,20130721,1200,75,-7,3418,1498,-0.544,34.913,2,303.3,2,7.39,2,12.72,2,0.02,2,0.94,2,2170.8,2,2299.1,2,-999,9,-999,0.96,2
  58GS20130717,   75N,292,1,8,2,20130721,1200,75,-7,3418,998,-0.462,34.916,2,306.8,2,6.89,2,12.23,2,0.02,2,0.91,2,2169.5,2,2299.7,2,-999,9,-999,0.9,2
  58GS20130717,   75N,293,1,1,2,20130721,1424,75,-7,3418,699,-0.161,34.932,2,299.7,2,6.85,2,12.93,2,0.02,2,0.95,2,2169,2,2300,2,-999,9,-999,0.86,2
  58GS20130717,   75N,293,1,2,2,20130721,1424,75,-7,3418,699,-0.158,34.932,2,299.5,2,6.87,2,12.86,2,0.02,2,0.95,2,2168.4,2,2299.1,2,-999,9,-999,0.93,2
  58GS20130717,   75N,293,1,3,2,20130721,1424,75,-7,3418,498,0.024,34.937,2,297.5,2,6.86,2,12.8,2,0.02,2,0.95,2,2169.2,2,2301.7,2,-999,9,-999,0.91,2
  58GS20130717,   75N,293,1,4,2,20130721,1424,75,-7,3418,348,0.261,34.943,2,293.7,2,6.79,2,12.78,2,0.03,2,0.94,2,2167.9,2,2300.2,2,-999,9,-999,0.89,2
  58GS20130717,   75N,293,1,5,2,20130721,1424,75,-7,3418,248,0.444,34.949,2,292,2,6.56,2,12.43,2,0.03,2,0.93,2,2166.2,2,2302.9,2,-999,9,-999,0.93,2
  58GS20130717,   75N,293,1,6,2,20130721,1424,75,-7,3418,173,0.172,34.916,2,303,2,6.02,2,11.5,2,0.22,2,0.89,2,2168.7,2,2299.7,2,-999,9,-999,0.87,2
  58GS20130717,   75N,293,1,7,2,20130721,1424,75,-7,3418,123,0.775,34.924,2,296.7,2,5.53,2,10.68,2,0.19,2,0.89,2,2167.4,2,2301.4,2,-999,9,-999,0.83,2
  58GS20130717,   75N,293,1,8,2,20130721,1424,75,-7,3418,88,1.636,34.952,2,292.4,2,5.42,2,10.19,2,0.25,2,0.85,2,2160.8,2,2304.6,2,-999,9,-999,0.75,2
  58GS20130717,   75N,293,1,9,2,20130721,1424,75,-7,3418,58,1.71,34.918,2,287.3,2,5.53,2,9.48,2,0.26,2,0.93,2,2159.6,2,2302.9,2,-999,9,-999,0.79,2
  58GS20130717,   75N,293,1,10,2,20130721,1424,75,-7,3418,18,3.911,34.436,2,354.1,2,3.12,2,0.86,2,0.05,2,0.31,2,2076.5,2,2287.4,2,-999,9,-999,1.73,2
  58GS20130717,   75N,293,1,11,2,20130721,1424,75,-7,3418,5,4.393,33.44,2,304.3,2,3.29,2,0.07,2,0.01,2,0.19,2,2031.3,2,2233.1,2,-999,9,-999,1.88,2
  58GS20130717,   75N,295,1,1,2,20130721,1906,75,-6,3462,3452,-0.751,34.918,2,274.4,2,13.12,2,15.2,2,0.01,2,1.12,2,2162.2,2,2298.2,2,-57.8,2,2.2,1.1,2
  58GS20130717,   75N,295,1,2,2,20130721,1906,75,-6,3462,2998,-0.749,34.92,2,275,2,12.53,2,15.12,2,0.01,2,1.09,2,2163.4,2,2299.1,2,-59.2,2,2.2,1.13,2
  58GS20130717,   75N,295,1,3,2,20130721,1906,75,-6,3462,2248,-0.69,34.917,2,277.8,2,11.33,2,14.78,2,0.01,2,1.1,2,2163.8,2,2297.7,2,-41.4,2,2.2,1.07,2
  58GS20130717,   75N,295,1,4,2,20130721,1906,75,-6,3462,2003,-0.629,34.915,2,282.7,2,10.17,2,14.34,2,0.01,2,1.04,2,2165.8,2,2297.5,2,-36.1,2,2.8,1.05,2
  58GS20130717,   75N,295,1,5,2,20130721,1906,75,-6,3462,1993,-0.628,34.914,2,282.4,2,10.03,2,14.3,2,0.01,2,1.07,2,2165.9,2,2297.6,2,-20.3,2,2.4,1.12,2
  58GS20130717,   75N,295,1,6,2,20130721,1906,75,-6,3462,1748,-0.578,34.912,2,292.3,2,8.66,2,13.75,2,0.01,2,1.04,2,2165.8,2,2297.8,2,-11.9,2,3.2,0.95,2
  58GS20130717,   75N,295,1,7,2,20130721,1906,75,-6,3462,1498,-0.535,34.913,2,305.5,2,6.94,2,12.97,2,0.01,2,0.97,2,2169.9,2,2296.4,2,16.3,2,2.5,0.91,2
  58GS20130717,   75N,295,1,8,2,20130721,1906,75,-6,3462,998,-0.484,34.915,2,308.3,2,6.69,2,12.58,2,0.03,2,0.96,2,2170,2,2297.3,2,15.9,2,2.4,0.85,2
  58GS20130717,   75N,296,1,1,2,20130721,2146,75,-6,3408,700,-0.392,34.916,2,299.9,2,7.15,2,13.28,2,0.03,2,0.98,2,2169.3,2,2298.4,2,3.1,2,2.4,0.89,2
  58GS20130717,   75N,296,1,2,2,20130721,2146,75,-6,3408,498,-0.116,34.929,2,296.8,2,7.05,2,13.15,2,0.03,2,0.99,2,2167.4,2,2298.8,2,5.3,2,2.4,0.89,2
  58GS20130717,   75N,296,1,3,2,20130721,2146,75,-6,3408,348,0.102,34.935,2,293.1,2,6.83,2,12.95,2,0.01,2,0.97,2,2167.4,2,2300.6,2,13.5,2,2.5,0.92,2
  58GS20130717,   75N,296,1,4,2,20130721,2146,75,-6,3408,243,0.611,34.963,2,298,2,6.15,2,12.39,2,0.12,2,0.92,2,2164,2,2303.2,2,26.3,2,2.5,0.82,2
  58GS20130717,   75N,296,1,5,2,20130721,2146,75,-6,3408,253,0.633,34.963,2,297.8,2,6.05,2,12.34,2,0.15,2,0.94,2,2165.2,2,2300.9,2,11.2,2,2.6,0.9,2
  58GS20130717,   75N,296,1,6,2,20130721,2146,75,-6,3408,173,0.886,34.97,2,293.2,2,6.1,2,12.41,2,0.06,2,0.92,2,2165.8,2,2303.4,2,31.3,2,2.5,0.83,2
  58GS20130717,   75N,296,1,7,2,20130721,2146,75,-6,3408,123,1.056,34.967,2,290.4,2,6.08,2,12.29,2,0.09,2,0.95,2,2163.8,2,2303.2,2,23.1,2,1.7,0.83,2
  58GS20130717,   75N,296,1,8,2,20130721,2146,75,-6,3408,88,1.297,34.976,2,289.7,2,5.99,2,12.12,2,0.1,2,0.92,2,2163.4,2,2301.9,2,26.8,2,1.7,0.83,2
  58GS20130717,   75N,296,1,9,2,20130721,2146,75,-6,3408,58,1.644,34.986,2,289.1,2,5.75,2,11.71,2,0.16,2,0.91,2,2160.4,2,2302.6,2,26.3,2,1.8,0.81,2
  58GS20130717,   75N,296,1,10,2,20130721,2146,75,-6,3408,18,1.943,34.656,2,332,2,3.45,2,2.84,2,0.06,2,0.47,2,2115,2,2302.4,2,30.7,2,2.4,1.44,2
  58GS20130717,   75N,296,1,11,2,20130721,2146,75,-6,3408,4,4.04,33.673,2,307.1,2,3.08,2,0.16,2,0.03,2,0.23,2,2056.1,2,2261.9,2,32.2,2,1.7,1.86,2
  58GS20130717,   75N,298,1,1,2,20130722,224,75,-5,3513,3503,-0.746,34.918,2,275.8,2,13.31,2,14.93,2,0.03,2,1.13,2,2163.9,2,2299.1,2,-49.4,2,2.2,0.98,2
  58GS20130717,   75N,298,1,2,2,20130722,224,75,-5,3513,2998,-0.756,34.919,2,275.6,2,12.76,2,14.8,2,0.02,2,1.12,2,2163,2,2296.7,2,-55.1,2,2.4,1.04,2
  58GS20130717,   75N,298,1,3,2,20130722,224,75,-5,3513,2248,-0.694,34.916,2,277.3,2,11.49,2,14.49,2,0.02,2,1.1,2,623.7,4,2291.9,2,-43.4,2,1.9,0.96,2
  58GS20130717,   75N,298,1,3,2,20130722,224,75,-5,3513,2248,-0.694,34.916,2,277.3,2,-999,9,-999,9,-999,2,-999,9,2163.6,2,2285,4,-999,9,-999,-999,2
  58GS20130717,   75N,298,1,4,2,20130722,224,75,-5,3513,1998,-0.628,34.914,2,283.9,2,10.13,2,14.05,2,0.02,2,1.05,2,2164.4,2,2291.6,2,-26.6,2,1.8,0.88,2
  58GS20130717,   75N,298,1,5,2,20130722,224,75,-5,3513,1752,-0.599,34.91,2,300.9,2,7.82,2,13.1,2,0.01,2,0.98,2,2167.9,2,2289.4,2,3.2,2,1.7,0.78,2
  58GS20130717,   75N,298,1,6,2,20130722,224,75,-5,3513,1748,-0.599,34.91,2,301.4,2,7.8,2,13.06,2,0.01,2,0.96,2,2166.8,2,2280,3,3.1,2,1.9,0.82,2
  58GS20130717,   75N,298,1,7,2,20130722,224,75,-5,3513,1498,-0.542,34.914,2,305.5,2,7.11,2,12.69,2,0.02,2,0.93,2,2167.2,2,2280.9,3,11.9,2,1.7,0.83,2
  58GS20130717,   75N,298,1,8,2,20130722,224,75,-5,3513,998,-0.496,34.916,2,308,2,6.85,2,12.17,2,0.01,2,0.9,2,2171.6,2,-999,9,5.7,2,2.1,0.83,2
  58GS20130717,   75N,299,1,1,2,20130722,511,75,-5,3499,697,-0.449,34.916,2,303.3,2,6.93,2,12.76,2,0.01,2,0.98,2,2172.9,2,2277.4,3,12,2,1.6,0.81,2
  58GS20130717,   75N,299,1,2,2,20130722,511,75,-5,3499,498,-0.373,34.916,2,302.7,2,6.84,2,12.67,2,0.02,2,0.96,2,2170.9,2,2277.3,3,13.4,2,1.9,0.81,2
  58GS20130717,   75N,299,1,3,2,20130722,511,75,-5,3499,348,-0.04,34.932,2,300.4,2,6.61,2,12.6,2,0.04,2,0.94,2,2167.9,2,2273,3,20.2,2,1.7,0.82,2
  58GS20130717,   75N,299,1,4,2,20130722,511,75,-5,3499,248,0.159,34.939,2,298.7,2,6.49,2,12.42,2,0.07,2,0.91,2,2168,2,2273.7,3,18,2,1.7,0.82,2
  58GS20130717,   75N,299,1,5,2,20130722,511,75,-5,3499,175,0.363,34.942,2,299.3,2,6.24,2,12.16,2,0.17,2,0.91,2,2167.8,2,2271.8,3,21.9,2,2.2,0.83,2
  58GS20130717,   75N,299,1,6,2,20130722,511,75,-5,3499,171,0.37,34.942,2,298.8,2,6.2,2,12.12,2,0.16,2,0.91,2,2166.7,2,2270.8,3,20.2,2,1.8,0.81,2
  58GS20130717,   75N,299,1,7,2,20130722,511,75,-5,3499,123,0.582,34.943,2,297.4,2,6.09,2,11.91,2,0.24,2,0.86,2,2167.9,2,2268.7,3,24.5,2,1.7,0.81,2
  58GS20130717,   75N,299,1,8,2,20130722,511,75,-5,3499,88,1.277,34.976,2,291.6,2,5.92,2,11.48,2,0.24,2,0.88,2,2164.5,2,2266,3,35.7,2,3.7,0.78,2
  58GS20130717,   75N,299,1,9,2,20130722,511,75,-5,3499,58,1.46,34.974,2,291.7,2,5.38,2,10.36,2,0.2,2,0.83,2,2162,2,2266.4,3,37.2,2,3.4,0.73,2
  58GS20130717,   75N,299,1,10,2,20130722,511,75,-5,3499,18,3.6,34.745,2,336.6,2,2.61,2,0.41,2,0.03,2,0.27,2,2077.4,2,2266.7,3,24.4,2,2.3,1.8,2
  58GS20130717,   75N,299,1,11,2,20130722,511,75,-5,3499,4,4.463,33.992,2,309.8,2,3.14,2,0.06,2,0.01,2,0.2,2,2055,2,2262.9,3,29.3,2,2.1,1.76,2
  58GS20130717,   75N,301,1,1,2,20130722,953,75,-4,3560,3550,-0.74,34.917,2,276,2,13.19,2,14.91,2,0.02,2,1.15,2,2161,2,2302.5,2,-56,2,1.9,1.02,2
  58GS20130717,   75N,301,1,2,2,20130722,953,75,-4,3560,2998,-0.756,34.918,2,275.6,2,12.71,2,14.81,2,0.01,2,1.11,2,2162.4,2,2302.3,2,-60.1,2,2.1,1.09,2
  58GS20130717,   75N,301,1,3,2,20130722,953,75,-4,3560,2498,-0.73,34.917,2,275.5,2,12.03,2,14.72,2,0.02,2,1.08,2,2164.7,2,2301.9,2,-79.5,4,2,0.99,2
  58GS20130717,   75N,301,1,4,2,20130722,953,75,-4,3560,1998,-0.633,34.914,2,284,2,10.16,2,13.91,2,0.03,2,1.05,2,2163.6,2,2299.1,2,-28.2,2,2.6,0.96,2
  58GS20130717,   75N,301,1,5,2,20130722,953,75,-4,3560,1748,-0.601,34.911,2,299.4,2,8.04,2,13.07,2,0.03,2,0.98,2,2170.2,2,2298.9,2,-16.1,2,3.9,0.85,2
  58GS20130717,   75N,301,1,6,2,20130722,953,75,-4,3560,1201,-0.506,34.916,2,306.4,2,6.86,2,12.66,2,0.02,2,0.94,2,2170.5,2,2297.3,3,-4.6,2,2.3,0.76,2
  58GS20130717,   75N,301,1,7,2,20130722,953,75,-4,3560,1196,-0.504,34.916,2,307,2,6.84,2,12.47,2,0.01,2,0.94,2,2170.9,2,2299.7,2,19.4,2,2.1,0.78,2
  58GS20130717,   75N,301,1,8,2,20130722,953,75,-4,3560,848,-0.489,34.916,2,307.7,2,6.8,2,12.26,2,0.03,2,0.92,2,2170.4,2,2298,3,-7.9,4,2.1,0.83,2
  58GS20130717,   75N,302,1,1,2,20130722,1215,75,-4,3547,551,-0.432,34.917,2,305.1,2,6.79,2,12.72,2,0.02,2,0.96,2,2169.8,2,2300.1,2,8.6,2,2.4,0.81,2
  58GS20130717,   75N,302,1,2,2,20130722,1215,75,-4,3547,448,-0.327,34.923,2,304,2,6.83,2,12.75,2,0.03,2,0.96,2,2169,2,2300.8,2,22.1,2,2.4,0.81,2
  58GS20130717,   75N,302,1,3,2,20130722,1215,75,-4,3547,353,-0.31,34.922,2,304.5,2,6.69,2,12.55,2,0.02,2,0.96,2,2167.4,2,2300.6,2,18.4,2,2.3,0.79,2
  58GS20130717,   75N,302,1,4,2,20130722,1215,75,-4,3547,348,-0.301,34.923,2,304.8,2,6.68,2,12.59,2,0.02,2,0.95,2,2168.3,2,2299,2,5.2,2,2.1,0.79,2
  58GS20130717,   75N,302,1,5,2,20130722,1215,75,-4,3547,248,-0.279,34.922,2,303.4,2,6.66,2,12.57,2,0.06,2,0.96,2,2168.4,2,2302,2,9.6,2,2.6,0.8,2
  58GS20130717,   75N,302,1,6,2,20130722,1215,75,-4,3547,173,0.103,34.94,2,301.9,2,6.47,2,12.4,2,0.11,2,0.95,2,2167.1,2,2301.2,2,1.8,2,2.2,0.81,2
  58GS20130717,   75N,302,1,7,2,20130722,1215,75,-4,3547,98,-0.012,34.909,2,312.5,2,5.72,2,10.96,2,0.18,2,0.9,2,2162.4,2,2302.7,2,14.5,2,2,0.84,2
  58GS20130717,   75N,302,1,8,2,20130722,1215,75,-4,3547,73,0.375,34.916,2,309.6,2,5.37,2,10.24,2,0.15,2,0.88,2,2164.6,2,2304.5,2,18.1,2,3.1,0.81,2
  58GS20130717,   75N,302,1,9,2,20130722,1215,75,-4,3547,48,0.839,34.905,2,299.7,2,4.82,2,9.71,2,0.16,2,0.88,2,2163.3,2,2304.2,2,11.4,2,2.4,0.76,2
  58GS20130717,   75N,302,1,10,2,20130722,1215,75,-4,3547,33,1.758,34.882,2,317.4,2,2.6,2,6.53,2,0.09,2,0.71,2,2149.9,2,2298.9,2,21.5,2,3.1,1.04,2
  58GS20130717,   75N,302,1,11,2,20130722,1215,75,-4,3547,4,4.68,34.189,2,307.5,2,2.94,2,0.11,2,0.02,2,0.22,2,2069.1,2,-999,9,24.3,2,2.4,1.91,2
  58GS20130717,   75N,304,1,1,2,20130722,1651,75,-3,3611,3601,-0.739,34.918,2,275,2,13.29,2,14.87,2,0.01,2,1.14,2,2163.2,2,2302.5,2,-56.6,2,1.9,1.05,2
  58GS20130717,   75N,304,1,2,2,20130722,1651,75,-3,3611,2998,-0.759,34.919,2,274.9,2,12.62,2,14.79,2,0.01,2,1.14,2,2161.6,2,2302.1,2,-49.9,2,2.4,1.07,2
  58GS20130717,   75N,304,1,3,2,20130722,1651,75,-3,3611,2248,-0.714,34.917,2,276.8,2,11.55,2,14.61,2,0.01,2,1.12,2,2163.5,2,2307,3,-39.9,2,2,1.03,2
  58GS20130717,   75N,304,1,4,2,20130722,1651,75,-3,3611,1998,-0.653,34.916,2,280.4,2,10.68,2,14.32,2,0.01,2,1.09,2,2163.6,2,2309,3,-33.7,2,2.5,1.02,2
  58GS20130717,   75N,304,1,5,2,20130722,1651,75,-3,3611,1748,-0.605,34.912,2,293.5,2,8.77,2,13.63,2,0.03,2,1.02,2,2167.1,2,2304.2,2,-11.4,2,2.1,1.04,2
  58GS20130717,   75N,304,1,6,2,20130722,1651,75,-3,3611,1501,-0.573,34.912,2,302.1,2,7.63,2,13.13,2,0.04,2,0.99,2,2167,2,2303.2,2,6.7,2,2.4,0.98,2
  58GS20130717,   75N,304,1,7,2,20130722,1651,75,-3,3611,1496,-0.574,34.912,2,301.2,2,7.68,2,12.98,2,0.04,2,1.01,2,2169.3,2,2303.8,2,11,2,2.1,0.96,2
  58GS20130717,   75N,304,1,8,2,20130722,1651,75,-3,3611,998,-0.485,34.917,2,306.7,2,6.92,2,12.35,2,0.03,2,0.93,2,2169.4,2,2304.3,2,15.3,2,2.1,0.98,2
  58GS20130717,   75N,305,1,1,2,20130722,1924,75,-3,3516,700,-0.372,34.921,2,302.4,2,6.99,2,12.79,2,0.02,2,0.97,2,2170.5,2,2303.3,2,10,2,2.3,0.98,2
  58GS20130717,   75N,305,1,2,2,20130722,1924,75,-3,3516,500,-0.13,34.935,2,302.2,2,6.76,2,12.73,2,0.02,2,0.95,2,2168.9,2,2303.7,2,17.8,2,2.7,0.91,2
  58GS20130717,   75N,305,1,3,2,20130722,1924,75,-3,3516,495,-0.124,34.935,2,303.1,2,6.76,2,12.64,2,0.02,2,0.95,2,2169.5,2,2303,2,18.6,2,2.6,0.91,2
  58GS20130717,   75N,305,1,4,2,20130722,1924,75,-3,3516,348,0.02,34.943,2,303,2,6.58,2,12.46,2,0.02,2,0.94,2,2171.2,2,2303.6,2,12,2,2.2,0.88,2
  58GS20130717,   75N,305,1,5,2,20130722,1924,75,-3,3516,248,0.258,34.951,2,297.7,2,6.69,2,12.52,2,0.03,2,0.95,2,2170.3,2,2305.8,2,17.8,2,2.5,0.9,2
  58GS20130717,   75N,305,1,6,2,20130722,1924,75,-3,3516,173,0.555,34.963,2,297,2,6.32,2,12.11,2,0.09,2,0.88,2,2165.8,2,2303.2,2,21.1,2,2.2,0.87,2
  58GS20130717,   75N,305,1,7,2,20130722,1924,75,-3,3516,123,0.685,34.965,2,294,2,6.39,2,12.13,2,0.05,2,0.91,2,2166,2,2303.6,2,25.3,2,2.2,0.88,2
  58GS20130717,   75N,305,1,8,2,20130722,1924,75,-3,3516,88,1.078,34.984,2,295.6,2,6.03,2,11.81,2,0.2,2,0.89,2,2164.4,2,2306.6,2,27,2,2.7,0.86,2
  58GS20130717,   75N,305,1,9,2,20130722,1924,75,-3,3516,58,1.296,34.981,2,294.1,2,5.99,2,11.59,2,0.18,2,0.87,2,2165.6,2,2306.3,2,24.4,2,2.2,0.87,2
  58GS20130717,   75N,305,1,10,2,20130722,1924,75,-3,3516,18,2.842,34.808,2,339.1,2,3.23,2,3.88,2,0.1,2,0.58,2,2130.6,2,2309.4,2,23.4,2,2.8,1.33,2
  58GS20130717,   75N,305,1,11,2,20130722,1924,75,-3,3516,4,4.937,34.42,2,294.4,2,3.16,2,1.9,2,0.06,2,0.41,2,2091.3,2,2301.2,2,21,2,2.2,1.66,2
  58GS20130717,   75N,307,1,1,2,20130723,17,75,-2,3610,3600,-0.739,34.919,2,274.3,2,13.32,2,14.92,2,0.02,2,1.08,2,2163,2,2300.1,2,-53.4,2,2.2,1.15,2
  58GS20130717,   75N,307,1,2,2,20130723,17,75,-2,3610,2998,-0.753,34.92,2,275,2,12.67,2,14.82,2,0.02,2,1.11,2,2161.1,2,2299.3,2,-47.8,2,2.5,1.16,2
  58GS20130717,   75N,307,1,3,2,20130723,17,75,-2,3610,2498,-0.734,34.918,2,275.9,2,12.06,2,14.68,2,0.02,2,1.11,2,2161.4,2,2299.8,2,-51,2,3,1.12,2
  58GS20130717,   75N,307,1,4,2,20130723,17,75,-2,3610,2003,-0.633,34.914,2,285.2,2,10.07,2,14.11,2,0.03,2,1.06,2,2164.1,2,2299.1,2,-28.7,2,2.3,1.05,2
  58GS20130717,   75N,307,1,5,2,20130723,17,75,-2,3610,1998,-0.633,34.914,2,285.1,2,9.98,2,14.02,2,0.03,2,1.05,2,2165.8,2,2299.1,2,-26,2,2.3,1.06,2
  58GS20130717,   75N,307,1,6,2,20130723,17,75,-2,3610,1750,-0.604,34.911,2,300.1,2,7.88,2,13,2,0.01,2,0.99,2,2169.1,2,2299,2,-4.7,2,2.1,0.86,2
  58GS20130717,   75N,307,1,7,2,20130723,17,75,-2,3610,1198,-0.513,34.916,2,307.4,2,6.84,2,12.48,2,0.01,2,0.95,2,2170.1,2,2300.2,2,9.3,2,2.1,0.79,2
  58GS20130717,   75N,307,1,8,2,20130723,17,75,-2,3610,848,-0.497,34.916,2,308.5,2,6.77,2,12.22,2,0.02,2,0.92,2,2170.2,2,2299.5,2,17.6,2,2.7,0.82,2
  58GS20130717,   75N,308,1,1,2,20130723,252,75,-2,3524,549,-0.442,34.918,2,304.9,2,6.82,2,12.68,2,0.02,2,0.96,2,2170.9,2,2299.6,2,11.8,2,1.9,0.82,2
  58GS20130717,   75N,308,1,2,2,20130723,252,75,-2,3524,448,-0.379,34.921,2,304.7,2,6.82,2,12.7,2,0.02,2,0.97,2,2170.3,2,2298.9,2,11.9,2,1.8,0.8,2
  58GS20130717,   75N,308,1,3,2,20130723,252,75,-2,3524,348,-0.333,34.922,2,304.4,2,6.78,2,12.67,2,0.02,2,0.98,2,2170.1,2,2299.4,2,8.7,2,2.2,0.79,2
  58GS20130717,   75N,308,1,4,2,20130723,252,75,-2,3524,248,-0.224,34.925,2,304.3,2,6.66,2,12.55,2,0.04,2,0.95,2,2170.9,2,2299.1,2,11.3,2,2.2,0.82,2
  58GS20130717,   75N,308,1,5,2,20130723,252,75,-2,3524,178,0,34.935,2,302.5,2,6.58,2,12.4,2,0.08,2,0.94,2,2171.1,2,2300.1,2,22.4,2,2.8,0.78,2
  58GS20130717,   75N,308,1,6,2,20130723,252,75,-2,3524,173,0.009,34.935,2,301.7,2,6.54,2,12.31,2,0.09,2,0.94,2,2171.7,2,2299.9,2,10.2,2,2.5,0.76,2
  58GS20130717,   75N,308,1,7,2,20130723,252,75,-2,3524,98,0.223,34.935,2,305.5,2,5.95,2,11.42,2,0.17,2,0.9,2,2168.1,2,2302,2,14.1,2,3.1,0.78,2
  58GS20130717,   75N,308,1,8,2,20130723,252,75,-2,3524,73,0.355,34.929,2,309.7,2,5.57,2,10.62,2,0.16,2,0.86,2,2167.1,2,2303,2,-5.3,4,2.3,0.76,2
  58GS20130717,   75N,308,1,9,2,20130723,252,75,-2,3524,48,0.857,34.925,2,304.6,2,4.86,2,9.66,2,0.15,2,0.86,2,2167.4,2,2304.9,2,24.6,2,2.6,0.76,2
  58GS20130717,   75N,308,1,10,2,20130723,252,75,-2,3524,28,2.525,34.808,2,331.4,2,2.66,2,3.94,2,0.06,2,0.52,2,2113.6,2,2308.7,2,23.3,2,2.6,1.43,2
  58GS20130717,   75N,308,1,11,2,20130723,252,75,-2,3524,4,4.777,34.74,2,309.5,2,2.9,2,0.1,2,0.01,2,0.25,2,2073.9,2,2305,2,31.6,2,2.6,1.9,2
  58GS20130717,   75N,310,1,1,2,20130723,723,75,-1,3596,3451,-0.749,34.919,2,274.9,2,13.25,2,15.07,2,0.04,2,1.07,2,2166.8,2,2300.3,2,-999,9,-999,1.07,2
  58GS20130717,   75N,310,1,2,2,20130723,723,75,-1,3596,3000,-0.761,34.919,2,275.2,2,12.83,2,14.84,2,0.02,2,1.1,2,2163.6,2,2302.6,2,-999,9,-999,1.13,2
  58GS20130717,   75N,310,1,3,2,20130723,723,75,-1,3596,2995,-0.761,34.919,2,275.4,2,12.8,2,14.81,2,0.01,2,1.1,2,2161.5,2,2302.1,2,-999,9,-999,1.07,2
  58GS20130717,   75N,310,1,4,2,20130723,723,75,-1,3596,2498,-0.738,34.918,2,276.2,2,12.12,2,14.61,2,0.02,2,1.09,2,2163.8,2,2299.8,2,-999,9,-999,1.08,2
  58GS20130717,   75N,310,1,5,2,20130723,723,75,-1,3596,1998,-0.639,34.914,2,283.5,2,10.13,2,13.96,2,0.02,2,1.05,2,2164.4,2,2299.3,2,-999,9,-999,1.04,2
  58GS20130717,   75N,310,1,6,2,20130723,723,75,-1,3596,1498,-0.553,34.914,2,306.7,2,7.04,2,12.7,2,0.02,2,0.98,2,2168.3,2,2300,2,-999,9,-999,0.86,2
  58GS20130717,   75N,310,1,7,2,20130723,723,75,-1,3596,998,-0.51,34.917,2,308.2,2,6.79,2,12.44,2,0.02,2,0.94,2,2171.9,2,2300,2,-999,9,-999,0.82,2
  58GS20130717,   75N,310,1,8,2,20130723,723,75,-1,3596,798,-0.495,34.917,2,308.5,2,6.89,2,12.25,2,0.02,2,0.93,2,2169.7,2,2299.7,2,-999,9,-999,0.82,2
  58GS20130717,   75N,311,1,1,2,20130723,1003,75,-1,3596,499,-0.411,34.92,2,305.4,2,6.81,2,12.69,2,0.02,2,0.98,2,2169.4,2,2299.8,2,-999,9,-999,0.86,2
  58GS20130717,   75N,311,1,2,2,20130723,1003,75,-1,3596,400,-0.375,34.922,2,304.4,2,6.84,2,12.69,2,0.02,2,0.98,2,2162.8,3,2300.6,2,-999,9,-999,0.83,2
  58GS20130717,   75N,311,1,2,2,20130723,1003,75,-1,3596,400,-0.375,34.922,2,304.4,2,-999,9,-999,9,-999,2,-999,9,2168.6,2,2300.3,2,-999,9,-999,-999,2
  58GS20130717,   75N,311,1,3,2,20130723,1003,75,-1,3596,396,-0.377,34.922,2,304.7,2,6.84,2,12.64,2,0.02,2,0.97,2,2171.4,2,2299,2,-999,9,-999,0.87,2
  58GS20130717,   75N,311,1,4,2,20130723,1003,75,-1,3596,198,-0.158,34.929,2,303.8,2,6.64,2,12.46,2,0.04,2,0.95,2,2168.9,2,2299.5,2,-999,9,-999,0.81,2
  58GS20130717,   75N,311,1,5,2,20130723,1003,75,-1,3596,148,0.042,34.937,2,302.5,2,6.48,2,12.31,2,0.11,2,0.95,2,-999,9,2302.5,2,-999,9,-999,0.77,2
  58GS20130717,   75N,311,1,6,2,20130723,1003,75,-1,3596,98,0.229,34.939,2,308.2,2,6.04,2,11.55,2,0.18,2,0.92,2,2166.4,2,2303.8,2,-999,9,-999,0.8,2
  58GS20130717,   75N,311,1,7,2,20130723,1003,75,-1,3596,73,0.276,34.931,2,313.5,2,5.53,2,10.38,2,0.13,2,0.87,2,2163,2,2307.4,2,-999,9,-999,0.85,2
  58GS20130717,   75N,311,1,8,2,20130723,1003,75,-1,3596,48,1.269,34.93,2,306.3,2,4.48,2,8.88,2,0.12,2,0.83,2,2162.8,2,2311.2,2,-999,9,-999,0.69,2
  58GS20130717,   75N,311,1,9,2,20130723,1003,75,-1,3596,28,4.703,34.856,2,321.8,2,1.51,2,1.91,2,0.07,2,0.4,2,2097.5,2,2307.9,2,-999,9,-999,1.59,2
  58GS20130717,   75N,311,1,10,2,20130723,1003,75,-1,3596,18,4.937,34.865,2,309.6,2,1.61,2,0.93,2,0.05,2,0.31,2,2086.8,2,2309,2,-999,9,-999,1.73,2
  58GS20130717,   75N,311,1,11,2,20130723,1003,75,-1,3596,4,5.095,34.848,2,310.7,2,1.67,2,0.47,2,0.04,2,0.26,2,2080.4,2,-999,9,-999,9,-999,1.81,2
  58GS20130717,   75N,313,1,1,2,20130723,1435,75,0,3711,3701,-0.727,34.919,2,275.6,2,13.2,2,14.85,2,0.01,2,1.1,2,2161.8,2,2300.9,2,-56.1,2,2.2,0.95,2
  58GS20130717,   75N,313,1,2,2,20130723,1435,75,0,3711,2999,-0.756,34.919,2,276.1,2,12.66,2,14.77,2,0.01,2,1.1,2,2161.5,2,2301.4,2,-48.4,2,2.4,1.09,2
  58GS20130717,   75N,313,1,3,2,20130723,1435,75,0,3711,2499,-0.73,34.918,2,276.8,2,11.96,2,14.63,2,0.01,2,1.08,2,2161.5,2,2300.4,2,-45.1,2,2.6,1,2
  58GS20130717,   75N,313,1,4,2,20130723,1435,75,0,3711,1999,-0.63,34.914,2,285.9,2,9.92,2,13.93,2,0.01,2,1.05,2,2166.6,2,2299.3,2,-27.1,2,2.4,0.9,2
  58GS20130717,   75N,313,1,5,2,20130723,1435,75,0,3711,1749,-0.603,34.911,2,300.2,2,7.89,2,13.12,2,0.01,2,0.97,2,2166.3,2,2300.4,2,-29.2,2,2.3,0.86,2
  58GS20130717,   75N,313,1,6,2,20130723,1435,75,0,3711,1199,-0.518,34.916,2,307.5,2,6.81,2,12.64,2,0.01,2,0.94,2,2169,2,2299.7,2,12.5,2,2.5,0.76,2
  58GS20130717,   75N,313,1,7,2,20130723,1435,75,0,3711,850,-0.498,34.916,2,308,2,6.84,2,12.47,2,0.02,2,0.93,2,2168.8,2,2300.8,2,20.8,2,2.1,0.72,2
  58GS20130717,   75N,313,1,8,2,20130723,1435,75,0,3711,846,-0.498,34.917,2,307.9,2,6.86,2,12.21,2,0.03,2,0.9,2,2169.4,2,2300.7,2,15.5,2,3,0.78,2
  58GS20130717,   75N,314,1,1,2,20130723,1730,75,0,3549,551,-0.439,34.919,2,305.6,2,6.8,2,12.69,2,0.03,2,0.97,2,2169.2,2,2300.9,2,23.5,2,2.2,0.77,2
  58GS20130717,   75N,314,1,2,2,20130723,1730,75,0,3549,448,-0.386,34.921,2,305.5,2,6.8,2,12.68,2,0.03,2,0.96,2,2170.2,2,2301.4,2,21.6,2,3.4,0.78,2
  58GS20130717,   75N,314,1,3,2,20130723,1730,75,0,3549,348,-0.301,34.925,2,305.5,2,6.77,2,12.61,2,0.03,2,0.94,2,2168,2,2301.8,2,12.7,2,2.5,0.74,2
  58GS20130717,   75N,314,1,4,2,20130723,1730,75,0,3549,248,-0.178,34.931,2,304.2,2,6.78,2,12.49,2,0.03,2,0.93,2,2170.2,2,2302.9,2,15.4,2,2,0.76,2
  58GS20130717,   75N,314,1,5,2,20130723,1730,75,0,3549,173,-0.098,34.932,2,303.4,2,6.57,2,12.39,2,0.05,2,0.93,2,2169,2,2300.5,2,11.8,2,2.1,0.74,2
  58GS20130717,   75N,314,1,6,2,20130723,1730,75,0,3549,100,0.207,34.941,2,306.5,2,6.14,2,11.53,2,0.19,2,0.9,2,2167.7,2,2304.5,2,13,2,2,0.7,2
  58GS20130717,   75N,314,1,7,2,20130723,1730,75,0,3549,96,0.231,34.942,2,306.8,2,6.15,2,11.46,2,0.2,2,0.89,2,2167.9,2,2304.2,2,17.3,2,2,0.72,2
  58GS20130717,   75N,314,1,8,2,20130723,1730,75,0,3549,73,0.278,34.937,2,311.1,2,5.75,2,10.64,2,0.16,2,0.87,2,2164.4,2,2302.6,2,16.7,2,2.2,0.74,2
  58GS20130717,   75N,314,1,9,2,20130723,1730,75,0,3549,48,0.559,34.934,2,307.3,2,5.43,2,9.88,2,0.13,2,0.85,2,2166.1,2,2306.5,2,3.9,2,2.1,0.76,2
  58GS20130717,   75N,314,1,10,2,20130723,1730,75,0,3549,33,1.87,34.918,2,317.2,2,3.31,2,7.43,2,0.08,2,0.73,2,2153.8,2,2309,2,15.6,2,2,0.93,2
  58GS20130717,   75N,314,1,11,2,20130723,1730,75,0,3549,4,4.934,34.856,2,313.7,2,1.53,2,0.23,2,0.04,2,0.28,2,2070.9,2,2310.5,2,22.4,2,2.4,1.97,2
  58GS20130717,   75N,316,1,1,2,20130723,2201,75,1,3711,3701,-0.722,34.919,2,274.3,2,12.86,2,15.21,2,0.01,2,1.1,2,2162.3,2,2302.7,2,-999,9,-999,1.08,2
  58GS20130717,   75N,316,1,2,2,20130723,2201,75,1,3711,2998,-0.759,34.919,2,276.6,2,12.49,2,15.16,2,0.01,2,1.1,2,2161.9,2,2300.5,2,-999,9,-999,1.08,2
  58GS20130717,   75N,316,1,3,2,20130723,2201,75,1,3711,2248,-0.696,34.917,2,276.9,2,11.23,2,14.92,2,0.01,2,1.07,2,2162.2,2,2303.6,2,-999,9,-999,1.03,2
  58GS20130717,   75N,316,1,4,2,20130723,2201,75,1,3711,1998,-0.639,34.914,2,284,2,9.92,2,14.41,2,0.01,2,1.01,2,2164.9,2,2303.9,2,-999,9,-999,0.95,2
  58GS20130717,   75N,316,1,5,2,20130723,2201,75,1,3711,1750,-0.607,34.911,2,299.5,2,7.93,2,13.57,2,0.02,2,0.98,2,2163.4,2,2299.8,2,-999,9,-999,0.89,2
  58GS20130717,   75N,316,1,6,2,20130723,2201,75,1,3711,1746,-0.607,34.911,2,299.8,2,7.92,2,13.58,2,0.02,2,0.96,2,2167,2,2300.1,2,-999,9,-999,0.86,2
  58GS20130717,   75N,316,1,7,2,20130723,2201,75,1,3711,1498,-0.555,34.914,2,306.4,2,7.01,2,13.05,2,0.02,2,0.94,2,2170.3,2,2298.6,2,-999,9,-999,0.79,2
  58GS20130717,   75N,316,1,8,2,20130723,2201,75,1,3711,998,-0.515,34.917,2,307.9,2,6.75,2,12.62,2,0.01,2,0.91,2,2166.5,2,2300.3,2,-999,9,-999,0.78,2
  58GS20130717,   75N,317,1,1,2,20130724,31,75,1,3276,700,-0.489,34.917,2,307,2,6.64,2,12.66,2,0.02,2,0.97,2,2169.4,2,2301.1,2,-999,9,-999,0.78,2
  58GS20130717,   75N,317,1,2,2,20130724,31,75,1,3276,498,-0.418,34.92,2,305.6,2,6.64,2,12.7,2,0.02,2,0.95,2,2169,2,2299.6,2,-999,9,-999,0.76,2
  58GS20130717,   75N,317,1,3,2,20130724,31,75,1,3276,348,-0.372,34.921,2,305,2,6.63,2,12.56,2,0.03,2,0.96,2,2171,2,2301.4,2,-999,9,-999,0.76,2
  58GS20130717,   75N,317,1,4,2,20130724,31,75,1,3276,250,-0.351,34.918,2,305,2,6.56,2,12.36,2,0.02,2,0.93,2,-3.7,4,2300.6,2,-999,9,-999,0.75,2
  58GS20130717,   75N,317,1,4,2,20130724,31,75,1,3276,250,-0.351,34.918,2,305,2,-999,9,-999,9,-999,2,-999,9,2168.3,2,2300.5,2,-999,9,-999,-999,2
  58GS20130717,   75N,317,1,5,2,20130724,31,75,1,3276,246,-0.346,34.918,2,304.3,2,6.59,2,12.36,2,0.03,2,0.96,2,2169.7,2,2300,2,-999,9,-999,0.81,2
  58GS20130717,   75N,317,1,6,2,20130724,31,75,1,3276,173,-0.265,34.919,2,305.2,2,6.41,2,12.22,2,0.02,2,0.94,2,2167.4,2,2299.2,2,-999,9,-999,0.75,2
  58GS20130717,   75N,317,1,7,2,20130724,31,75,1,3276,123,-0.129,34.921,2,307.1,2,6.19,2,12.08,2,0.05,2,0.94,2,2166.8,2,2300.7,2,-999,9,-999,0.75,2
  58GS20130717,   75N,317,1,8,2,20130724,31,75,1,3276,88,0.148,34.927,2,309.4,2,5.82,2,11.36,2,0.2,2,0.92,2,2165.5,2,2303.3,2,-999,9,-999,0.79,2
  58GS20130717,   75N,317,1,9,2,20130724,31,75,1,3276,58,0.52,34.922,2,320.3,2,4.92,2,10.01,2,0.12,2,0.87,2,2163.1,2,2306.9,2,-999,9,-999,0.83,2
  58GS20130717,   75N,317,1,10,2,20130724,31,75,1,3276,18,5.813,34.888,2,297.3,2,1.31,2,3.28,2,0.09,2,0.41,2,2109.3,2,2307.5,2,-999,9,-999,1.54,2
  58GS20130717,   75N,317,1,11,2,20130724,31,75,1,3276,4,6.037,34.882,2,296.5,2,1.34,2,3.02,2,0.09,2,0.4,2,2106.7,2,-999,9,-999,9,-999,1.55,2
  58GS20130717,   75N,319,1,1,2,20130724,509,75,2,2709,2699,-0.777,34.92,2,273.8,2,12.62,2,15.08,2,0.01,2,1.11,2,2160.1,2,2302.5,2,-51.9,2,1.9,1.08,2
  58GS20130717,   75N,319,1,2,2,20130724,509,75,2,2709,2500,-0.783,34.92,2,274.3,2,12.55,2,15.08,2,0.03,2,1.09,2,2161,2,2303,2,-57.2,2,2.2,1.09,2
  58GS20130717,   75N,319,1,3,2,20130724,509,75,2,2709,2496,-0.783,34.92,2,273.6,2,12.52,2,15.07,2,0.01,2,1.08,2,2159.5,2,2302.7,2,-56.1,2,2,1.04,2
  58GS20130717,   75N,319,1,4,2,20130724,509,75,2,2709,1998,-0.738,34.917,2,275.9,2,11.62,2,14.9,2,0.01,2,1.05,2,2162.3,2,2300.8,2,-45.6,2,1.9,1.05,2
  58GS20130717,   75N,319,1,5,2,20130724,509,75,2,2709,1748,-0.673,34.915,2,280.8,2,10.51,2,14.44,2,0.01,2,0.99,2,2162,2,2300.8,2,-37.5,2,2,0.95,2
  58GS20130717,   75N,319,1,6,2,20130724,509,75,2,2709,1198,-0.549,34.915,2,306.6,2,6.83,2,12.93,2,0.01,2,0.93,2,2160.8,3,2300.3,2,10.6,2,2.3,0.81,2
  58GS20130717,   75N,319,1,7,2,20130724,509,75,2,2709,848,-0.507,34.916,2,307.2,2,6.79,2,12.62,2,0.03,2,0.93,2,2168,2,2300.1,2,14.2,2,2.1,0.79,2
  58GS20130717,   75N,319,1,8,2,20130724,509,75,2,2709,548,-0.409,34.918,2,304.2,2,7.05,2,12.46,2,0.02,2,0.92,2,2168.4,2,2299.7,2,17,2,2.1,0.76,2
  58GS20130717,   75N,320,1,1,2,20130724,717,75,2,2556,449,-0.341,34.919,2,304.3,2,6.79,2,12.84,2,0.02,2,0.95,2,2167.9,2,2302,2,17.4,2,2,0.78,2
  58GS20130717,   75N,320,1,2,2,20130724,717,75,2,2556,350,-0.26,34.918,2,303.7,2,6.76,2,12.75,2,0.03,2,0.94,2,2168,2,2303.2,2,15.5,2,2.2,0.75,2
  58GS20130717,   75N,320,1,3,2,20130724,717,75,2,2556,346,-0.259,34.921,2,304,2,6.75,2,12.73,2,0.02,2,0.93,2,2170.3,2,2301.3,2,17.4,2,2.4,0.7,2
  58GS20130717,   75N,320,1,4,2,20130724,717,75,2,2556,248,-0.169,34.92,2,305.3,2,6.52,2,12.61,2,0.03,2,0.93,2,2167.7,2,2302.7,2,20.6,2,2.2,0.75,2
  58GS20130717,   75N,320,1,5,2,20130724,717,75,2,2556,173,0.186,34.935,2,302.1,2,6.39,2,12.63,2,0.03,2,0.92,2,2169,2,2302.4,2,22.6,2,2.2,0.71,2
  58GS20130717,   75N,320,1,6,2,20130724,717,75,2,2556,98,0.921,34.962,2,301.8,2,5.86,2,12.19,2,0.18,2,0.9,2,2165.5,2,2303.9,2,22.4,2,2.4,0.67,2
  58GS20130717,   75N,320,1,7,2,20130724,717,75,2,2556,73,1.683,35.01,2,298.2,2,5.71,2,12.23,2,0.14,2,0.9,2,2163.1,2,2305.8,2,29.3,2,2.1,0.66,2
  58GS20130717,   75N,320,1,8,2,20130724,717,75,2,2556,48,2.309,35.04,2,297.3,2,5.38,2,11.31,2,0.41,2,0.86,2,2159.3,2,2309,2,32.5,2,2.1,0.63,2
  58GS20130717,   75N,320,1,9,2,20130724,717,75,2,2556,33,3.347,35.016,2,310.9,2,3.78,2,8.66,2,0.21,2,0.75,2,2147.3,2,2310.7,2,24.1,2,2.8,0.9,2
  58GS20130717,   75N,320,1,10,2,20130724,717,75,2,2556,4,6.095,34.931,2,297.5,2,1.74,2,3.4,2,0.09,2,0.38,2,2108.8,2,2308.3,2,24.9,2,2.5,1.47,2
  58GS20130717,   75N,322,1,1,2,20130724,1055,75,3,2824,2500,-0.783,34.919,2,273.7,2,12.72,2,14.84,2,0.02,2,1.11,2,2162.2,2,2303.9,2,-48.6,2,1.9,0.98,2
  58GS20130717,   75N,322,1,2,2,20130724,1055,75,3,2824,1998,-0.73,34.917,2,276.3,2,11.66,2,14.56,2,0.01,2,1.08,2,2163,2,2302.7,2,-45.6,2,2.6,0.99,2
  58GS20130717,   75N,322,1,3,2,20130724,1055,75,3,2824,1498,-0.621,34.911,2,298.2,2,8.14,2,13.21,2,0.01,2,1.01,2,2166.4,2,2301.4,2,2.3,2,2.5,0.78,2
  58GS20130717,   75N,322,1,4,2,20130724,1055,75,3,2824,1000,-0.536,34.915,2,306.8,2,6.99,2,12.71,2,0.02,2,0.96,2,2169.8,2,2302.3,2,13.6,2,2.7,0.74,2
  58GS20130717,   75N,322,1,5,2,20130724,1055,75,3,2824,996,-0.537,34.915,2,306.4,2,6.99,2,12.74,2,0.02,2,0.97,2,2169.1,2,2301.8,2,12.2,2,2.1,0.76,2
  58GS20130717,   75N,322,1,6,2,20130724,1055,75,3,2824,798,-0.505,34.915,2,306.5,2,7.04,2,12.68,2,0.02,2,0.95,2,2169.4,2,2300.3,2,7.9,2,2.2,0.75,2
  58GS20130717,   75N,322,1,7,2,20130724,1055,75,3,2824,498,-0.38,34.916,2,302.5,2,7.15,2,12.77,2,0.02,2,0.96,2,2166.8,2,2300.4,2,19.4,2,2.4,0.73,2
  58GS20130717,   75N,322,1,8,2,20130724,1055,75,3,2824,298,-0.209,34.917,2,303.4,2,6.89,2,12.61,2,0.02,2,0.96,2,2167.2,2,2300.5,2,9.7,2,2.5,0.73,2
  58GS20130717,   75N,322,1,9,2,20130724,1055,75,3,2824,98,0.863,34.954,2,296.6,2,6.21,2,12.53,2,0.08,2,0.93,2,2166.6,2,2303.8,2,26.3,2,2.2,0.71,2
  58GS20130717,   75N,322,1,10,2,20130724,1055,75,3,2824,48,2.608,35.036,2,296.9,2,5.18,2,11.15,2,0.2,2,0.87,2,2160.2,2,2308.5,2,26.6,2,2.3,0.68,2
  58GS20130717,   75N,322,1,11,2,20130724,1055,75,3,2824,28,4.63,35.013,2,311.1,2,3.88,2,7.08,2,0.19,2,0.67,2,2139.1,2,2313.3,2,32.3,2,2.2,1,2
  58GS20130717,   75N,322,1,12,2,20130724,1055,75,3,2824,4,6.727,35.02,2,293.3,2,3.19,2,3.34,2,0.07,2,0.38,2,2107,2,2314.7,2,23.7,2,2.3,1.38,2
  58GS20130717,   75N,324,1,1,2,20130724,1618,75,4,3049,3001,-0.763,34.919,2,275.1,2,12.88,2,14.77,2,0.01,2,1.12,2,2163.4,2,2302.3,2,-54,2,2.2,1,2
  58GS20130717,   75N,324,1,2,2,20130724,1618,75,4,3049,2248,-0.771,34.919,2,275.4,2,12.38,2,14.74,2,0.02,2,1.11,2,2156.8,3,2304.4,2,-44.6,2,2.2,1.04,2
  58GS20130717,   75N,324,1,3,2,20130724,1618,75,4,3049,1998,-0.722,34.918,2,277.2,2,11.6,2,14.5,2,0.01,2,1.08,2,2164.7,2,2303.3,2,-40.3,2,2.1,1.06,2
  58GS20130717,   75N,324,1,4,2,20130724,1618,75,4,3049,1748,-0.651,34.914,2,283.8,2,10.17,2,14,2,0.02,2,1.06,2,2162.9,2,2302.6,2,-16.7,2,2.2,0.96,2
  58GS20130717,   75N,324,1,5,2,20130724,1618,75,4,3049,1500,-0.612,34.911,2,300.9,2,7.82,2,13.08,2,0.02,2,0.99,2,2167.8,2,2300.9,2,-4.2,2,2.2,0.89,2
  58GS20130717,   75N,324,1,6,2,20130724,1618,75,4,3049,1496,-0.611,34.911,2,301.5,2,7.84,2,13.12,2,0.02,2,0.99,2,2167.7,2,2300,2,-999,9,-999,0.89,2
  58GS20130717,   75N,324,1,7,2,20130724,1618,75,4,3049,998,-0.532,34.914,2,305.3,2,7.1,2,12.73,2,0.01,2,0.95,2,2170.5,2,2301,2,1.2,2,2.4,0.82,2
  58GS20130717,   75N,324,1,8,2,20130724,1618,75,4,3049,698,-0.434,34.916,2,303.7,2,7.12,2,12.72,2,0.02,2,0.94,2,2168,2,2301.1,2,4.4,2,2.2,0.8,2
  58GS20130717,   75N,325,1,1,2,20130724,1838,75,4,3049,501,-0.342,34.917,2,303.2,2,6.74,2,13.06,2,0.02,2,1,2,2168.6,2,2301.9,2,10.9,2,2.2,0.79,2
  58GS20130717,   75N,325,1,2,2,20130724,1838,75,4,3049,348,-0.226,34.915,2,304.7,2,6.56,2,13.01,2,0.08,2,0.93,2,2168.4,2,2301.2,2,24.8,2,3.1,0.78,2
  58GS20130717,   75N,325,1,3,2,20130724,1838,75,4,3049,248,-0.017,34.921,2,302.6,2,6.48,2,12.91,2,0.04,2,0.92,2,2168.4,2,2302.5,2,21.9,2,2.3,0.79,2
  58GS20130717,   75N,325,1,4,2,20130724,1838,75,4,3049,175,0.409,34.935,2,302.1,2,6.26,2,12.86,2,0.15,2,0.93,2,2166.7,2,2302.9,2,23.8,2,2.6,0.73,2
  58GS20130717,   75N,325,1,5,2,20130724,1838,75,4,3049,171,0.433,34.935,2,302.2,2,6.18,2,13.01,2,0.15,2,0.94,2,2166.1,2,2301.5,2,17.4,2,3.9,0.75,2
  58GS20130717,   75N,325,1,6,2,20130724,1838,75,4,3049,123,1.128,34.965,2,295.9,2,5.94,2,12.64,2,0.13,2,0.91,2,2169.1,2,2305.8,2,10.9,2,2.2,0.76,2
  58GS20130717,   75N,325,1,7,2,20130724,1838,75,4,3049,88,2.086,35.013,2,297.4,2,5.46,2,12.18,2,0.19,2,0.89,2,2165.7,2,2306.9,2,9.2,2,2.2,0.79,2
  58GS20130717,   75N,325,1,8,2,20130724,1838,75,4,3049,58,3.033,35.066,2,290.4,2,5.24,2,11.99,2,0.21,2,0.86,2,2161.4,2,2309.7,2,25.9,2,2.8,0.66,2
  58GS20130717,   75N,325,1,9,2,20130724,1838,75,4,3049,18,6.603,34.975,2,292.1,2,3.12,2,4.63,2,0.1,2,0.49,2,2123.8,2,2314.2,2,19.4,2,3,1.36,2
  58GS20130717,   75N,325,1,10,2,20130724,1838,75,4,3049,5,6.782,34.98,2,291.8,2,2.8,2,3.59,2,0.11,2,0.42,2,2113.5,2,2312.6,2,24.4,2,2.3,1.46,2
  58GS20130717,   75N,327,1,1,2,20130724,2330,75,5,3072,3000,-0.762,34.919,2,274.5,2,12.67,2,15.14,2,0.01,2,1.12,2,2160.6,2,2303.5,2,-46,2,2.1,1.12,2
  58GS20130717,   75N,327,1,2,2,20130724,2330,75,5,3072,2498,-0.781,34.919,2,274.9,2,12.43,2,15.12,2,0.01,2,1.12,2,2162.3,2,2304.7,2,-40.1,2,2.3,1.08,2
  58GS20130717,   75N,327,1,3,2,20130724,2330,75,5,3072,1999,-0.736,34.917,2,276.8,2,11.63,2,14.93,2,0.02,2,1.1,2,1536.8,4,2305.4,3,-42.4,2,2.2,1.06,2
  58GS20130717,   75N,327,1,3,2,20130724,2330,75,5,3072,1999,-0.736,35.917,4,276.8,2,-999,9,-999,9,-999,2,-999,9,2162.5,2,2301.7,2,-999,9,-999,-999,2
  58GS20130717,   75N,327,1,4,2,20130724,2330,75,5,3072,1000,-0.505,34.912,2,297.5,2,8.95,4,14.04,2,0.07,2,1.03,2,2168.2,2,2302.1,2,2.4,2,2.7,0.97,2
  58GS20130717,   75N,327,1,5,2,20130724,2330,75,5,3072,1499,-0.625,34.912,2,296.7,2,7.78,2,13.75,2,0.07,2,1,2,2165.3,2,2304.8,2,-11.2,2,2.1,0.86,2
  58GS20130717,   75N,327,1,6,2,20130724,2330,75,5,3072,996,-0.503,34.912,2,299.1,2,7.72,2,13.49,2,0.03,2,1.03,2,2167.4,2,2301,2,4.3,2,2.1,0.86,2
  58GS20130717,   75N,327,1,7,2,20130724,2330,75,5,3072,798,-0.394,34.916,2,301.4,2,7.29,2,13.25,2,0.03,2,0.97,2,2171.4,2,2303,2,4.4,2,2.1,0.89,2
  58GS20130717,   75N,327,1,8,2,20130724,2330,75,5,3072,498,-0.158,34.919,2,298,2,6.71,2,12.55,2,0.02,2,0.94,2,2172.4,2,-999,9,12.3,2,2.1,0.85,2
  58GS20130717,   75N,328,1,1,2,20130725,143,75,5,3072,399,0.013,34.918,2,296.5,2,6.63,2,13.13,2,0.02,2,0.96,2,2171.1,2,2301.6,2,12.7,2,2.1,0.86,2
  58GS20130717,   75N,328,1,2,2,20130725,143,75,5,3072,198,1.801,35.016,2,288,2,5.56,2,12.45,2,0.07,2,0.91,2,2166.7,2,2307.9,2,24.5,2,2.1,0.8,2
  58GS20130717,   75N,328,1,3,2,20130725,143,75,5,3072,150,2.207,35.025,2,290.1,2,5.56,2,12.87,2,0.04,2,0.93,2,2165.3,2,2309.1,2,25.3,2,2.2,0.69,2
  58GS20130717,   75N,328,1,4,2,20130725,143,75,5,3072,146,2.348,35.035,2,286.5,2,5.49,2,12.72,2,0.1,2,0.93,2,2168,2,2308.2,2,32.4,2,2.1,0.72,2
  58GS20130717,   75N,328,1,5,2,20130725,143,75,5,3072,98,3.231,35.087,2,285.3,2,5.21,2,12.41,2,0.07,2,0.9,2,2163.4,2,2312.8,2,27.4,2,2.2,0.71,2
  58GS20130717,   75N,328,1,6,2,20130725,143,75,5,3072,73,3.662,35.105,2,282.4,2,5.14,2,12.28,2,0.15,2,0.88,2,2162.2,2,2313.8,2,26.5,2,3.1,0.71,2
  58GS20130717,   75N,328,1,7,2,20130725,143,75,5,3072,48,4.376,35.124,2,289.9,2,5.04,2,11.49,2,0.52,2,0.84,2,2159.3,2,2316,2,26.7,2,2.3,0.73,2
  58GS20130717,   75N,328,1,8,2,20130725,143,75,5,3072,28,6.557,35.033,2,293,2,3.57,2,4.22,2,0.08,2,0.41,2,2118.2,2,2315,2,28.9,2,2.1,1.43,2
  58GS20130717,   75N,328,1,9,2,20130725,143,75,5,3072,18,6.848,35.042,2,289.4,2,3.44,2,3.92,2,0.07,2,0.4,2,2115.6,2,2316.6,2,38.7,2,2.3,1.46,2
  58GS20130717,   75N,328,1,10,2,20130725,143,75,5,3072,4,6.982,35.041,2,-999,9,3.42,2,3.82,2,0.08,2,0.41,2,2117.3,2,2315,2,31.7,2,2.1,1.44,2
  58GS20130717,   75N,331,1,1,2,20130725,812,75,6,3159,2802,-0.752,34.92,2,273.7,2,12.55,2,15.18,2,0.04,2,1.1,2,2162.6,2,2304.3,2,-46.4,2,2.1,1.13,2
  58GS20130717,   75N,331,1,2,2,20130725,812,75,6,3159,2498,-0.758,34.919,2,275,2,12.41,2,15.23,2,0.1,2,1.1,2,2162.5,2,2303.9,2,-50.5,2,2.2,1.15,2
  58GS20130717,   75N,331,1,3,2,20130725,812,75,6,3159,2000,-0.743,34.917,2,277,2,11.79,2,14.96,2,0.03,2,1.08,2,2164.6,2,2302.2,2,-45,2,2.7,1.12,2
  58GS20130717,   75N,331,1,4,2,20130725,812,75,6,3159,1996,-0.743,34.917,2,276.7,2,11.78,2,14.89,2,0.02,2,1.08,2,2163.5,2,2303.8,2,-999,9,-999,1.1,2
  58GS20130717,   75N,331,1,5,2,20130725,812,75,6,3159,1748,-0.69,34.915,2,280.8,2,10.79,2,14.55,2,0.01,2,1.06,2,2166,2,2301.1,2,-36.7,2,3.3,1.13,2
  58GS20130717,   75N,331,1,6,2,20130725,812,75,6,3159,1198,-0.562,34.912,2,301.9,2,7.54,2,13.3,2,0.01,2,0.98,2,2170.6,2,2301,2,7.8,2,2.4,0.92,2
  58GS20130717,   75N,331,1,7,2,20130725,812,75,6,3159,848,-0.371,34.919,2,302,2,7,2,13.07,2,0.01,2,0.96,2,2169.3,2,2301.3,2,14.8,2,2.8,0.88,2
  58GS20130717,   75N,331,1,8,2,20130725,812,75,6,3159,548,-0.12,34.925,2,298.7,2,6.95,2,12.89,2,0.03,2,0.94,2,2171.8,2,2303.6,2,12.6,2,3.3,0.89,2
  58GS20130717,   75N,332,1,1,2,20130725,1016,75,6,3159,449,0.011,34.924,2,295.5,2,6.69,2,12.85,2,0.01,2,1,2,2169.9,2,2302.3,2,12,2,2.5,0.83,2
  58GS20130717,   75N,332,1,2,2,20130725,1016,75,6,3159,348,0.312,34.932,2,294,2,6.42,2,12.91,2,0.02,2,0.97,2,2170,2,2302,2,15.4,2,3.2,0.81,2
  58GS20130717,   75N,332,1,3,2,20130725,1016,75,6,3159,248,1.057,34.964,2,292.5,2,5.96,2,12.71,2,0.02,2,0.96,2,2172.5,2,2302.6,2,20.1,2,3.1,0.81,2
  58GS20130717,   75N,332,1,4,2,20130725,1016,75,6,3159,173,2.13,35.025,2,289.9,2,5.43,2,12.29,2,0.02,2,0.92,2,2166,2,2306.7,2,18.6,2,4.3,0.72,2
  58GS20130717,   75N,332,1,5,2,20130725,1016,75,6,3159,100,3.367,35.087,2,284.5,2,5.14,2,11.98,2,0.08,2,0.88,2,2163.5,2,2310.1,2,33.1,2,2.7,0.73,2
  58GS20130717,   75N,332,1,6,2,20130725,1016,75,6,3159,96,3.429,35.09,2,285.1,2,5.1,2,11.93,2,0.12,2,0.89,2,2161.4,2,2308.9,2,30,2,3.5,0.72,2
  58GS20130717,   75N,332,1,7,2,20130725,1016,75,6,3159,73,3.809,35.11,2,283,2,5.04,2,11.83,2,0.07,2,0.88,2,2161.5,2,2310.5,2,23,2,2.3,0.69,2
  58GS20130717,   75N,332,1,8,2,20130725,1016,75,6,3159,48,4.374,35.126,2,280.3,2,4.89,2,11.41,2,0.26,2,0.85,2,2158,2,2311,2,27.1,2,2.1,0.73,2
  58GS20130717,   75N,332,1,9,2,20130725,1016,75,6,3159,33,6.678,35.051,2,288.4,2,4.61,2,9.94,2,0.19,2,0.73,2,2156,2,2307.3,2,21.9,2,2.2,0.86,2
  58GS20130717,   75N,332,1,10,2,20130725,1016,75,6,3159,5,7.077,35.057,2,287.5,2,3,2,3.09,2,0.07,2,0.4,2,2111.7,2,2311.6,2,27.1,2,2.8,1.45,2
  58GS20130717,   75N,335,1,1,2,20130725,1811,74.5,7,2867,2400,-0.742,34.919,2,275.4,2,11.88,2,14.66,2,0.02,2,1.12,2,2162.4,2,2297.9,2,-999,9,-999,0.97,2
  58GS20130717,   75N,335,1,3,2,20130725,1811,74.5,7,2867,1748,-0.687,34.915,2,281.5,2,10.47,2,14.18,2,0.02,2,1.08,2,2163.7,2,2297.7,2,-999,9,-999,0.91,2
  58GS20130717,   75N,335,1,4,2,20130725,1811,74.5,7,2867,1198,-0.587,34.912,2,300.2,2,7.63,2,13.17,2,0.02,2,0.99,2,2166.4,2,2297.3,2,-999,9,-999,0.79,2
  58GS20130717,   75N,335,1,5,2,20130725,1811,74.5,7,2867,848,-0.473,34.914,2,300.1,2,7.28,2,13.11,2,0.02,2,0.98,2,2165.2,2,2298.5,2,-999,9,-999,0.76,2
  58GS20130717,   75N,335,1,6,2,20130725,1811,74.5,7,2867,548,-0.311,34.913,2,302,2,6.77,2,12.6,2,0.01,2,0.97,2,2168,2,2299.4,2,-999,9,-999,0.75,2
  58GS20130717,   75N,335,1,7,2,20130725,1811,74.5,7,2867,348,-0.109,34.916,2,303.7,2,6.46,2,12.42,2,0.03,2,0.96,2,2169.2,2,2298.3,2,-999,9,-999,0.7,2
  58GS20130717,   75N,335,1,8,2,20130725,1811,74.5,7,2867,248,0.194,34.924,2,296.1,2,6.6,2,12.67,2,0.02,2,0.98,2,2167.8,2,2300.1,2,-999,9,-999,0.72,2
  58GS20130717,   75N,335,1,9,2,20130725,1811,74.5,7,2867,173,0.975,34.953,2,295.5,2,5.96,2,12.43,2,0.08,2,0.96,2,2169.4,2,2299.9,2,-999,9,-999,0.68,2
  58GS20130717,   75N,335,1,10,2,20130725,1811,74.5,7,2867,88,2.276,35.018,2,294.9,2,5.41,2,11.94,2,0.19,2,0.91,2,2165.1,2,2304.9,2,-999,9,-999,0.69,2
  58GS20130717,   75N,335,1,11,2,20130725,1811,74.5,7,2867,58,3.48,35.044,2,301.2,2,4.72,2,10.37,2,0.21,2,0.84,2,2158.1,2,2308.7,2,-999,9,-999,0.75,2
  58GS20130717,   75N,335,1,12,2,20130725,1811,74.5,7,2867,8,7.415,35.014,2,292.4,2,1.52,2,1.89,2,0.09,2,0.35,2,2095.9,2,2314.8,2,-999,9,-999,1.54,2
  58GS20130717,   75N,337,1,1,2,20130725,2314,74.5,8,2519,2441,-0.763,34.918,2,273.9,2,12.39,2,15.1,2,0.01,2,1.1,2,2162.9,2,2304.2,2,-76.3,4,2.1,1.02,2
  58GS20130717,   75N,337,1,2,2,20130725,2314,74.5,8,2519,1998,-0.733,34.916,2,276.5,2,11.58,2,14.94,2,0.01,2,1.08,2,2158.1,3,2303.8,2,-55.5,2,2.8,1.04,2
  58GS20130717,   75N,337,1,3,2,20130725,2314,74.5,8,2519,1498,-0.603,34.911,2,294.6,2,8.34,2,13.79,2,0.02,2,1.03,2,2167.9,2,2299.5,2,-10.3,2,2.3,0.88,2
  58GS20130717,   75N,337,1,3,2,20130725,2314,74.5,8,2519,1498,-0.603,34.911,2,294.6,2,-999,9,-999,9,-999,2,-999,9,2166.6,2,2302.2,2,-999,9,-999,-999,2
  58GS20130717,   75N,337,1,4,2,20130725,2314,74.5,8,2519,998,-0.341,34.916,2,295,2,7.51,2,13.64,2,0.01,2,0.97,2,2168.3,2,2302.1,2,12.9,2,2.2,0.86,2
  58GS20130717,   75N,337,1,5,2,20130725,2314,74.5,8,2519,798,-0.1,34.919,2,295.8,2,7.02,2,13.38,2,0.02,2,0.99,2,2165.2,2,2308.5,2,8.2,2,2.1,0.79,2
  58GS20130717,   75N,337,1,6,2,20130725,2314,74.5,8,2519,498,2.004,35.019,2,289.4,2,5.74,2,12.95,2,0.05,2,1.01,2,2166.4,2,2311.6,2,12.3,2,2.2,0.72,2
  58GS20130717,   75N,337,1,7,2,20130725,2314,74.5,8,2519,398,2.768,35.084,2,291.2,2,5.18,2,12.26,2,0.01,2,0.88,2,2161.7,2,2316.3,2,14.1,2,2.2,0.72,2
  58GS20130717,   75N,337,1,8,2,20130725,2314,74.5,8,2519,198,4.135,35.133,2,282,2,5.08,2,12.18,2,0.02,2,0.87,2,2157.9,2,2317.2,2,15.3,2,2.3,0.67,2
  58GS20130717,   75N,337,1,9,2,20130725,2314,74.5,8,2519,98,4.701,35.15,2,279,2,5.03,2,12.06,2,0.03,2,0.85,2,2156.7,2,2317.1,2,21.7,2,2.5,0.67,2
  58GS20130717,   75N,337,1,10,2,20130725,2314,74.5,8,2519,48,4.89,35.149,2,278.5,2,4.98,2,11.96,2,0.03,2,0.85,2,2156.1,2,2315.9,2,10.8,2,3.3,0.62,2
  58GS20130717,   75N,337,1,11,2,20130725,2314,74.5,8,2519,29,5.706,35.127,2,283.7,2,4.93,2,10.93,2,0.27,2,0.82,2,2152.7,2,2319.1,2,24.4,2,2.4,0.77,2
  58GS20130717,   75N,337,1,12,2,20130725,2314,74.5,8,2519,9,7.79,35.103,2,280.4,2,2.29,2,4.27,2,0.17,2,0.43,2,2120,2,-999,9,20.9,2,3.1,1.29,2
  58GS20130717,   75N,339,1,1,2,20130726,448,74.5,9,2813,2600,-0.768,34.917,2,273.2,2,12.93,2,15.3,2,0.06,2,1.14,2,2161.6,2,2304.9,2,-53.5,2,3.5,1.09,2
  58GS20130717,   75N,339,1,2,2,20130726,448,74.5,9,2813,1998,-0.764,34.917,2,275.6,2,11.99,2,15.08,2,0.03,2,1.11,2,2163.9,2,2302.6,2,-52.1,2,2.1,1.07,2
  58GS20130717,   75N,339,1,3,2,20130726,448,74.5,9,2813,1748,-0.736,34.915,2,277.2,2,11.38,2,14.98,2,0.03,2,1.08,2,2164.3,2,2303.4,2,-43.4,2,2.3,1.02,2
  58GS20130717,   75N,339,1,4,2,20130726,448,74.5,9,2813,1198,-0.517,34.91,2,-999,9,8.53,2,14.13,2,0.04,2,1.04,2,769.7,4,2302.6,2,-5.1,2,2.2,0.9,2
  58GS20130717,   75N,339,1,4,2,20130726,448,74.5,9,2813,1198,-0.517,34.91,2,-999,9,-999,9,-999,9,-999,2,-999,9,2167.6,2,2301.3,2,-999,9,-999,-999,2
  58GS20130717,   75N,339,1,5,2,20130726,448,74.5,9,2813,848,-0.091,34.922,2,298.1,2,6.74,2,13.18,2,0.02,2,0.98,2,2168.9,2,2304.2,2,10.7,2,2.1,0.8,2
  58GS20130717,   75N,339,1,6,2,20130726,448,74.5,9,2813,548,1.293,34.976,2,291,2,5.97,2,13.21,2,0.03,2,0.97,2,2168.7,2,2313.2,2,26.1,2,2.2,0.77,2
  58GS20130717,   75N,339,1,7,2,20130726,448,74.5,9,2813,348,3.236,35.097,2,287.2,2,5.16,2,12.43,2,0.03,2,0.89,2,2161.8,2,2311.8,2,25.6,6,1.9,0.7,2
  58GS20130717,   75N,339,1,7,2,20130726,448,74.5,9,2813,348,-999,35.097,2,-999,9,5.11,2,12.37,2,0.02,2,0.89,2,2160.5,2,2313.8,2,-999,9,-999,0.74,2
  58GS20130717,   75N,339,1,8,2,20130726,448,74.5,9,2813,248,3.675,35.113,2,285.4,2,5.08,2,12.21,2,0.02,2,0.86,2,2158.4,2,2313.4,2,26.2,2,2,0.71,2
  58GS20130717,   75N,339,1,9,2,20130726,448,74.5,9,2813,173,4.117,35.133,2,283.1,2,5.01,2,11.96,2,0.03,2,0.86,2,2157.1,2,2315.1,2,34.1,2,2.2,0.72,2
  58GS20130717,   75N,339,1,10,2,20130726,448,74.5,9,2813,88,4.725,35.141,2,278.1,2,5.05,2,11.76,2,0.02,2,0.84,2,2155.4,2,2315.5,2,29.9,2,2,0.69,2
  58GS20130717,   75N,339,1,11,2,20130726,448,74.5,9,2813,58,5.202,35.142,2,277.8,2,5.12,2,11.25,2,0.14,2,0.83,2,2155.5,2,2323.2,2,30.3,2,2.5,0.71,2
  58GS20130717,   75N,339,1,12,2,20130726,448,74.5,9,2813,8,7.935,35.104,2,277.8,2,1.78,2,2.27,2,0.08,2,0.32,2,2108.4,2,-999,9,27.7,2,2.3,1.43,2
  58GS20130717,   75N,341,1,1,2,20130726,959,74.5,10,2657,2401,-0.785,34.917,2,272.4,2,13.13,2,15.45,2,0.04,2,1.16,2,2165.3,2,2305.1,2,-59.2,2,2.3,1.05,2
  58GS20130717,   75N,341,1,2,2,20130726,959,74.5,10,2657,1998,-0.765,34.916,2,275.2,2,12.21,2,15.19,2,0.01,2,1.11,2,2163.5,2,2302.2,2,-51.2,2,1.9,1.04,2
  58GS20130717,   75N,341,1,3,2,20130726,959,74.5,10,2657,1748,-0.721,34.914,2,276.9,2,11.36,2,15.01,2,0.03,2,1.11,2,2163.6,2,2302.2,2,-41,2,2.2,1,2
  58GS20130717,   75N,341,1,4,2,20130726,959,74.5,10,2657,1198,-0.479,34.911,2,290.3,2,8.32,2,14.21,2,0.07,2,1.04,2,2166.9,2,2300.3,2,0.6,2,2.4,0.91,2
  58GS20130717,   75N,341,1,5,2,20130726,959,74.5,10,2657,848,-0.059,34.911,2,288.3,2,7.41,2,13.94,2,0.02,2,1.02,2,2171.1,2,2300.9,2,9.7,6,1.4,0.8,2
  58GS20130717,   75N,341,1,5,2,20130726,959,74.5,10,2657,848,-0.059,34.911,2,288.3,2,7.41,2,13.99,2,0.02,2,1.02,2,-999,9,-999,9,-999,9,-999,-999,2
  58GS20130717,   75N,341,1,6,2,20130726,959,74.5,10,2657,548,2.953,35.088,2,288.6,2,5.18,2,12.51,2,0.03,2,0.91,2,2161.9,2,2313.3,2,35.8,2,2.2,0.73,2
  58GS20130717,   75N,341,1,7,2,20130726,959,74.5,10,2657,347,3.517,35.125,2,288.8,2,4.88,2,12.15,2,0.02,2,0.86,2,2158.8,2,2314.8,2,26,2,2.1,0.69,2
  58GS20130717,   75N,341,1,8,2,20130726,959,74.5,10,2657,248,3.988,35.132,2,284.8,2,4.94,2,12.09,2,0.05,2,0.86,2,2158.3,2,2314.4,2,29.4,2,2.2,0.73,2
  58GS20130717,   75N,341,1,9,2,20130726,959,74.5,10,2657,173,4.383,35.147,2,281.5,2,4.96,2,12.07,2,0.04,2,0.86,2,2157.9,2,2317,2,21.5,2,2.3,0.7,2
  58GS20130717,   75N,341,1,10,2,20130726,959,74.5,10,2657,88,4.777,35.159,2,278.9,2,5.03,2,12.06,2,0.09,2,0.86,2,2157.9,2,2317.8,2,25.2,2,2.4,0.68,2
  58GS20130717,   75N,341,1,11,2,20130726,959,74.5,10,2657,58,4.945,35.159,2,277.3,2,4.97,2,11.89,2,0.04,2,0.86,2,2155.4,2,2317.6,2,28.2,2,2.2,0.72,2
  58GS20130717,   75N,341,1,12,2,20130726,959,74.5,10,2657,8,7.652,35.097,2,278.7,2,3.45,2,6.54,2,0.3,2,0.59,2,2132.4,2,2319.6,2,20.7,2,2,1.04,2
  58GS20130717,   75N,343,1,1,2,20130726,1508,74.5,11,2390,2380,-0.79,34.917,2,272.7,2,12.88,2,14.92,2,0.01,2,1.13,2,2165.1,2,2302.7,2,-999,9,-999,1.06,2
  58GS20130717,   75N,343,1,2,2,20130726,1508,74.5,11,2390,1998,-0.769,34.916,2,274.6,2,11.97,2,14.76,2,0.02,2,1.11,2,2165.9,2,2302.7,2,-999,9,-999,1.11,2
  58GS20130717,   75N,343,1,2,2,20130726,1508,74.5,11,2390,1998,-999,34.916,2,-999,9,11.98,2,14.75,2,0.02,2,1.11,2,2165.8,2,2303.3,2,-999,9,-999,1.15,2
  58GS20130717,   75N,343,1,3,2,20130726,1508,74.5,11,2390,1748,-0.738,34.915,2,276.3,2,11.33,2,14.53,2,0.03,2,1.1,2,2164.2,2,2302.6,2,-999,9,-999,1.06,2
  58GS20130717,   75N,343,1,4,2,20130726,1508,74.5,11,2390,1198,-0.526,34.911,2,294.1,2,7.88,2,13.37,2,0.02,2,0.99,2,2167.3,2,2291.3,3,-999,9,-999,0.88,2
  58GS20130717,   75N,343,1,5,2,20130726,1508,74.5,11,2390,848,-0.086,34.918,2,293.6,2,6.96,2,13.09,2,0.01,2,0.97,2,2169.3,2,2289.2,3,-999,9,-999,0.84,2
  58GS20130717,   75N,343,1,6,2,20130726,1508,74.5,11,2390,548,2.244,35.051,2,291.7,2,5.33,2,12.27,2,0.03,2,0.9,2,2162.1,2,2299.3,3,-999,9,-999,0.76,2
  58GS20130717,   75N,343,1,7,2,20130726,1508,74.5,11,2390,348,3.21,35.107,2,289.9,2,4.91,2,11.67,2,0.02,2,0.86,2,2158.6,2,2311.2,2,-999,9,-999,0.7,2
  58GS20130717,   75N,343,1,8,2,20130726,1508,74.5,11,2390,248,3.539,35.103,2,283.5,2,5.19,2,11.98,2,0.06,2,0.88,2,2160.9,2,2313.8,2,-999,9,-999,0.7,2
  58GS20130717,   75N,343,1,9,2,20130726,1508,74.5,11,2390,173,4.098,35.13,2,281.6,2,5,2,11.76,2,0.02,2,0.86,2,2159,2,2314,2,-999,9,-999,0.69,2
  58GS20130717,   75N,343,1,10,2,20130726,1508,74.5,11,2390,88,5.115,35.146,2,275.9,2,4.95,2,11.49,2,0.03,2,0.84,2,2155.4,2,2316.2,2,-999,9,-999,0.69,2
  58GS20130717,   75N,343,1,11,2,20130726,1508,74.5,11,2390,58,5.562,35.146,2,272,2,4.85,2,10.93,2,0.08,2,0.82,2,2152.5,2,2318.7,2,-999,9,-999,0.71,2
  58GS20130717,   75N,343,1,12,2,20130726,1508,74.5,11,2390,8,7.844,35.094,2,276.9,2,1.76,2,2.54,2,0.1,2,0.48,2,2109.9,2,2322,2,-999,9,-999,1.3,2
  58GS20130717,   75N,345,1,1,2,20130726,2032,74.5,12,2310,2300,-0.79,34.917,2,273.5,2,13.06,2,14.93,2,0.02,2,1.14,2,2165.5,2,2304.4,2,-51.1,2,2.4,1.03,2
  58GS20130717,   75N,345,1,2,2,20130726,2032,74.5,12,2310,1998,-0.782,34.916,2,274.2,2,12.62,2,14.95,2,0.01,2,1.11,2,2163,2,2303.1,2,-37.6,2,4,1.08,2
  58GS20130717,   75N,345,1,3,2,20130726,2032,74.5,12,2310,1498,-0.661,34.913,2,284.8,2,10.06,2,14.06,2,0.01,2,1.06,2,2164.9,2,2301.3,2,-32.8,2,2.3,1.05,2
  58GS20130717,   75N,345,1,4,2,20130726,2032,74.5,12,2310,998,-0.4,34.916,2,294.8,2,7.79,2,13.31,2,0.01,2,1,2,2167,2,2300.9,2,-3.7,2,2.5,0.75,2
  58GS20130717,   75N,345,1,5,2,20130726,2032,74.5,12,2310,798,-0.161,34.918,2,294.6,2,7.29,2,13.12,2,0.01,2,0.99,2,2168.8,2,2301.8,2,6.3,2,2.6,0.89,2
  58GS20130717,   75N,345,1,6,2,20130726,2032,74.5,12,2310,498,1.742,35.009,2,292,2,5.87,2,12.68,2,0.02,2,0.94,2,2165.1,2,2306.4,2,19.2,2,2.2,0.79,2
  58GS20130717,   75N,345,1,7,2,20130726,2032,74.5,12,2310,398,2.741,35.083,2,291.3,2,5.22,2,11.94,2,0.03,2,0.89,2,2160.2,2,2310.8,2,34,2,2.3,0.72,2
  58GS20130717,   75N,345,1,8,2,20130726,2032,74.5,12,2310,198,3.685,35.117,2,287.5,2,5.17,2,11.48,2,0.02,2,0.86,2,2157.1,2,2316.4,2,29.7,6,2.8,0.73,2
  58GS20130717,   75N,345,1,8,2,20130726,2032,74.5,12,2310,198,-999,35.117,2,-999,9,5.19,2,11.56,2,0.03,2,0.85,2,2159.1,2,2313.9,2,-999,9,-999,0.69,2
  58GS20130717,   75N,345,1,9,2,20130726,2032,74.5,12,2310,98,4.309,35.137,2,281.2,2,5.09,2,11.69,2,0.03,2,0.87,2,2158.5,2,2315.2,2,28.1,2,2.4,0.68,2
  58GS20130717,   75N,345,1,10,2,20130726,2032,74.5,12,2310,50,4.924,35.145,2,277.4,2,5.11,2,11.32,2,0.04,2,0.84,2,2156.7,2,2315.6,2,27.5,2,2.8,0.72,2
  58GS20130717,   75N,345,1,11,2,20130726,2032,74.5,12,2310,28,6.248,35.127,2,278,2,4.94,2,10.22,2,0.17,2,0.77,2,2149.6,2,2320.1,2,32.4,2,2.3,0.74,2
  58GS20130717,   75N,345,1,12,2,20130726,2032,74.5,12,2310,8,7.487,35.087,2,280.3,2,2.01,2,2.77,2,0.08,2,0.35,2,2111.5,2,2321.6,2,10,3,2.4,1.35,2
  58GS20130717,   75N,347,1,1,2,20130727,132,74.5,13,2239,2229,-0.8,34.916,2,272.7,2,13.14,2,15.46,2,0.02,2,1.12,2,2165.5,2,2306.6,2,-46.7,2,2.3,1.1,2
  58GS20130717,   75N,347,1,2,2,20130727,132,74.5,13,2239,1997,-0.798,34.916,2,273.7,2,12.76,2,15.37,2,0.01,2,1.1,2,2165.8,2,2305.8,2,-52.6,2,2.1,1.12,2
  58GS20130717,   75N,347,1,3,2,20130727,132,74.5,13,2239,1748,-0.779,34.915,2,274.7,2,12.13,2,15.19,2,0.01,2,1.11,2,2165.6,2,2305.3,2,-42.7,2,2.8,1.08,2
  58GS20130717,   75N,347,1,4,2,20130727,132,74.5,13,2239,1198,-0.613,34.91,2,282.9,2,9.79,2,14.66,2,0.03,2,1.06,2,2164.9,2,2307.3,3,-20.5,6,9.4,0.98,2
  58GS20130717,   75N,347,1,4,2,20130727,132,74.5,13,2239,1198,-0.613,34.91,2,282.9,2,9.77,2,14.59,2,0.01,2,1.07,2,2168,2,2304.5,2,-999,9,-999,1.04,2
  58GS20130717,   75N,347,1,4,2,20130727,132,74.5,13,2239,1198,-0.613,34.91,2,282.9,2,-999,9,-999,9,-999,2,-999,9,2167.6,2,2303.5,2,-999,9,-999,-999,2
  58GS20130717,   75N,347,1,5,2,20130727,132,74.5,13,2239,848,-0.375,34.91,2,285.9,2,8.44,2,14.42,2,0.04,2,1.04,2,2168.2,2,2304.4,2,-11.6,2,2.3,0.91,2
  58GS20130717,   75N,347,1,6,2,20130727,132,74.5,13,2239,548,0.401,34.931,2,288,2,6.99,2,13.89,2,0.04,2,0.98,2,2168.9,2,2313.7,2,20,2,3.3,0.85,2
  58GS20130717,   75N,347,1,7,2,20130727,132,74.5,13,2239,348,2.56,35.057,2,286.8,2,5.55,2,12.9,2,0.04,2,0.91,2,2162.2,2,2317.7,2,-999,9,-999,0.72,2
  58GS20130717,   75N,347,1,8,2,20130727,132,74.5,13,2239,248,3.374,35.111,2,288.8,2,5.03,2,12.11,2,0.01,2,0.85,2,2160,2,2316.6,2,32.4,2,2.2,0.74,2
  58GS20130717,   75N,347,1,9,2,20130727,132,74.5,13,2239,183,3.672,35.115,2,286.7,2,5.06,2,12.05,2,0.02,2,0.85,2,2156.9,2,2318.7,2,42.1,2,2.5,0.75,2
  58GS20130717,   75N,347,1,10,2,20130727,132,74.5,13,2239,88,4.334,35.135,2,281.5,2,5.08,2,12.02,2,0.04,2,0.85,2,715,4,2316.9,2,35.4,2,2.6,0.68,2
  58GS20130717,   75N,347,1,10,2,20130727,132,74.5,13,2239,88,4.334,35.135,2,281.5,2,-999,9,-999,9,-999,2,-999,9,2158,2,2321.7,2,-999,9,-999,-999,2
  58GS20130717,   75N,347,1,11,2,20130727,132,74.5,13,2239,58,4.678,35.136,2,280,2,5.08,2,11.6,2,0.08,2,0.85,2,2156.4,2,-999,9,26,2,2.3,0.71,2
  58GS20130717,   75N,347,1,12,2,20130727,132,74.5,13,2239,9,8.489,34.983,2,271.2,2,1.73,2,1.9,2,0.08,2,0.29,2,2104.8,2,2321.7,2,33.8,2,2.2,1.25,2
  58GS20130717,   75N,347,1,12,2,20130727,132,74.5,13,2239,9,8.489,34.983,2,271.2,2,-999,9,-999,9,-999,2,-999,9,2103.8,2,-999,9,-999,9,-999,-999,2
  58GS20130717,   75N,349,1,1,2,20130727,629,74.5,14,2100,2090,-0.812,34.916,2,272.2,2,13.35,2,15.53,2,0.04,2,1.13,2,2166.2,2,2304.1,2,-54.2,2,2.2,1.05,2
  58GS20130717,   75N,349,1,2,2,20130727,629,74.5,14,2100,1998,-0.809,34.916,2,273.2,2,13.02,2,15.44,2,0.05,2,1.12,2,2164,2,2303.6,2,-46.5,2,2.1,1.06,2
  58GS20130717,   75N,349,1,3,2,20130727,629,74.5,14,2100,1498,-0.72,34.913,2,275.8,2,11.45,2,15.07,2,0.01,2,1.09,2,2165.1,2,2301.4,2,-33.4,2,2,1.03,2
  58GS20130717,   75N,349,1,4,2,20130727,629,74.5,14,2100,998,-0.405,34.911,2,287.4,2,8.47,2,14.37,2,0.12,2,0.98,2,2167.3,2,2300.4,2,7.3,2,2.1,0.86,2
  58GS20130717,   75N,349,1,5,2,20130727,629,74.5,14,2100,798,-0.031,34.915,2,285.8,2,7.74,2,14.19,2,0.07,2,1.02,2,2170,2,2301.6,2,8.6,2,2.1,0.85,2
  58GS20130717,   75N,349,1,6,2,20130727,629,74.5,14,2100,498,2.718,35.08,2,290.2,2,5.19,2,12.44,2,0.03,2,0.88,2,2161.3,2,2314.6,2,31.9,6,1.7,0.7,2
  58GS20130717,   75N,349,1,6,2,20130727,629,74.5,14,2100,498,-999,35.08,2,-999,9,5.19,2,12.49,2,0.12,2,0.88,2,2160.6,2,2313.2,2,-999,9,-999,0.77,2
  58GS20130717,   75N,349,1,7,2,20130727,629,74.5,14,2100,398,3.255,35.09,2,284.6,2,5.39,2,12.56,2,0.04,2,0.89,2,2162.1,2,2314.8,2,35,2,2.3,0.74,2
  58GS20130717,   75N,349,1,8,2,20130727,629,74.5,14,2100,198,4.497,35.14,2,279.8,2,5.06,2,12.05,2,0.03,2,0.86,2,2157.1,2,2317.5,2,37.1,2,2.1,0.58,2
  58GS20130717,   75N,349,1,9,2,20130727,629,74.5,14,2100,98,5.426,35.149,2,274,2,5,2,11.85,2,0.06,2,0.83,2,2155.2,2,2320.1,2,33.9,2,2.1,0.58,2
  58GS20130717,   75N,349,1,10,2,20130727,629,74.5,14,2100,48,6.638,35.129,2,271.9,2,4.33,2,9.67,2,0.24,2,0.73,2,2143.1,2,2321.9,2,41.1,2,3.2,0.69,2
  58GS20130717,   75N,349,1,11,2,20130727,629,74.5,14,2100,28,8.175,35.047,2,273,2,3.66,2,7.39,2,0.2,2,0.59,2,2137.7,2,2322.7,2,39.6,2,2.1,0.86,2
  58GS20130717,   75N,349,1,12,2,20130727,629,74.5,14,2100,8,8.222,35.052,2,273.2,2,1.89,2,2.59,2,0.12,2,0.34,2,2108.7,2,2323.6,2,42.4,2,2.1,1.15,2
  58GS20130717,   75N,351,1,1,2,20130727,1118,74.5,15,1741,1731,-0.823,34.916,2,273.4,2,13.13,2,15.05,2,0.02,2,1.14,2,2168.4,2,2304.4,2,-999,9,-999,1.01,2
  58GS20130717,   75N,351,1,2,2,20130727,1118,74.5,15,1741,1498,-0.792,34.915,2,275,2,12.37,2,14.88,2,0.04,2,1.12,2,2164.8,2,2304.6,2,-999,9,-999,1.03,2
  58GS20130717,   75N,351,1,3,2,20130727,1118,74.5,15,1741,998,-0.543,34.91,2,291.3,2,8.62,2,13.82,2,0.03,2,1.03,2,2170.8,2,2304.1,2,-999,9,-999,0.84,2
  58GS20130717,   75N,351,1,4,2,20130727,1118,74.5,15,1741,798,-0.237,34.914,2,288.4,2,8.03,2,13.72,2,0.01,2,1.02,2,2171.3,2,2303.4,2,-999,9,-999,0.8,2
  58GS20130717,   75N,351,1,5,2,20130727,1118,74.5,15,1741,498,1.927,35.003,2,282,2,6.57,2,13.28,2,0.02,2,0.98,2,2168.7,2,2306.9,2,-999,9,-999,0.7,2
  58GS20130717,   75N,351,1,6,2,20130727,1118,74.5,15,1741,398,3.412,35.089,2,282.1,2,5.58,2,12.38,2,0.02,2,0.89,2,2163,2,2315.4,2,-999,9,-999,0.65,2
  58GS20130717,   75N,351,1,6,2,20130727,1118,74.5,15,1741,398,-999,35.089,2,-999,9,5.53,2,12.37,2,0.02,2,0.91,2,2161.3,2,2313.9,2,-999,9,-999,0.62,2
  58GS20130717,   75N,351,1,7,2,20130727,1118,74.5,15,1741,198,4.921,35.15,2,275.9,2,5.15,2,11.83,2,0.02,2,0.85,2,2158.3,2,2317.6,2,-999,9,-999,0.68,2
  58GS20130717,   75N,351,1,8,2,20130727,1118,74.5,15,1741,98,5.76,35.155,2,271.6,2,5.01,2,11.21,2,0.04,2,0.82,2,2151.2,2,2317,2,-999,9,-999,0.61,2
  58GS20130717,   75N,351,1,9,2,20130727,1118,74.5,15,1741,48,6.83,35.14,2,275.4,2,4.79,2,10.39,2,0.15,2,0.78,2,2148.1,2,2318.2,2,-999,9,-999,0.69,2
  58GS20130717,   75N,351,1,10,2,20130727,1118,74.5,15,1741,28,7.969,35.102,2,278.8,2,4.15,2,8.24,2,0.19,2,0.66,2,2136.9,2,2321.9,2,-999,9,-999,0.82,2
  58GS20130717,   75N,351,1,11,2,20130727,1118,74.5,15,1741,8,9.535,34.982,2,269.4,2,2.11,2,3,2,0.12,2,0.35,2,2109.2,2,2323.4,2,-999,9,-999,1.22,2
  58GS20130717,   75N,353,1,1,2,20130727,1554,74.5,16,899,889,-0.35,34.919,2,276.7,2,10.22,2,14.85,2,0.08,2,1.08,2,2170.2,2,2302,2,-23.5,2,2.3,0.91,2
  58GS20130717,   75N,353,1,2,2,20130727,1554,74.5,16,899,798,0.393,34.936,2,278,2,8.91,2,14.49,2,0.08,2,1.04,2,2171.6,2,2304.2,2,-1,2,3,0.81,2
  58GS20130717,   75N,353,1,3,2,20130727,1554,74.5,16,899,498,3.718,35.101,2,276,2,6.1,2,12.56,2,0.13,2,0.89,2,2165.4,2,2317,2,33.1,2,2.4,0.61,2
  58GS20130717,   75N,353,1,4,2,20130727,1554,74.5,16,899,398,4.746,35.136,2,274.3,2,5.11,2,12.24,2,0.11,2,0.84,2,2158,2,2317.4,2,24.9,2,2.4,0.66,2
  58GS20130717,   75N,353,1,5,2,20130727,1554,74.5,16,899,198,5.784,35.129,2,268.5,2,4.32,2,11.34,2,0.06,2,0.8,2,2150.5,2,2318,2,35,2,2.4,0.65,2
  58GS20130717,   75N,353,1,6,2,20130727,1554,74.5,16,899,98,6.745,35.157,2,262.2,2,4.58,2,11.38,2,0.04,2,0.81,2,2151.3,2,2320.4,2,34.2,2,2.4,0.62,2
  58GS20130717,   75N,353,1,7,2,20130727,1554,74.5,16,899,48,7.261,35.007,2,260.4,2,3.82,2,9.39,2,0.17,2,0.71,2,2142.7,2,2318.5,2,34.4,2,2.4,0.67,2
  58GS20130717,   75N,353,1,8,2,20130727,1554,74.5,16,899,29,8.165,34.882,2,271.1,2,1.67,2,2.98,2,0.13,2,0.34,2,2109.5,2,2315.3,2,38.3,2,3,1.12,2
  58GS20130717,   75N,353,1,9,2,20130727,1554,74.5,16,899,8,9.001,34.726,2,272.9,2,1.9,2,2.85,2,0.1,2,0.33,2,2105.5,2,2309.1,2,38.5,6,1.8,1.14,2
  58GS20130717,   75N,353,1,9,2,20130727,1554,74.5,16,899,8,-999,34.726,2,-999,9,1.8,2,2.7,2,0.11,2,0.3,2,2105.7,2,2312.5,2,-999,9,-999,1.16,2
  58GS20130717,   75N,355,1,1,2,20130727,1924,74.5,17,312,170,4.058,35.057,2,279.2,2,5.15,2,9.72,2,0.16,2,0.82,2,2157.4,2,2315,2,19.8,2,2.4,0.67,2
  58GS20130717,   75N,355,1,2,2,20130727,1924,74.5,17,312,89,3.717,34.928,2,300.5,2,3.1,2,4.21,2,0.12,2,0.55,2,2136.3,2,2313.4,2,18.6,2,2.3,0.96,2
  58GS20130717,   75N,355,1,3,2,20130727,1924,74.5,17,312,59,3.976,34.875,2,310.7,2,2.21,2,1.89,2,0.08,2,0.41,2,2116.6,2,2309.5,2,36.1,2,2.2,1.15,2
  58GS20130717,   75N,355,1,4,2,20130727,1924,74.5,17,312,8,7.095,34.823,2,294,2,1.11,2,0.65,2,0.09,2,0.18,2,2078.7,2,2311.5,2,39.2,6,2.3,1.47,2
  58GS20130717,   75N,355,1,4,2,20130727,1924,74.5,17,312,8,-999,34.823,2,-999,9,1.06,2,0.66,2,0.07,2,0.2,2,2078.7,2,2311.2,2,-999,9,-999,1.44,2
  58GS20130717,   75N,357,1,1,2,20130727,2149,74.5,18,171,106,2.922,34.866,2,324.1,2,2.14,2,1.63,2,0.07,2,0.44,2,2121.2,2,2305.5,2,36.2,2,2.3,1.15,2
  58GS20130717,   75N,357,1,2,2,20130727,2149,74.5,18,171,49,2.935,34.863,2,326.2,2,2.04,2,1.4,2,0.08,2,0.43,2,2117.4,2,2305.2,2,28.9,2,2.4,1.15,2
  58GS20130717,   75N,357,1,3,2,20130727,2149,74.5,18,171,28,3.288,34.881,2,325.9,2,2.17,2,1.56,2,0.07,2,0.41,2,2117.3,2,2307.2,2,33.2,2,2.9,1.18,2
  58GS20130717,   75N,357,1,4,2,20130727,2149,74.5,18,171,9,4.53,34.835,2,329.2,2,1.32,2,0.3,2,0.04,2,0.28,2,2094.6,2,2306.4,2,35.7,6,2.2,1.37,2
  58GS20130717,   75N,357,1,4,2,20130727,2149,74.5,18,171,9,-999,34.835,2,-999,9,1.28,2,0.3,2,0.03,2,0.28,2,2094.7,2,2304.6,2,-999,9,-999,1.41,2
END_DATA
