BOTTLE,20180125PRINUNIVRMK
# processed by CCHDO on 2020-12-11, no changes
# 8/29/2017 Initialized README file  
# Data source: J.Jackson 8/29/17 
# Cruise: KN179-05 
# Region: Davis Strait  
# EXPOCODE: 316N20040922 
# DATES:20040922 - 20041004 
# Chief Scientist: Craig Lee 
# 23 stations with 24 place Rosette 
# CTD: Who - B. Petrie; Status - final 
# 	Includes: CTDSAL, CTDOXY 
# SALNTY: Who - ; Status -  
# 	Notes: 	no data in file 
# Nutrients: Who - K.Azetsu-Scott; Status - final 
# 	Includes: nitrate, silicate, phopshpate 
# 	Sigificant data scatter 
# OXYGEN: Who - ; Status - 
# 	Notes: no data in file 
# TCARBN: Who - K.Azetsu-Scott; Status - final 
# 	Notes:  
# ALKALI: Who - K.Azetsu-Scott; Status - final 
# 	Notes:  
# O18: Who - K.Azetsu-Scott; Status - final 
# 	Notes: 
# CFC:  Who - M.Warner; Status - no date 
# 	Notes: Samples lost in shipping 
# These data should be cited as: 
# References that have used data from this cruise: 
EXPOCODE,SECT_ID,STNNBR,CASTNO,SAMPNO,BTLNBR,BTLNBR_FLAG_W,DATE,TIME,LATITUDE,LONGITUDE,DEPTH,CTDPRS,CTDTMP,CTDSAL,CTDSAL_FLAG_W,CTDOXY,CTDOXY_FLAG_W,SILCAT,SILCAT_FLAG_W,NITRAT,NITRAT_FLAG_W,PHSPHT,PHSPHT_FLAG_W,TCARBN,TCARBN_FLAG_W,ALKALI,ALKALI_FLAG_W,DELO18,DELO18_FLAG_W,BTL_DATE,BTL_TIME
,,,,,,,,,,,METERS,DBAR,ITS-90,PSS-78,,UMOL/KG,,UMOL/KG,,UMOL/KG,,UMOL/KG,,UMOL/KG,,UMOL/KG,,/MILLE,,,
  316N20040922, Davis,     1,  1, 271603,      1,2,20040923,1017, 66.8448, -59.0843, 1064,    975.4,   0.9411,  34.4901,2,    180.5,2,    37.06,2,    18.41,2,     1.83,2,   2211.7,2,   2297.6,2,    -0.06,2, 20040923,     1017
  316N20040922, Davis,     1,  1, 271604,      2,2,20040923,1017, 66.8448, -59.0843, 1064,    899.8,   0.9990,  34.4863,2,    185.3,2,    35.39,2,    18.25,2,     1.79,2,   -999.0,9,   -999.0,9,    -0.11,2, 20040923,     1017
  316N20040922, Davis,     1,  1, 271605,      3,2,20040923,1017, 66.8448, -59.0843, 1064,    800.8,   1.1450,  34.4820,2,    196.0,2,    26.53,2,    15.95,2,     1.37,2,   2200.5,2,   2314.5,2,    -0.14,2, 20040923,     1017
  316N20040922, Davis,     1,  1, 271606,      4,2,20040923,1017, 66.8448, -59.0843, 1064,    700.9,   1.4175,  34.4857,2,    205.7,2,    24.02,2,    16.76,2,     1.52,2,   -999.0,9,   -999.0,9,    -0.04,2, 20040923,     1017
  316N20040922, Davis,     1,  1, 271607,      5,2,20040923,1017, 66.8448, -59.0843, 1064,    600.3,   1.6493,  34.4789,2,    212.2,2,    19.33,2,    15.29,2,     1.38,2,   2187.7,2,   2289.4,2,    -0.06,2, 20040923,     1017
  316N20040922, Davis,     1,  1, 271608,      6,2,20040923,1017, 66.8448, -59.0843, 1064,    500.3,   2.5546,  34.5369,2,    225.0,2,    16.10,2,    14.74,2,     1.33,2,   2177.9,2,   2292.4,2,    -0.03,2, 20040923,     1017
  316N20040922, Davis,     1,  1, 271609,      7,2,20040923,1017, 66.8448, -59.0843, 1064,    400.8,   2.4059,  34.4336,2,    232.3,2,  -999.00,9,  -999.00,9,  -999.00,9,   -999.0,9,   -999.0,9,  -999.00,9, 20040923,     1017
  316N20040922, Davis,     1,  1, 271610,      8,2,20040923,1017, 66.8448, -59.0843, 1064,    301.3,   0.3653,  34.0676,2,    222.0,2,    19.00,2,    15.01,2,     1.56,2,   2184.0,2,   2285.5,2,  -999.00,9, 20040923,     1017
  316N20040922, Davis,     1,  1, 271611,      9,2,20040923,1017, 66.8448, -59.0843, 1064,    250.7,  -0.0658,  33.9347,2,    231.2,2,  -999.00,9,  -999.00,9,  -999.00,9,   -999.0,9,   -999.0,9,  -999.00,9, 20040923,     1017
  316N20040922, Davis,     1,  1, 271612,     10,2,20040923,1017, 66.8448, -59.0843, 1064,    200.4,  -0.8849,  33.6824,2,    260.9,2,    12.07,2,    11.53,2,     1.35,2,   2159.6,2,   2265.2,2,  -999.00,9, 20040923,     1017
  316N20040922, Davis,     1,  1, 271613,     11,2,20040923,1017, 66.8448, -59.0843, 1064,    150.3,  -1.6674,  33.4819,2,    288.7,2,     8.68,2,     8.48,2,     1.20,2,   2138.7,2,   2258.3,2,  -999.00,9, 20040923,     1017
  316N20040922, Davis,     1,  1, 271614,     12,2,20040923,1017, 66.8448, -59.0843, 1064,    100.6,  -1.5228,  33.1785,2,    285.3,2,    10.06,2,     7.31,2,     1.05,2,   2143.9,2,   2248.9,2,    -1.23,2, 20040923,     1017
  316N20040922, Davis,     1,  1, 271615,     13,2,20040923,1017, 66.8448, -59.0843, 1064,     50.4,  -1.6057,  32.7759,2,    304.1,2,    10.34,2,     6.62,2,     0.98,2,   2142.5,2,   2250.7,2,  -999.00,9, 20040923,     1017
  316N20040922, Davis,     1,  1, 271616,     14,2,20040923,1017, 66.8448, -59.0843, 1064,     31.0,  -1.4026,  32.5756,2,    306.2,2,    10.82,2,     5.47,2,     0.94,2,   2123.7,2,   2278.7,3,  -999.00,9, 20040923,     1017
  316N20040922, Davis,     1,  1, 271617,     15,2,20040923,1017, 66.8448, -59.0843, 1064,     20.2,   0.3382,  31.7454,2,    344.8,2,     4.59,2,     0.40,2,     0.59,2,   2038.5,2,   2185.3,2,  -999.00,9, 20040923,     1017
  316N20040922, Davis,     1,  1, 271618,     16,2,20040923,1017, 66.8448, -59.0843, 1064,     10.1,   1.4946,  31.1127,2,    324.2,2,     3.36,2,     0.01,2,     0.52,2,   1991.7,2,   2128.4,2,  -999.00,9, 20040923,     1017
  316N20040922, Davis,     1,  1, 271619,     17,2,20040923,1017, 66.8448, -59.0843, 1064,      3.2,   1.4891,  31.1131,2,    324.2,2,     3.72,2,     0.01,2,     0.56,2,   1994.7,2,   2136.2,2,    -1.80,2, 20040923,     1017
  316N20040922, Davis,     2,  1, 271620,      1,2,20040923,2319, 66.9378, -58.3767, 1013,     10.0,   2.1171,  31.3494,2,   -999.0,9,     2.97,2,     0.16,2,     0.47,2,   -999.0,9,   -999.0,9,  -999.00,9, 20040923,     2319
  316N20040922, Davis,     2,  1, 271621,      2,2,20040923,2319, 66.9378, -58.3767, 1013,     50.0,  -1.5074,  32.9108,2,   -999.0,9,     9.36,2,     6.59,2,     0.91,2,   -999.0,9,   -999.0,9,  -999.00,9, 20040923,     2319
  316N20040922, Davis,     2,  1, 271622,      3,2,20040923,2319, 66.9378, -58.3767, 1013,    100.0,  -1.4069,  33.3088,2,   -999.0,9,     8.72,2,     7.95,2,     0.90,2,   -999.0,9,   -999.0,9,  -999.00,9, 20040923,     2319
  316N20040922, Davis,     2,  1, 271623,      4,2,20040923,2319, 66.9378, -58.3767, 1013,    200.0,   0.2171,  33.9223,2,   -999.0,9,    10.55,2,    10.30,2,     0.93,2,   -999.0,9,   -999.0,9,  -999.00,9, 20040923,     2319
  316N20040922, Davis,     3,  1, 271624,     14,2,20040924,0420, 66.9742, -57.6662,  849,      2.6,   1.4891,  32.4371,2,    302.4,2,     1.99,2,     1.02,2,     0.31,2,   2008.8,2,   2173.7,2,    -0.91,2, 20040924,      420
  316N20040922, Davis,     3,  1, 271625,     13,2,20040924,0420, 66.9742, -57.6662,  849,      9.8,   1.4891,  32.4387,2,    302.4,2,     1.78,2,     0.07,2,     0.31,2,   2007.1,2,   2183.9,2,    -0.80,2, 20040924,      420
  316N20040922, Davis,     3,  1, 271626,     12,2,20040924,0420, 66.9742, -57.6662,  849,     19.6,   4.0978,  32.8871,2,    296.5,2,  -999.00,9,  -999.00,9,  -999.00,9,   -999.0,9,   -999.0,9,  -999.00,9, 20040924,      420
  316N20040922, Davis,     3,  1, 271627,     11,2,20040924,0420, 66.9742, -57.6662,  849,     31.1,   3.3523,  32.9495,2,    295.0,2,     1.30,2,     0.24,2,     0.21,2,   2009.6,2,   2186.0,2,    -0.59,2, 20040924,      420
  316N20040922, Davis,     3,  1, 271628,     10,2,20040924,0420, 66.9742, -57.6662,  849,     51.1,   3.3523,  33.5238,2,    291.8,2,     2.46,2,     2.90,2,     0.52,2,   2073.9,2,   2230.6,2,    -0.38,2, 20040924,      420
  316N20040922, Davis,     3,  1, 271629,      9,2,20040924,0420, 66.9742, -57.6662,  849,     99.9,   3.3523,  33.9919,2,    273.2,2,     6.15,2,    10.23,2,     0.83,2,   2117.1,2,   2244.2,2,    -0.18,2, 20040924,      420
  316N20040922, Davis,     3,  1, 271630,      8,2,20040924,0420, 66.9742, -57.6662,  849,    200.5,   3.3523,  34.3309,2,    262.2,2,     8.32,2,    12.75,2,     0.93,2,   2140.6,2,   2255.1,2,  -999.00,9, 20040924,      420
  316N20040922, Davis,     3,  1, 271631,      7,2,20040924,0420, 66.9742, -57.6662,  849,    300.1,   3.3523,  34.5419,2,    247.8,2,    11.27,2,    15.23,2,     1.02,2,   2159.0,2,   2288.0,2,  -999.00,9, 20040924,      420
  316N20040922, Davis,     3,  1, 271632,      6,2,20040924,0420, 66.9742, -57.6662,  849,    398.5,   3.3523,  34.5880,2,    231.1,2,    11.95,2,    12.22,2,     0.98,2,   2172.1,2,   2299.3,2,     0.02,2, 20040924,      420
  316N20040922, Davis,     3,  1, 271633,      5,2,20040924,0420, 66.9742, -57.6662,  849,    498.8,   3.3523,  34.5403,2,    217.8,2,    18.52,2,    15.73,2,     1.15,2,   2184.1,2,   2296.7,2,  -999.00,9, 20040924,      420
  316N20040922, Davis,     3,  1, 271634,      4,2,20040924,0420, 66.9742, -57.6662,  849,    599.4,   3.3523,  34.4808,2,    204.7,2,    23.18,2,    16.23,2,     1.22,2,   2193.6,2,   -999.0,9,  -999.00,9, 20040924,      420
  316N20040922, Davis,     3,  1, 271635,      3,2,20040924,0420, 66.9742, -57.6662,  849,    699.4,   3.3523,  34.4734,2,    196.2,2,    21.11,2,    14.10,2,     1.09,2,   2197.1,2,   2297.7,2,  -999.00,9, 20040924,      420
  316N20040922, Davis,     3,  1, 271636,      2,2,20040924,0420, 66.9742, -57.6662,  849,    799.7,   3.3523,  34.4826,2,    184.2,2,    26.17,2,    14.41,2,     1.16,2,   2208.2,2,   2294.6,2,  -999.00,9, 20040924,      420
  316N20040922, Davis,     3,  1, 271637,      1,2,20040924,0420, 66.9742, -57.6662,  849,    838.4,   3.3523,  34.4916,2,    179.4,2,    35.67,2,    18.54,2,     1.38,2,   2212.8,2,   2295.3,2,     0.17,2, 20040924,      420
  316N20040922, Davis,     5,  1, 271639,      1,2,20040924,0919, 67.0393, -57.0330,  686,    669.0,   1.9635,  34.5774,2,    205.6,2,    26.89,2,    17.29,2,     1.25,2,   2191.7,2,   2296.8,2,    -0.07,2, 20040924,      919
  316N20040922, Davis,     5,  1, 271640,      2,2,20040924,0919, 67.0393, -57.0330,  686,    578.8,   1.4412,  34.5054,2,    200.3,2,    23.00,2,    14.59,2,     1.12,2,   2200.9,2,   2307.8,2,  -999.00,9, 20040924,      919
  316N20040922, Davis,     5,  1, 271641,      3,2,20040924,0919, 67.0393, -57.0330,  686,    498.0,   3.1275,  34.6788,2,    228.5,2,    14.70,2,    14.42,2,     1.08,2,   2171.1,2,   2291.0,2,  -999.00,9, 20040924,      919
  316N20040922, Davis,     5,  1, 271642,      4,2,20040924,0919, 67.0393, -57.0330,  686,    400.9,   4.3573,  34.7754,2,    254.3,2,     8.61,2,    13.55,2,     0.96,2,   2150.1,2,   -999.0,9,     0.16,2, 20040924,      919
  316N20040922, Davis,     5,  1, 271643,      5,2,20040924,0919, 67.0393, -57.0330,  686,    299.7,   4.2339,  34.7102,2,    263.0,2,     8.20,2,    14.22,2,     0.96,2,   2142.9,2,   2286.0,2,  -999.00,9, 20040924,      919
  316N20040922, Davis,     5,  1, 271644,      6,2,20040924,0919, 67.0393, -57.0330,  686,    251.3,   3.5559,  34.5566,2,    260.9,2,  -999.00,9,  -999.00,9,  -999.00,9,   -999.0,9,   -999.0,9,  -999.00,9, 20040924,      919
  316N20040922, Davis,     5,  1, 271645,      7,2,20040924,0919, 67.0393, -57.0330,  686,    201.3,   2.9140,  34.3876,2,    257.8,2,     9.06,2,    13.45,2,     0.95,2,   2140.5,2,   2267.3,2,  -999.00,9, 20040924,      919
  316N20040922, Davis,     5,  1, 271646,      8,2,20040924,0919, 67.0393, -57.0330,  686,    151.5,   2.1399,  34.1980,2,    261.2,2,  -999.00,9,  -999.00,9,  -999.00,9,   -999.0,9,   -999.0,9,  -999.00,9, 20040924,      919
  316N20040922, Davis,     5,  1, 271647,      9,2,20040924,0919, 67.0393, -57.0330,  686,    102.1,   1.0697,  33.9180,2,    265.2,2,     7.43,2,    11.36,2,     0.92,2,   2132.3,2,   2251.7,2,    -0.40,2, 20040924,      919
  316N20040922, Davis,     5,  1, 271648,     10,2,20040924,0919, 67.0393, -57.0330,  686,     50.9,   0.6251,  33.5394,2,    292.6,2,     4.30,2,     5.00,2,     0.67,2,   2093.9,2,   2251.1,2,    -0.66,2, 20040924,      919
  316N20040922, Davis,     5,  1, 271649,     11,2,20040924,0919, 67.0393, -57.0330,  686,     29.9,   4.4752,  32.8892,2,    290.2,2,     1.31,2,     0.56,2,     0.23,2,   -999.0,9,   -999.0,9,    -0.67,2, 20040924,      919
  316N20040922, Davis,     5,  1, 271650,     12,2,20040924,0919, 67.0393, -57.0330,  686,     20.9,   4.4695,  32.8939,2,    291.8,2,     1.44,2,     0.55,2,     0.26,2,   2004.6,2,   2189.5,2,    -0.65,2, 20040924,      919
  316N20040922, Davis,     5,  1, 271651,     13,2,20040924,0919, 67.0393, -57.0330,  686,     10.4,   4.4692,  32.8945,2,    292.0,2,     1.41,2,     0.53,2,     0.26,2,   -999.0,9,   -999.0,9,    -0.68,2, 20040924,      919
  316N20040922, Davis,     5,  1, 271652,     14,2,20040924,0919, 67.0393, -57.0330,  686,      2.6,   4.4681,  32.8950,2,    292.5,2,     1.85,2,     0.60,2,     0.25,2,   2003.8,2,   2199.5,2,  -999.00,9, 20040924,      919
  316N20040922, Davis,     5,  1, 271653,      1,2,20040924,0919, 67.0393, -57.0330,  686,    600.0,   1.7549,  34.5529,2,   -999.0,9,    18.64,2,    15.22,2,     1.12,2,   -999.0,9,   -999.0,9,  -999.00,9, 20040924,     1451
  316N20040922, Davis,     5,  1, 271654,      2,2,20040924,0919, 67.0393, -57.0330,  686,    500.0,   3.1275,  34.6788,2,   -999.0,9,    13.73,2,    14.60,2,     1.02,2,   -999.0,9,   -999.0,9,  -999.00,9, 20040924,     1451
  316N20040922, Davis,     5,  1, 271655,      3,2,20040924,0919, 67.0393, -57.0330,  686,    400.0,   4.3573,  34.7754,2,   -999.0,9,     7.14,2,    13.54,2,     0.93,2,   -999.0,9,   -999.0,9,  -999.00,9, 20040924,     1451
  316N20040922, Davis,     5,  1, 271656,      4,2,20040924,0919, 67.0393, -57.0330,  686,    300.0,   4.2339,  34.7102,2,   -999.0,9,    11.02,2,    13.57,2,     0.96,2,   -999.0,9,   -999.0,9,  -999.00,9, 20040924,     1451
  316N20040922, Davis,     5,  1, 271657,      5,2,20040924,0919, 67.0393, -57.0330,  686,    200.0,   2.9140,  34.3876,2,   -999.0,9,     8.57,2,    12.85,2,     0.92,2,   -999.0,9,   -999.0,9,  -999.00,9, 20040924,     1451
  316N20040922, Davis,     5,  1, 271658,      6,2,20040924,0919, 67.0393, -57.0330,  686,    100.0,   1.0697,  33.9180,2,   -999.0,9,     5.87,2,     9.19,2,     0.80,2,   -999.0,9,   -999.0,9,  -999.00,9, 20040924,     1451
  316N20040922, Davis,     5,  1, 271659,      7,2,20040924,0919, 67.0393, -57.0330,  686,     50.0,   0.6251,  33.5394,2,   -999.0,9,     2.95,2,     4.29,2,     0.60,2,   -999.0,9,   -999.0,9,  -999.00,9, 20040924,     1451
  316N20040922, Davis,     5,  1, 271660,      8,2,20040924,0919, 67.0393, -57.0330,  686,     10.0,   4.4692,  32.8945,2,   -999.0,9,     1.22,2,     0.54,2,     0.20,2,   -999.0,9,   -999.0,9,  -999.00,9, 20040924,     1451
  316N20040922, Davis,     6,  1, 271661,      1,2,20040925,0138, 67.0900, -56.7033,  384,    150.0,   3.2848,  34.3397,2,   -999.0,9,     7.57,2,    13.48,2,     0.94,2,   -999.0,9,   -999.0,9,  -999.00,9, 20040925,      138
  316N20040922, Davis,     6,  1, 271662,      2,2,20040925,0138, 67.0900, -56.7033,  384,    100.0,   2.7498,  34.0099,2,   -999.0,9,     6.88,2,    11.35,2,     0.86,2,   -999.0,9,   -999.0,9,  -999.00,9, 20040925,      138
  316N20040922, Davis,     6,  1, 271663,      3,2,20040925,0138, 67.0900, -56.7033,  384,     50.0,   3.2344,  33.5073,2,   -999.0,9,     5.66,2,     6.38,2,     0.65,2,   -999.0,9,   -999.0,9,  -999.00,9, 20040925,      138
  316N20040922, Davis,     6,  1, 271664,      4,2,20040925,0138, 67.0900, -56.7033,  384,     10.0,   4.3831,  32.8618,2,   -999.0,9,     1.37,2,     0.62,2,     0.23,2,   -999.0,9,   -999.0,9,  -999.00,9, 20040925,      138
  316N20040922, Davis,     6,  1, 271665,      1,2,20040925,0138, 67.0900, -56.7033,  384,    366.1,   4.8223,  34.8309,2,    264.8,2,     6.35,2,    12.29,2,     0.85,2,   2142.7,2,   2294.5,2,  -999.00,9, 20040925,      301
  316N20040922, Davis,     6,  1, 271666,      2,2,20040925,0138, 67.0900, -56.7033,  384,    300.3,   4.4972,  34.7477,2,    266.5,2,     6.28,2,    12.07,2,     0.85,2,   2139.1,2,   2297.9,2,  -999.00,9, 20040925,      301
  316N20040922, Davis,     6,  1, 271667,      3,2,20040925,0138, 67.0900, -56.7033,  384,    250.8,   4.3476,  34.7024,2,    267.6,2,     6.28,2,    12.07,2,     0.85,2,   2139.2,2,   2303.8,2,  -999.00,9, 20040925,      301
  316N20040922, Davis,     6,  1, 271668,      4,2,20040925,0138, 67.0900, -56.7033,  384,    201.2,   4.1761,  34.6105,2,    270.1,2,     6.45,2,    13.13,2,     0.97,2,   -999.0,9,   -999.0,9,     0.10,2, 20040925,      301
  316N20040922, Davis,     6,  1, 271669,      5,2,20040925,0138, 67.0900, -56.7033,  384,    150.6,   3.2848,  34.3397,2,    273.6,2,  -999.00,9,  -999.00,9,  -999.00,9,   -999.0,9,   -999.0,9,  -999.00,9, 20040925,      301
  316N20040922, Davis,     6,  1, 271670,      6,2,20040925,0138, 67.0900, -56.7033,  384,    100.8,   2.7498,  34.0099,2,    277.7,2,     4.85,2,     9.56,2,     0.77,2,   2104.7,2,   2262.0,2,    -0.16,2, 20040925,      301
  316N20040922, Davis,     6,  1, 271671,      7,2,20040925,0138, 67.0900, -56.7033,  384,     50.5,   3.2344,  33.5073,2,    281.2,2,     2.56,2,     3.98,2,     0.52,2,   2069.2,2,   2229.4,2,    -0.36,2, 20040925,      301
  316N20040922, Davis,     6,  1, 271672,      8,2,20040925,0138, 67.0900, -56.7033,  384,     29.8,   4.2429,  32.9023,2,    292.3,2,     1.25,2,     0.54,2,     0.21,2,   -999.0,9,   -999.0,9,    -0.63,2, 20040925,      301
  316N20040922, Davis,     6,  1, 271673,      9,2,20040925,0138, 67.0900, -56.7033,  384,     20.3,   4.4053,  32.8700,2,    291.4,2,     1.43,2,     0.65,2,     0.24,2,   2000.1,2,   2190.1,2,    -0.61,2, 20040925,      301
  316N20040922, Davis,     6,  1, 271674,     10,2,20040925,0138, 67.0900, -56.7033,  384,     10.4,   4.3831,  32.8618,2,    291.5,2,     1.33,2,     0.60,2,     0.23,2,   -999.0,9,   -999.0,9,    -0.62,2, 20040925,      301
  316N20040922, Davis,     6,  1, 271675,     11,2,20040925,0138, 67.0900, -56.7033,  384,      2.5,   4.3868,  32.8633,2,    291.4,2,     1.53,2,     0.65,2,     0.23,2,   1995.4,2,   2192.8,2,    -0.59,2, 20040925,      301
  316N20040922, Davis,     7,  1, 271676,      1,2,20040925,0527, 67.1067, -56.3023,  166,    156.2,   2.8704,  34.1381,2,    274.2,2,     5.62,2,    10.66,2,     0.83,2,   2120.6,2,   2263.5,2,    -0.15,2, 20040925,      527
  316N20040922, Davis,     7,  1, 271677,      2,2,20040925,0527, 67.1067, -56.3023,  166,    100.5,   2.5885,  33.8294,2,    281.0,2,     4.10,2,     7.49,2,     0.73,2,   2100.6,2,   2250.0,2,    -0.30,2, 20040925,      527
  316N20040922, Davis,     7,  1, 271678,      3,2,20040925,0527, 67.1067, -56.3023,  166,     49.4,   3.9783,  33.3711,2,    276.3,2,     3.06,2,     3.90,2,     0.51,2,   2054.8,2,   2225.0,2,    -0.48,2, 20040925,      527
  316N20040922, Davis,     7,  1, 271679,      4,2,20040925,0527, 67.1067, -56.3023,  166,     30.0,   4.6984,  32.7417,2,    287.4,2,     1.64,2,     0.85,2,     0.25,2,   -999.0,9,   -999.0,9,    -0.75,2, 20040925,      527
  316N20040922, Davis,     7,  1, 271680,      5,2,20040925,0527, 67.1067, -56.3023,  166,     20.8,   4.6717,  32.7385,2,    287.8,2,     1.62,2,     0.83,2,     0.25,2,   1997.3,2,   2183.5,2,    -0.73,2, 20040925,      527
  316N20040922, Davis,     7,  1, 271681,      6,2,20040925,0527, 67.1067, -56.3023,  166,      9.6,   4.6764,  32.7391,2,    287.9,2,     1.51,2,     0.76,2,     0.23,2,   -999.0,9,   -999.0,9,    -0.74,2, 20040925,      527
  316N20040922, Davis,     7,  1, 271682,      7,2,20040925,0527, 67.1067, -56.3023,  166,      3.0,   4.6522,  32.7379,2,    288.1,2,     1.63,2,     0.84,2,     0.24,2,   1995.8,2,   2189.0,2,    -0.76,2, 20040925,      527
  316N20040922, Davis,     8,  1, 271683,      1,2,20040925,0731, 67.1620, -55.8228,  121,    101.0,   3.3654,  33.5639,2,    269.4,2,     4.69,2,     5.33,2,     0.64,2,   2079.2,2,   2264.1,2,    -0.37,2, 20040925,      731
  316N20040922, Davis,     8,  1, 271684,      2,2,20040925,0731, 67.1620, -55.8228,  121,     51.0,   4.3673,  33.1515,2,    277.0,2,     2.34,2,     2.41,2,     0.35,2,   2033.1,2,   2214.2,2,    -0.56,2, 20040925,      731
  316N20040922, Davis,     8,  1, 271685,      3,2,20040925,0731, 67.1620, -55.8228,  121,     31.9,   4.6701,  32.8430,2,    287.5,2,     1.83,2,     1.18,2,     0.26,2,   -999.0,9,   -999.0,9,    -0.77,2, 20040925,      731
  316N20040922, Davis,     8,  1, 271686,      4,2,20040925,0731, 67.1620, -55.8228,  121,     21.4,   4.6539,  32.8055,2,    288.9,2,     1.78,2,     1.15,2,     0.25,2,   2002.5,2,   2192.5,2,    -0.76,2, 20040925,      731
  316N20040922, Davis,     8,  1, 271687,      5,2,20040925,0731, 67.1620, -55.8228,  121,     11.3,   4.6417,  32.8039,2,    289.1,2,     1.66,2,     1.04,2,     0.23,2,   -999.0,9,   -999.0,9,    -0.70,2, 20040925,      731
  316N20040922, Davis,     8,  1, 271688,      6,2,20040925,0731, 67.1620, -55.8228,  121,      2.8,   4.6361,  32.8041,2,    289.3,2,     1.73,2,     1.14,2,     0.24,2,   1998.7,2,   2202.5,2,    -0.72,2, 20040925,      731
  316N20040922, Davis,     9,  1, 271689,      1,2,20040925,0917, 67.1937, -55.3100,   73,     65.3,   4.0720,  33.3796,2,    265.5,2,     3.85,2,     3.52,2,     0.55,2,   2065.5,2,   2237.9,2,    -0.41,2, 20040925,      917
  316N20040922, Davis,     9,  1, 271690,      2,2,20040925,0917, 67.1937, -55.3100,   73,     49.7,   4.1068,  33.3624,2,    265.6,2,     3.59,2,     3.39,2,     0.53,2,   -999.0,9,   -999.0,9,    -0.43,2, 20040925,      917
  316N20040922, Davis,     9,  1, 271691,      3,2,20040925,0917, 67.1937, -55.3100,   73,     30.0,   4.6906,  32.8376,2,    288.2,2,     1.76,2,     0.78,2,     0.22,2,   -999.0,9,   -999.0,9,    -0.77,2, 20040925,      917
  316N20040922, Davis,     9,  1, 271692,      4,2,20040925,0917, 67.1937, -55.3100,   73,     22.8,   4.6892,  32.8380,2,    288.5,2,     1.33,2,     0.72,2,     0.22,2,   2001.9,2,   2210.7,2,    -0.71,2, 20040925,      917
  316N20040922, Davis,     9,  1, 271693,      5,2,20040925,0917, 67.1937, -55.3100,   73,      9.9,   4.6860,  32.8381,2,    288.7,2,     1.38,2,     0.82,2,     0.21,2,   -999.0,9,   -999.0,9,    -0.64,2, 20040925,      917
  316N20040922, Davis,     9,  1, 271694,      6,2,20040925,0917, 67.1937, -55.3100,   73,      2.1,   4.6789,  32.8382,2,    288.8,2,     1.50,2,     0.94,2,     0.22,2,   2001.5,2,   2188.5,2,    -0.75,2, 20040925,      917
  316N20040922, Davis,     9,  1, 271695,      1,2,20040925,0917, 67.1937, -55.3100,   73,     65.0,   4.0720,  33.3796,2,   -999.0,9,     4.32,2,     3.70,2,     0.56,2,   -999.0,9,   -999.0,9,  -999.00,9, 20040925,     1038
  316N20040922, Davis,     9,  1, 271696,      2,2,20040925,0917, 67.1937, -55.3100,   73,     50.0,   4.1068,  33.3624,2,   -999.0,9,     1.56,2,     0.80,2,     0.22,2,   -999.0,9,   -999.0,9,  -999.00,9, 20040925,     1038
  316N20040922, Davis,     9,  1, 271697,      3,2,20040925,0917, 67.1937, -55.3100,   73,     23.0,   4.6892,  32.8380,2,   -999.0,9,     1.65,2,     0.83,2,     0.23,2,   -999.0,9,   -999.0,9,  -999.00,9, 20040925,     1038
  316N20040922, Davis,     9,  1, 271698,      4,2,20040925,0917, 67.1937, -55.3100,   73,     10.0,   4.6860,  32.8381,2,   -999.0,9,     1.63,2,     0.89,2,     0.23,2,   -999.0,9,   -999.0,9,  -999.00,9, 20040925,     1038
  316N20040922, Davis,    11,  1, 271699,      1,2,20040925,1820, 67.2633, -54.4798,   56,     49.8,   4.3297,  32.6620,2,    284.7,2,     3.94,2,     2.81,2,     0.44,2,   2014.9,2,   2177.5,2,    -1.03,2, 20040925,     1820
  316N20040922, Davis,    11,  1, 271700,      2,2,20040925,1820, 67.2633, -54.4798,   56,     29.8,   4.2892,  32.6508,2,    285.7,2,     3.14,2,     2.30,2,     0.39,2,   -999.0,9,   -999.0,9,    -1.01,2, 20040925,     1820
  316N20040922, Davis,    11,  1, 271701,      3,2,20040925,1820, 67.2633, -54.4798,   56,     19.7,   4.2772,  32.6465,2,    286.6,2,     3.76,2,     2.75,2,     0.44,2,   2015.3,2,   2194.5,2,    -1.02,2, 20040925,     1820
  316N20040922, Davis,    11,  1, 271702,      4,2,20040925,1820, 67.2633, -54.4798,   56,      9.9,   4.2978,  32.6466,2,    287.4,2,     4.17,2,     2.93,2,     0.43,2,   -999.0,9,   -999.0,9,    -1.02,2, 20040925,     1820
  316N20040922, Davis,    11,  1, 271703,      5,2,20040925,1820, 67.2633, -54.4798,   56,      2.3,   4.3279,  32.6473,2,    287.5,2,     3.83,2,     2.94,2,     0.44,2,   2014.2,2,   2172.9,2,    -0.97,2, 20040925,     1820
  316N20040922, Davis,    12,  1, 271704,      1,2,20040925,1945, 67.3111, -54.0100,   29,     20.0,   4.6482,  32.8487,2,   -999.0,9,     3.74,2,     3.08,2,     0.43,2,   -999.0,9,   -999.0,9,  -999.00,9, 20040925,     1945
  316N20040922, Davis,    12,  1, 271705,      2,2,20040925,1945, 67.3111, -54.0100,   29,     10.0,   4.6407,  32.8181,2,   -999.0,9,     3.76,2,     3.16,2,     0.43,2,   -999.0,9,   -999.0,9,  -999.00,9, 20040925,     1945
  316N20040922, Davis,    16,  1, 271722,      1,2,20040927,0451, 66.7570, -60.1405,  598,    202.0,  -1.3344,  33.5425,2,   -999.0,9,     8.88,2,     8.63,2,     0.88,2,   -999.0,9,   -999.0,9,  -999.00,9, 20040927,      451
  316N20040922, Davis,    16,  1, 271723,      2,2,20040927,0451, 66.7570, -60.1405,  598,    102.0,  -1.5740,  33.0439,2,   -999.0,9,     9.31,2,     6.69,2,     0.93,2,   -999.0,9,   -999.0,9,  -999.00,9, 20040927,      451
  316N20040922, Davis,    16,  1, 271724,      3,2,20040927,0451, 66.7570, -60.1405,  598,     53.0,  -1.3597,  32.6751,2,   -999.0,9,     9.67,2,     6.04,2,     0.96,2,   -999.0,9,   -999.0,9,  -999.00,9, 20040927,      451
  316N20040922, Davis,    16,  1, 271725,      4,2,20040927,0451, 66.7570, -60.1405,  598,     13.0,   1.1655,  30.8904,2,   -999.0,9,     4.00,2,     0.20,2,     0.59,2,   -999.0,9,   -999.0,9,  -999.00,9, 20040927,      451
  316N20040922, Davis,    16,  1, 271726,      1,2,20040927,0451, 66.7570, -60.1405,  598,   -999.0,-999.0000,-999.0000,9,   -999.0,9,  -999.00,9,  -999.00,9,  -999.00,9,   -999.0,9,   -999.0,9,  -999.00,9, 20040927,      616
  316N20040922, Davis,    16,  1, 271727,      2,2,20040927,0451, 66.7570, -60.1405,  598,    600.4,   1.3900,  34.4520,2,    209.8,2,    21.87,2,    15.62,2,     1.19,2,   2189.9,2,   2287.6,2,  -999.00,9, 20040927,      616
  316N20040922, Davis,    16,  1, 271728,      3,2,20040927,0451, 66.7570, -60.1405,  598,    500.5,   1.6007,  34.4144,2,    216.2,2,    20.36,2,    16.26,2,     1.21,2,   2183.1,2,   2281.3,2,  -999.00,9, 20040927,      616
  316N20040922, Davis,    16,  1, 271729,      4,2,20040927,0451, 66.7570, -60.1405,  598,    401.1,   2.6391,  34.4282,2,    235.3,2,    12.10,2,    12.66,2,     0.99,2,   2166.5,2,   2290.3,2,    -0.13,2, 20040927,      616
  316N20040922, Davis,    16,  1, 271730,      5,2,20040927,0451, 66.7570, -60.1405,  598,    301.9,   0.3372,  34.0077,2,    229.6,2,    15.40,2,    12.54,2,     1.07,2,   2173.2,2,   2271.7,2,  -999.00,9, 20040927,      616
  316N20040922, Davis,    16,  1, 271731,      6,2,20040927,0451, 66.7570, -60.1405,  598,    252.0,  -0.5937,  33.7583,2,    249.2,2,  -999.00,9,  -999.00,9,  -999.00,9,   -999.0,9,   -999.0,9,  -999.00,9, 20040927,      616
  316N20040922, Davis,    16,  1, 271732,      7,2,20040927,0451, 66.7570, -60.1405,  598,    202.0,  -1.3391,  33.5425,2,    271.1,2,    10.65,2,     9.39,2,     0.94,2,   2146.2,2,   2271.8,2,  -999.00,9, 20040927,      616
  316N20040922, Davis,    16,  1, 271733,      8,2,20040927,0451, 66.7570, -60.1405,  598,    152.4,  -1.4116,  33.3479,2,    279.9,2,  -999.00,9,  -999.00,9,  -999.00,9,   -999.0,9,   -999.0,9,  -999.00,9, 20040927,      616
  316N20040922, Davis,    16,  1, 271734,      9,2,20040927,0451, 66.7570, -60.1405,  598,    102.4,  -1.5760,  33.0439,2,    292.6,2,     8.08,2,     5.94,2,     0.85,2,   2134.5,2,   2253.7,2,    -1.50,2, 20040927,      616
  316N20040922, Davis,    16,  1, 271735,     10,2,20040927,0451, 66.7570, -60.1405,  598,     52.6,  -1.3607,  32.6751,2,    299.4,2,     9.39,2,     5.75,2,     0.96,2,   2117.4,2,   2237.8,2,    -1.66,2, 20040927,      616
  316N20040922, Davis,    16,  1, 271736,     11,2,20040927,0451, 66.7570, -60.1405,  598,     33.2,  -1.1373,  32.4884,2,    308.4,2,     8.37,2,     4.80,2,     0.93,2,   -999.0,9,   -999.0,9,    -1.63,2, 20040927,      616
  316N20040922, Davis,    16,  1, 271737,     12,2,20040927,0451, 66.7570, -60.1405,  598,     23.1,   0.1941,  31.5705,2,    322.4,2,     4.39,2,     1.36,2,     0.62,2,   2025.9,2,   2172.2,2,    -1.87,2, 20040927,      616
  316N20040922, Davis,    16,  1, 271738,     13,2,20040927,0451, 66.7570, -60.1405,  598,     12.9,   1.1650,  30.8904,2,    320.3,2,     4.19,2,     0.29,2,     0.60,2,   -999.0,9,   -999.0,9,    -1.95,2, 20040927,      616
  316N20040922, Davis,    16,  1, 271739,     14,2,20040927,0451, 66.7570, -60.1405,  598,      2.4,   1.1670,  30.8922,2,    320.5,2,     3.80,2,     0.31,2,     0.60,2,   1987.1,2,   2127.3,2,    -1.97,2, 20040927,      616
  316N20040922, Davis,    18,  1, 271740,      1,2,20040927,1312, 66.6902, -60.8063,  442,    420.6,   1.2350,  34.2580,2,    219.6,2,    18.46,2,    14.94,2,     1.14,2,   2174.2,2,   2285.9,2,    -0.24,2, 20040927,     1312
  316N20040922, Davis,    18,  1, 271741,      2,2,20040927,1312, 66.6902, -60.8063,  442,    399.7,   1.1792,  34.2471,2,    219.5,2,    19.23,2,    15.53,2,     1.19,2,   2181.8,2,   2281.4,2,  -999.00,9, 20040927,     1312
  316N20040922, Davis,    18,  1, 271742,      3,2,20040927,1312, 66.6902, -60.8063,  442,    292.4,   0.2592,  33.8985,2,    243.6,2,     9.28,2,     8.81,2,     0.88,2,   2154.0,2,   2251.5,2,  -999.00,9, 20040927,     1312
  316N20040922, Davis,    18,  1, 271743,      4,2,20040927,1312, 66.6902, -60.8063,  442,    197.8,  -1.4876,  33.4812,2,    279.8,2,    10.00,2,     8.98,2,     0.93,2,   2135.9,2,   2244.8,2,  -999.00,9, 20040927,     1312
  316N20040922, Davis,    18,  1, 271744,      5,2,20040927,1312, 66.6902, -60.8063,  442,    101.3,  -1.3575,  33.0764,2,    278.4,2,    11.19,2,     7.75,2,     0.96,2,   2138.5,2,   2252.6,2,  -999.00,9, 20040927,     1312
  316N20040922, Davis,    18,  1, 271745,      6,2,20040927,1312, 66.6902, -60.8063,  442,     52.1,  -1.2085,  32.5729,2,    301.2,2,     7.26,2,     4.38,2,     0.85,2,   2105.4,2,   2227.8,2,    -1.70,2, 20040927,     1312
  316N20040922, Davis,    18,  1, 271746,      7,2,20040927,1312, 66.6902, -60.8063,  442,     31.7,   0.1933,  31.5790,2,    329.1,2,     5.76,2,     1.24,2,     0.71,2,   -999.0,9,   -999.0,9,    -1.96,2, 20040927,     1312
  316N20040922, Davis,    18,  1, 271747,      8,2,20040927,1312, 66.6902, -60.8063,  442,     22.0,   0.3981,  31.4211,2,    328.5,2,     5.20,2,     1.02,2,     0.68,2,   2021.7,2,   2167.4,2,    -2.02,2, 20040927,     1312
  316N20040922, Davis,    18,  1, 271748,      9,2,20040927,1312, 66.6902, -60.8063,  442,     12.0,   1.0562,  30.9968,2,    320.5,2,     4.25,2,     0.52,2,     0.61,2,   -999.0,9,   -999.0,9,    -1.93,2, 20040927,     1312
  316N20040922, Davis,    18,  1, 271749,     10,2,20040927,1312, 66.6902, -60.8063,  442,      3.1,   1.0596,  30.9950,2,    320.4,2,     4.22,2,     0.48,2,     0.60,2,   1980.5,2,   2142.8,2,    -1.90,2, 20040927,     1312
  316N20040922, Davis,    20,  1, 271750,      1,2,20040928,0242, 66.6732, -60.9817,  374,    359.4,   0.6267,  34.0996,2,    224.1,2,    17.88,2,    14.39,2,     1.19,2,   2174.1,2,   2279.5,2,    -0.46,2, 20040928,      242
  316N20040922, Davis,    20,  1, 271751,      2,2,20040928,0242, 66.6732, -60.9817,  374,    299.6,  -0.0643,  33.8699,2,    241.4,2,    17.88,2,    14.40,2,     1.19,2,   2162.8,2,   2278.8,2,  -999.00,9, 20040928,      242
  316N20040922, Davis,    20,  1, 271752,      3,2,20040928,0242, 66.6732, -60.9817,  374,    250.3,  -0.9817,  33.6378,2,    256.9,2,    17.89,2,    14.40,2,     1.19,2,   -999.0,9,   -999.0,9,  -999.00,9, 20040928,      242
  316N20040922, Davis,    20,  1, 271753,      4,2,20040928,0242, 66.6732, -60.9817,  374,    202.4,  -1.3962,  33.4213,2,    275.9,2,    12.01,2,     9.47,2,     1.00,2,   2136.7,2,   2255.5,2,  -999.00,9, 20040928,      242
  316N20040922, Davis,    20,  1, 271754,      5,2,20040928,0242, 66.6732, -60.9817,  374,    153.8,  -1.2833,  33.2933,2,    272.7,2,    12.01,2,     9.47,2,     1.00,2,   -999.0,9,   -999.0,9,  -999.00,9, 20040928,      242
  316N20040922, Davis,    20,  1, 271755,      6,2,20040928,0242, 66.6732, -60.9817,  374,    102.9,  -1.5442,  32.9866,2,    288.2,2,     8.66,2,     5.76,2,     0.85,2,   2123.3,2,   2245.4,2,    -1.54,2, 20040928,      242
  316N20040922, Davis,    20,  1, 271756,      7,2,20040928,0242, 66.6732, -60.9817,  374,     52.9,  -0.8793,  32.2938,2,    318.9,2,     8.29,2,     3.96,2,     0.88,2,   2089.2,2,   2225.6,2,    -1.75,2, 20040928,      242
  316N20040922, Davis,    20,  1, 271757,      8,2,20040928,0242, 66.6732, -60.9817,  374,     33.7,   0.2764,  31.5448,2,    323.3,2,     5.42,2,     1.76,2,     0.73,2,   -999.0,9,   -999.0,9,    -1.91,2, 20040928,      242
  316N20040922, Davis,    20,  1, 271758,      9,2,20040928,0242, 66.6732, -60.9817,  374,     23.2,   0.7839,  31.1653,2,    321.3,2,     4.70,2,     0.81,2,     0.66,2,   1986.8,2,   2160.0,2,    -1.98,2, 20040928,      242
  316N20040922, Davis,    20,  1, 271759,     10,2,20040928,0242, 66.6732, -60.9817,  374,     13.3,   0.7774,  31.1585,2,    321.3,2,     4.44,2,     0.73,2,     0.64,2,   -999.0,9,   -999.0,9,    -1.89,2, 20040928,      242
  316N20040922, Davis,    20,  1, 271760,     11,2,20040928,0242, 66.6732, -60.9817,  374,      2.7,   0.7803,  31.1589,2,    321.4,2,     4.73,2,     0.76,2,     0.64,2,   2003.4,2,   2146.2,2,    -1.97,2, 20040928,      242
  316N20040922, Davis,    20,  1, 271761,      1,2,20040928,0242, 66.6732, -60.9817,  374,    202.0,  -1.3916,  33.4213,2,   -999.0,9,    11.74,2,     9.23,2,     0.99,2,   -999.0,9,   -999.0,9,  -999.00,9, 20040928,      458
  316N20040922, Davis,    20,  1, 271762,      2,2,20040928,0242, 66.6732, -60.9817,  374,    103.0,  -1.5422,  32.9866,2,   -999.0,9,    12.17,2,     8.36,2,     1.04,2,   -999.0,9,   -999.0,9,  -999.00,9, 20040928,      458
  316N20040922, Davis,    20,  1, 271763,      3,2,20040928,0242, 66.6732, -60.9817,  374,     53.0,  -0.8780,  32.2938,2,   -999.0,9,     9.08,2,     3.88,2,     0.90,2,   -999.0,9,   -999.0,9,  -999.00,9, 20040928,      458
  316N20040922, Davis,    20,  1, 271764,      4,2,20040928,0242, 66.6732, -60.9817,  374,     13.0,   0.7778,  31.1585,2,   -999.0,9,     4.99,2,     0.99,2,     0.64,2,   -999.0,9,   -999.0,9,  -999.00,9, 20040928,      458
  316N20040922, Davis,    24,  1, 271765,      1,2,20040928,1935, 67.6770, -62.6058,  666,    620.2,   1.0406,  34.3856,2,   -999.0,9,    19.85,2,    14.15,2,     1.10,2,   -999.0,9,   -999.0,9,  -999.00,9, 20040928,     1935
  316N20040922, Davis,    24,  1, 271766,      2,2,20040928,1935, 67.6770, -62.6058,  666,    401.3,   0.0680,  34.0004,2,   -999.0,9,    17.09,2,    13.38,2,     1.08,2,   -999.0,9,   -999.0,9,  -999.00,9, 20040928,     1935
  316N20040922, Davis,    24,  1, 271767,      3,2,20040928,1935, 67.6770, -62.6058,  666,    301.2,  -0.3701,  33.8584,2,   -999.0,9,    16.69,2,    13.13,2,     1.12,2,   -999.0,9,   -999.0,9,  -999.00,9, 20040928,     1935
  316N20040922, Davis,    24,  1, 271768,      4,2,20040928,1935, 67.6770, -62.6058,  666,    199.5,  -1.3686,  33.3755,2,   -999.0,9,    11.99,2,     9.03,2,     0.97,2,   -999.0,9,   -999.0,9,  -999.00,9, 20040928,     1935
  316N20040922, Davis,    24,  1, 271769,      5,2,20040928,1935, 67.6770, -62.6058,  666,    101.9,  -1.4366,  32.9695,2,   -999.0,9,    13.48,2,     8.61,2,     1.04,2,   -999.0,9,   -999.0,9,  -999.00,9, 20040928,     1935
  316N20040922, Davis,    24,  1, 271770,      6,2,20040928,1935, 67.6770, -62.6058,  666,     52.6,  -1.3172,  32.6759,2,   -999.0,9,    13.02,2,     7.10,2,     1.03,2,   -999.0,9,   -999.0,9,  -999.00,9, 20040928,     1935
  316N20040922, Davis,    24,  1, 271771,      7,2,20040928,1935, 67.6770, -62.6058,  666,     32.5,  -0.3573,  31.9896,2,   -999.0,9,     8.62,2,     3.02,2,     0.81,2,   -999.0,9,   -999.0,9,  -999.00,9, 20040928,     1935
  316N20040922, Davis,    24,  1, 271772,      8,2,20040928,1935, 67.6770, -62.6058,  666,     22.4,   1.0087,  31.1272,2,   -999.0,9,     4.79,2,     0.42,2,     0.62,2,   -999.0,9,   -999.0,9,  -999.00,9, 20040928,     1935
  316N20040922, Davis,    24,  1, 271773,      9,2,20040928,1935, 67.6770, -62.6058,  666,     12.2,   1.0786,  31.0714,2,   -999.0,9,     4.93,2,     0.04,2,     0.64,2,   -999.0,9,   -999.0,9,  -999.00,9, 20040928,     1935
  316N20040922, Davis,    24,  1, 271774,     10,2,20040928,1935, 67.6770, -62.6058,  666,      3.4,   1.0791,  31.0678,2,   -999.0,9,     4.98,2,     0.04,2,     0.63,2,   -999.0,9,   -999.0,9,  -999.00,9, 20040928,     1935
  316N20040922, Davis,    26,  1, 271775,      1,2,20040928,2223, 67.7687, -62.3620, 1006,    978.7,   0.9398,  34.4903,2,   -999.0,9,    30.50,2,    14.09,2,     1.14,2,   -999.0,9,   -999.0,9,  -999.00,9, 20040928,     2223
  316N20040922, Davis,    26,  1, 271776,      2,2,20040928,2223, 67.7687, -62.3620, 1006,    903.1,   1.0104,  34.4846,2,   -999.0,9,    33.24,2,    17.34,2,     1.28,2,   -999.0,9,   -999.0,9,  -999.00,9, 20040928,     2223
  316N20040922, Davis,    26,  1, 271777,      3,2,20040928,2223, 67.7687, -62.3620, 1006,    802.9,   1.0449,  34.4721,2,   -999.0,9,    29.06,2,    16.50,2,     1.24,2,   -999.0,9,   -999.0,9,  -999.00,9, 20040928,     2223
  316N20040922, Davis,    26,  1, 271778,      4,2,20040928,2223, 67.7687, -62.3620, 1006,    702.0,   1.1041,  34.4574,2,   -999.0,9,    23.77,2,    14.81,2,     1.15,2,   -999.0,9,   -999.0,9,  -999.00,9, 20040928,     2223
  316N20040922, Davis,    26,  1, 271779,      5,2,20040928,2223, 67.7687, -62.3620, 1006,    602.8,   1.0715,  34.4198,2,   -999.0,9,    24.81,2,    16.16,2,     1.22,2,   -999.0,9,   -999.0,9,  -999.00,9, 20040928,     2223
  316N20040922, Davis,    26,  1, 271780,      6,2,20040928,2223, 67.7687, -62.3620, 1006,    503.0,   1.0987,  34.3790,2,   -999.0,9,    23.06,2,    16.13,2,     1.20,2,   -999.0,9,   -999.0,9,  -999.00,9, 20040928,     2223
  316N20040922, Davis,    26,  1, 271781,      7,2,20040928,2223, 67.7687, -62.3620, 1006,    402.4,   0.9401,  34.2919,2,   -999.0,9,    18.28,2,    13.54,2,     1.09,2,   -999.0,9,   -999.0,9,  -999.00,9, 20040928,     2223
  316N20040922, Davis,    26,  1, 271782,      8,2,20040928,2223, 67.7687, -62.3620, 1006,    302.4,  -0.0163,  33.9795,2,   -999.0,9,    16.18,2,    12.94,2,     1.10,2,   -999.0,9,   -999.0,9,  -999.00,9, 20040928,     2223
  316N20040922, Davis,    26,  1, 271783,      9,2,20040928,2223, 67.7687, -62.3620, 1006,    202.6,  -1.3314,  33.5652,2,   -999.0,9,    11.63,2,     9.60,2,     0.98,2,   -999.0,9,   -999.0,9,  -999.00,9, 20040928,     2223
  316N20040922, Davis,    26,  1, 271784,     10,2,20040928,2223, 67.7687, -62.3620, 1006,    102.1,  -1.6349,  33.0541,2,   -999.0,9,    11.15,2,     7.83,2,     0.95,2,   -999.0,9,   -999.0,9,  -999.00,9, 20040928,     2223
  316N20040922, Davis,    26,  1, 271785,     11,2,20040928,2223, 67.7687, -62.3620, 1006,     52.9,  -1.3886,  32.7189,2,   -999.0,9,    14.84,2,     8.47,2,     1.12,2,   -999.0,9,   -999.0,9,  -999.00,9, 20040928,     2223
  316N20040922, Davis,    26,  1, 271786,     12,2,20040928,2223, 67.7687, -62.3620, 1006,     32.6,  -1.2924,  32.4374,2,   -999.0,9,    13.25,2,     6.07,2,     1.07,2,   -999.0,9,   -999.0,9,  -999.00,9, 20040928,     2223
  316N20040922, Davis,    26,  1, 271787,     13,2,20040928,2223, 67.7687, -62.3620, 1006,     23.2,  -0.0675,  31.8512,2,   -999.0,9,     5.68,2,     0.64,2,     0.74,2,   -999.0,9,   -999.0,9,  -999.00,9, 20040928,     2223
  316N20040922, Davis,    26,  1, 271788,     14,2,20040928,2223, 67.7687, -62.3620, 1006,     13.1,   1.0571,  31.1101,2,   -999.0,9,     4.03,2,     0.06,2,     0.64,2,   -999.0,9,   -999.0,9,  -999.00,9, 20040928,     2223
  316N20040922, Davis,    26,  1, 271789,     15,2,20040928,2223, 67.7687, -62.3620, 1006,      2.3,   1.0269,  31.0122,2,   -999.0,9,     3.93,2,     0.03,2,     0.61,2,   -999.0,9,   -999.0,9,  -999.00,9, 20040928,     2223
  316N20040922, Davis,    30,  1, 271790,      1,2,20040929,0731, 68.1773, -61.4907, 1706,   1679.7,  -0.2307,  34.4876,2,   -999.0,9,    83.83,3,    20.61,2,     1.64,2,   -999.0,9,   -999.0,9,  -999.00,9, 20040929,      731
  316N20040922, Davis,    30,  1, 271791,      2,2,20040929,0731, 68.1773, -61.4907, 1706,   1559.1,  -0.1509,  34.4852,2,   -999.0,9,    68.15,3,    19.14,2,     1.57,2,   -999.0,9,   -999.0,9,  -999.00,9, 20040929,      731
  316N20040922, Davis,    30,  1, 271792,      3,2,20040929,0731, 68.1773, -61.4907, 1706,   1402.5,   0.1340,  34.4837,2,   -999.0,9,    61.31,3,    20.32,2,     1.55,2,   -999.0,9,   -999.0,9,  -999.00,9, 20040929,      731
  316N20040922, Davis,    30,  1, 271793,      4,2,20040929,0731, 68.1773, -61.4907, 1706,   1201.5,   0.5575,  34.4901,2,   -999.0,9,    48.10,2,    19.87,2,     1.46,2,   -999.0,9,   -999.0,9,  -999.00,9, 20040929,      731
  316N20040922, Davis,    30,  1, 271794,      5,2,20040929,0731, 68.1773, -61.4907, 1706,   1003.6,   0.9189,  34.4941,2,   -999.0,9,    39.75,2,    18.25,2,     1.37,2,   -999.0,9,   -999.0,9,  -999.00,9, 20040929,      731
  316N20040922, Davis,    30,  1, 271795,      6,2,20040929,0731, 68.1773, -61.4907, 1706,    813.4,   1.0931,  34.4882,2,   -999.0,9,    31.29,2,    17.73,2,     1.28,2,   -999.0,9,   -999.0,9,  -999.00,9, 20040929,      731
  316N20040922, Davis,    30,  1, 271797,      8,2,20040929,0731, 68.1773, -61.4907, 1706,    404.5,   2.5427,  34.4595,2,   -999.0,9,    14.40,2,    13.22,2,     1.05,2,   -999.0,9,   -999.0,9,  -999.00,9, 20040929,      731
  316N20040922, Davis,    30,  1, 271798,      9,2,20040929,0731, 68.1773, -61.4907, 1706,    304.7,   1.5725,  34.2067,2,   -999.0,9,    12.78,2,    11.48,2,     1.01,2,   -999.0,9,   -999.0,9,  -999.00,9, 20040929,      731
  316N20040922, Davis,    30,  1, 271799,     10,2,20040929,0731, 68.1773, -61.4907, 1706,    202.1,  -1.0605,  33.6293,2,   -999.0,9,    10.41,2,    10.03,2,     0.95,2,   -999.0,9,   -999.0,9,  -999.00,9, 20040929,      731
  316N20040922, Davis,    30,  1, 271800,     11,2,20040929,0731, 68.1773, -61.4907, 1706,    103.2,  -1.6455,  33.1392,2,   -999.0,9,     8.43,2,     6.11,2,     0.84,2,   -999.0,9,   -999.0,9,  -999.00,9, 20040929,      731
  316N20040922, Davis,    30,  1, 271801,     12,2,20040929,0731, 68.1773, -61.4907, 1706,      2.9,   1.1965,  30.5451,2,   -999.0,9,     3.70,2,     0.07,2,     0.54,2,   -999.0,9,   -999.0,9,  -999.00,9, 20040929,      731
  316N20040922, Davis,    30,  1, 271802,      1,2,20040929,0731, 68.1773, -61.4907, 1706,    200.0,  -1.0605,  33.6293,2,   -999.0,9,    11.64,2,    10.67,2,     1.01,2,   -999.0,9,   -999.0,9,  -999.00,9, 20040929,      830
  316N20040922, Davis,    30,  1, 271803,      2,2,20040929,0731, 68.1773, -61.4907, 1706,    100.0,  -1.6455,  33.1392,2,   -999.0,9,     9.30,2,     6.71,2,     0.90,2,   -999.0,9,   -999.0,9,  -999.00,9, 20040929,      830
  316N20040922, Davis,    30,  1, 271804,      3,2,20040929,0731, 68.1773, -61.4907, 1706,     50.0,  -0.2245,  31.8422,2,   -999.0,9,    10.47,2,     6.26,2,     0.96,2,   -999.0,9,   -999.0,9,  -999.00,9, 20040929,      830
  316N20040922, Davis,    30,  1, 271805,      4,2,20040929,0731, 68.1773, -61.4907, 1706,     10.0,   1.1965,  30.5451,2,   -999.0,9,     3.96,2,     0.11,2,     0.57,2,   -999.0,9,   -999.0,9,  -999.00,9, 20040929,      830
  316N20040922, Davis,    35,  1, 271806,      1,2,20040929,1933, 68.4935, -59.6860,  861,    826.6,   1.1155,  34.4941,2,   -999.0,9,    27.09,2,    14.83,2,     1.19,2,   -999.0,9,   -999.0,9,  -999.00,9, 20040929,     1933
  316N20040922, Davis,    35,  1, 271807,      2,2,20040929,1933, 68.4935, -59.6860,  861,    802.0,   1.1524,  34.4953,2,   -999.0,9,    31.53,2,    17.48,2,     1.30,2,   -999.0,9,   -999.0,9,  -999.00,9, 20040929,     1933
  316N20040922, Davis,    35,  1, 271808,      3,2,20040929,1933, 68.4935, -59.6860,  861,    601.1,   2.0671,  34.5580,2,   -999.0,9,    17.35,2,    15.09,2,     1.09,2,   -999.0,9,   -999.0,9,  -999.00,9, 20040929,     1933
  316N20040922, Davis,    35,  1, 271809,      4,2,20040929,1933, 68.4935, -59.6860,  861,    399.7,   3.6236,  34.6620,2,   -999.0,9,    12.25,2,    15.11,2,     1.07,2,   -999.0,9,   -999.0,9,  -999.00,9, 20040929,     1933
  316N20040922, Davis,    35,  1, 271810,      5,2,20040929,1933, 68.4935, -59.6860,  861,    300.5,   3.3248,  34.5367,2,   -999.0,9,    10.54,2,    14.19,2,     1.01,2,   -999.0,9,   -999.0,9,  -999.00,9, 20040929,     1933
  316N20040922, Davis,    35,  1, 271811,      6,2,20040929,1933, 68.4935, -59.6860,  861,    201.1,   2.0838,  34.2353,2,   -999.0,9,     8.99,2,    11.97,2,     0.92,2,   -999.0,9,   -999.0,9,  -999.00,9, 20040929,     1933
  316N20040922, Davis,    35,  1, 271812,      7,2,20040929,1933, 68.4935, -59.6860,  861,    101.8,  -0.3465,  33.7165,2,   -999.0,9,     6.48,2,     8.20,2,     0.77,2,   -999.0,9,   -999.0,9,  -999.00,9, 20040929,     1933
  316N20040922, Davis,    35,  1, 271813,      8,2,20040929,1933, 68.4935, -59.6860,  861,     51.8,  -1.4070,  33.3682,2,   -999.0,9,     6.14,2,     6.06,2,     0.77,2,   -999.0,9,   -999.0,9,  -999.00,9, 20040929,     1933
  316N20040922, Davis,    35,  1, 271814,      9,2,20040929,1933, 68.4935, -59.6860,  861,      2.5,   1.8002,  32.2223,2,   -999.0,9,     2.97,2,     0.20,2,     0.46,2,   -999.0,9,   -999.0,9,  -999.00,9, 20040929,     1933
  316N20040922, Davis,    37,  1, 271815,      1,2,20040929,2200, 68.5373, -59.3455,  519,    497.8,   2.9144,  34.6147,2,   -999.0,9,    14.11,2,    13.37,2,     1.01,2,   -999.0,9,   -999.0,9,  -999.00,9, 20040929,     2200
  316N20040922, Davis,    37,  1, 271816,      2,2,20040929,2200, 68.5373, -59.3455,  519,    399.4,   2.5032,  34.5433,2,   -999.0,9,    17.19,2,    15.30,2,     1.11,2,   -999.0,9,   -999.0,9,  -999.00,9, 20040929,     2200
  316N20040922, Davis,    37,  1, 271817,      3,2,20040929,2200, 68.5373, -59.3455,  519,    302.1,   3.2062,  34.5125,2,   -999.0,9,    10.33,2,    11.96,2,     0.91,2,   -999.0,9,   -999.0,9,  -999.00,9, 20040929,     2200
  316N20040922, Davis,    37,  1, 271818,      4,2,20040929,2200, 68.5373, -59.3455,  519,    202.9,   2.7340,  34.3469,2,   -999.0,9,    10.55,2,    12.94,2,     1.01,2,   -999.0,9,   -999.0,9,  -999.00,9, 20040929,     2200
  316N20040922, Davis,    37,  1, 271819,      5,2,20040929,2200, 68.5373, -59.3455,  519,    103.5,   0.0523,  33.7406,2,   -999.0,9,     6.67,2,     9.22,2,     0.87,2,   -999.0,9,   -999.0,9,  -999.00,9, 20040929,     2200
  316N20040922, Davis,    37,  1, 271820,      6,2,20040929,2200, 68.5373, -59.3455,  519,     53.6,  -0.3007,  33.4624,2,   -999.0,9,     5.26,2,     6.48,2,     0.71,2,   -999.0,9,   -999.0,9,  -999.00,9, 20040929,     2200
  316N20040922, Davis,    37,  1, 271821,      7,2,20040929,2200, 68.5373, -59.3455,  519,      3.6,   2.1179,  32.4240,2,   -999.0,9,     2.44,2,     0.17,2,     0.37,2,   -999.0,9,   -999.0,9,  -999.00,9, 20040929,     2200
  316N20040922, Davis,    38,  1, 271822,      1,2,20040929,2324, 68.5698, -59.1005,  305,    291.2,   2.8851,  34.5197,2,   -999.0,9,    14.54,2,    14.51,2,     1.08,2,   -999.0,9,   -999.0,9,  -999.00,9, 20040929,     2324
  316N20040922, Davis,    38,  1, 271823,      2,2,20040929,2324, 68.5698, -59.1005,  305,    202.0,   2.2214,  34.2752,2,   -999.0,9,    10.47,2,    11.35,2,     0.90,2,   -999.0,9,   -999.0,9,  -999.00,9, 20040929,     2324
  316N20040922, Davis,    38,  1, 271824,      3,2,20040929,2324, 68.5698, -59.1005,  305,    102.6,  -0.7269,  33.6658,2,   -999.0,9,     7.92,2,    10.07,2,     0.91,2,   -999.0,9,   -999.0,9,  -999.00,9, 20040929,     2324
  316N20040922, Davis,    38,  1, 271825,      4,2,20040929,2324, 68.5698, -59.1005,  305,     52.9,  -0.7569,  33.4132,2,   -999.0,9,     5.64,2,     6.76,2,     0.75,2,   -999.0,9,   -999.0,9,  -999.00,9, 20040929,     2324
  316N20040922, Davis,    38,  1, 271826,      5,2,20040929,2324, 68.5698, -59.1005,  305,     33.0,   1.8739,  33.0345,2,   -999.0,9,     3.35,2,     2.01,2,     0.44,2,   -999.0,9,   -999.0,9,  -999.00,9, 20040929,     2324
  316N20040922, Davis,    38,  1, 271827,      6,2,20040929,2324, 68.5698, -59.1005,  305,      2.6,   2.1989,  32.3242,2,   -999.0,9,     2.42,2,     0.13,2,     0.36,2,   -999.0,9,   -999.0,9,  -999.00,9, 20040929,     2324
  316N20040922, Davis,    40,  1, 271828,      1,2,20040930,0408, 68.7447, -57.7147,  274,    282.1,   3.1809,  34.4621,2,   -999.0,9,    12.56,2,    14.97,2,     1.09,2,   -999.0,9,   -999.0,9,  -999.00,9, 20040930,      408
  316N20040922, Davis,    40,  1, 271829,      2,2,20040930,0408, 68.7447, -57.7147,  274,    202.5,   2.4182,  34.2832,2,   -999.0,9,     8.40,2,    12.94,2,     0.92,2,   -999.0,9,   -999.0,9,  -999.00,9, 20040930,      408
  316N20040922, Davis,    40,  1, 271830,      3,2,20040930,0408, 68.7447, -57.7147,  274,    102.7,   2.2041,  34.0320,2,   -999.0,9,     7.25,2,    10.40,2,     0.89,2,   -999.0,9,   -999.0,9,  -999.00,9, 20040930,      408
  316N20040922, Davis,    40,  1, 271831,      4,2,20040930,0408, 68.7447, -57.7147,  274,     52.6,   3.1657,  33.8777,2,   -999.0,9,     4.11,2,     6.15,2,     0.67,2,   -999.0,9,   -999.0,9,  -999.00,9, 20040930,      408
  316N20040922, Davis,    40,  1, 271832,      5,2,20040930,0408, 68.7447, -57.7147,  274,     32.8,   4.0053,  33.4277,2,   -999.0,9,     2.07,2,     1.99,2,     0.30,2,   -999.0,9,   -999.0,9,  -999.00,9, 20040930,      408
  316N20040922, Davis,    40,  1, 271833,      6,2,20040930,0408, 68.7447, -57.7147,  274,      2.8,   3.9593,  33.4171,2,   -999.0,9,     1.92,2,     1.81,2,     0.30,2,   -999.0,9,   -999.0,9,  -999.00,9, 20040930,      408
  316N20040922, Davis,    42,  1, 271834,      1,2,20040930,0819, 68.9198, -56.2855,  173,    166.8,   2.1688,  34.0591,2,   -999.0,9,     7.77,2,    11.18,2,     0.94,2,   -999.0,9,   -999.0,9,  -999.00,9, 20040930,      819
  316N20040922, Davis,    42,  1, 271835,      2,2,20040930,0819, 68.9198, -56.2855,  173,    102.5,   2.8572,  33.8508,2,   -999.0,9,     4.63,2,     6.31,2,     0.67,2,   -999.0,9,   -999.0,9,  -999.00,9, 20040930,      819
  316N20040922, Davis,    42,  1, 271836,      3,2,20040930,0819, 68.9198, -56.2855,  173,     52.7,   4.2467,  33.6411,2,   -999.0,9,     2.73,2,     2.83,2,     0.43,2,   -999.0,9,   -999.0,9,  -999.00,9, 20040930,      819
  316N20040922, Davis,    42,  1, 271837,      4,2,20040930,0819, 68.9198, -56.2855,  173,     32.8,   4.2498,  33.3674,2,   -999.0,9,     1.42,2,     0.94,2,     0.18,2,   -999.0,9,   -999.0,9,  -999.00,9, 20040930,      819
  316N20040922, Davis,    42,  1, 271838,      5,2,20040930,0819, 68.9198, -56.2855,  173,      4.0,   4.1073,  33.2795,2,   -999.0,9,     1.55,2,     0.83,2,     0.18,2,   -999.0,9,   -999.0,9,  -999.00,9, 20040930,      819
  316N20040922, Davis,    44,  1, 271839,      1,2,20040930,1206, 69.0932, -54.8898,  180,    174.9,   2.1400,  34.0285,2,   -999.0,9,     8.03,2,     9.90,2,     0.89,2,   -999.0,9,   -999.0,9,  -999.00,9, 20040930,     1206
  316N20040922, Davis,    44,  1, 271840,      2,2,20040930,1206, 69.0932, -54.8898,  180,    103.0,   3.1583,  33.8548,2,   -999.0,9,     5.15,2,     6.08,2,     0.73,2,   -999.0,9,   -999.0,9,  -999.00,9, 20040930,     1206
  316N20040922, Davis,    44,  1, 271841,      3,2,20040930,1206, 69.0932, -54.8898,  180,     53.1,   3.6024,  33.6116,2,   -999.0,9,     3.25,2,     3.64,2,     0.48,2,   -999.0,9,   -999.0,9,  -999.00,9, 20040930,     1206
  316N20040922, Davis,    44,  1, 271842,      4,2,20040930,1206, 69.0932, -54.8898,  180,     33.1,   4.2360,  33.4070,2,   -999.0,9,     2.00,2,     1.69,2,     0.33,2,   -999.0,9,   -999.0,9,  -999.00,9, 20040930,     1206
  316N20040922, Davis,    44,  1, 271843,      5,2,20040930,1206, 69.0932, -54.8898,  180,      3.9,   4.3583,  33.2759,2,   -999.0,9,     1.20,2,     0.59,2,     0.25,2,   -999.0,9,   -999.0,9,  -999.00,9, 20040930,     1206
  316N20040922, Davis,    45,  1, 271844,      1,2,20040930,1357, 69.1677, -54.3022,  115,    107.3,   3.3254,  33.7712,2,   -999.0,9,     5.08,2,     5.32,2,     0.70,2,   -999.0,9,   -999.0,9,  -999.00,9, 20040930,     1357
  316N20040922, Davis,    45,  1, 271845,      2,2,20040930,1357, 69.1677, -54.3022,  115,     53.1,   4.0790,  33.5594,2,   -999.0,9,     3.18,2,     3.07,2,     0.51,2,   -999.0,9,   -999.0,9,  -999.00,9, 20040930,     1357
END_DATA
