BOTTLE,20170831PRINUNIVRMK
# Processed by CCHDO on 2021-05-12, no changes
# 10/30/2017 Initialized README file  
# Data source: J. Jackson on 20170829  
# BOTTLE,20170803DFOBIOBP 
# SHIP: Hudson 
# Cruise:  
# Region: Davis Strait 
# EXPOCODE: 18HU20050904 
# DATES: 20050904 
# Chief Scientist: Brian Petrie 
# 63 stations with 24(?) place Rosette 
# CTD: Who - Craig Lee; Status - final 
# 	Includes: CTDSAL, CTDOXY 
# SALNTY: Who - ; Status -  
# 	Notes: 	only enough for calibration 
# 	No data in file 
# Nutrients: Who - ; Status - 
# 	Includes: nitrate, silicate, phopshpate 
# OXYGEN: Who - ?; Status - 
# 	Notes: only enough for calibration? 
# 	no data in file 
# TCARBN: Who - K.Azetsu-Scott; Status - final 
# 	Notes:  
# ALKALI: Who - K.Azetsu-Scott; Status - final 
# 	Notes:  
# O18: Who - ; Status - final 
# 	Notes:  
# These data should be cited as: 
# References that have used data from this cruise: 
EXPOCODE,SECT_ID,STNNBR,CASTNO,SAMPNO,BTLNBR,BTLNBR_FLAG_W,DATE,TIME,LATITUDE,LONGITUDE,DEPTH,CTDPRS,CTDTMP,CTDSAL,CTDSAL_FLAG_W,CTDOXY,CTDOXY_FLAG_W,SILCAT,SILCAT_FLAG_W,NITRAT,NITRAT_FLAG_W,PHSPHT,PHSPHT_FLAG_W,TCARBN,TCARBN_FLAG_W,ALKALI,ALKALI_FLAG_W,DELO18,DELO18_FLAG_W,BTL_DATE,BTL_TIME
,,,,,,,,,,,METERS,DBAR,ITS-90,PSS-78,,UMOL/KG,,UMOL/KG,,UMOL/KG,,UMOL/KG,,UMOL/KG,,UMOL/KG,,/MILLE,,,
  18HU20050904, Davis,     4,  1, 286601,      1,2,20050905,2147, 67.3025, -54.0347,   36,     30.1,   5.1445,  32.6772,2,    228.6,2,  -999.00,9,  -999.00,9,  -999.00,9,   -999.0,9,   -999.0,9,  -999.00,9, 20050905,     2147
  18HU20050904, Davis,     4,  1, 286602,      2,2,20050905,2147, 67.3025, -54.0347,   36,     10.7,   5.1228,  32.6528,2,    228.5,2,  -999.00,9,  -999.00,9,  -999.00,9,   -999.0,9,   -999.0,9,  -999.00,9, 20050905,     2149
  18HU20050904, Davis,     4,  1, 286603,      3,2,20050905,2147, 67.3025, -54.0347,   36,      2.3,   5.1212,  32.6514,2,    228.6,2,  -999.00,9,  -999.00,9,  -999.00,9,   -999.0,9,   -999.0,9,  -999.00,9, 20050905,     2150
  18HU20050904, Davis,     5,  1, 286604,      1,2,20050905,2312, 67.2633, -54.4793,   58,     52.5,   5.0347,  32.8260,2,    219.5,2,     3.93,2,     2.72,2,     0.67,2,   2049.4,2,   2204.2,2,    -0.90,2, 20050905,     2312
  18HU20050904, Davis,     5,  1, 286605,      2,2,20050905,2312, 67.2633, -54.4793,   58,     35.9,   5.1536,  32.6133,2,    228.3,2,     3.23,2,     2.82,2,     0.60,2,   -999.0,9,   -999.0,9,    -1.06,2, 20050905,     2314
  18HU20050904, Davis,     5,  1, 286606,      3,2,20050905,2312, 67.2633, -54.4793,   58,     20.1,   5.1771,  32.5980,2,    229.1,2,     2.69,2,     2.12,2,     0.53,2,   2026.1,2,   2189.3,2,  -999.00,9, 20050905,     2315
  18HU20050904, Davis,     5,  1, 286607,      4,2,20050905,2312, 67.2633, -54.4793,   58,     10.0,   5.1864,  32.5747,2,    230.3,2,     3.02,2,     2.45,2,     0.59,2,   -999.0,9,   -999.0,9,    -1.06,2, 20050905,     2316
  18HU20050904, Davis,     5,  1, 286608,      5,2,20050905,2312, 67.2633, -54.4793,   58,      2.7,   5.1919,  32.5387,2,    231.4,2,     2.88,2,     2.31,2,     0.56,2,   2028.1,2,   2164.1,2,    -1.05,2, 20050905,     2317
  18HU20050904, Davis,     6,  1, 286609,      1,2,20050906,0014, 67.2300, -54.8610,   58,     52.3,   5.0499,  32.9694,2,    214.6,2,  -999.00,9,  -999.00,9,  -999.00,9,   -999.0,9,   -999.0,9,  -999.00,9, 20050906,       14
  18HU20050904, Davis,     7,  1, 286610,      1,2,20050906,0122, 67.1922, -55.3170,   77,     70.5,   4.4627,  33.3863,2,    222.5,2,     3.40,2,     3.67,2,     0.66,2,   2075.9,2,   2224.8,2,    -0.46,2, 20050906,      122
  18HU20050904, Davis,     7,  1, 286611,      2,2,20050906,0122, 67.1922, -55.3170,   77,     51.2,   4.4875,  33.2971,2,    223.2,2,     3.48,2,     3.98,2,     0.71,2,   2069.0,2,   2232.2,2,    -0.61,2, 20050906,      124
  18HU20050904, Davis,     7,  1, 286612,      3,2,20050906,0122, 67.1922, -55.3170,   77,     29.4,   5.1042,  32.9260,2,    235.7,2,     1.60,2,     1.60,2,     0.41,2,   -999.0,9,   -999.0,9,    -0.61,2, 20050906,      125
  18HU20050904, Davis,     7,  1, 286613,      4,2,20050906,0122, 67.1922, -55.3170,   77,     19.8,   5.1135,  32.9078,2,    235.5,2,     1.76,2,     1.73,2,     0.46,2,   2036.5,2,   2210.9,2,    -0.72,2, 20050906,      126
  18HU20050904, Davis,     7,  1, 286614,      5,2,20050906,0122, 67.1922, -55.3170,   77,     10.6,   5.1227,  32.8862,2,    235.5,2,     1.48,2,     1.40,2,     0.36,2,   -999.0,9,   -999.0,9,    -0.81,2, 20050906,      127
  18HU20050904, Davis,     7,  1, 286615,      6,2,20050906,0122, 67.1922, -55.3170,   77,      2.6,   5.1286,  32.8768,2,    236.7,2,     1.50,2,     1.48,2,     0.36,2,   2032.4,2,   2183.3,2,    -0.83,2, 20050906,      128
  18HU20050904, Davis,     9,  1, 286620,      1,2,20050906,0420, 67.1615, -55.8302,  110,    107.8,   3.7766,  33.5846,2,    221.7,2,     4.38,2,     5.42,2,     0.83,2,   2096.4,2,   2285.2,2,    -0.13,2, 20050906,      420
  18HU20050904, Davis,     9,  1, 286621,      2,2,20050906,0420, 67.1615, -55.8302,  110,     50.0,   4.0124,  33.4260,2,    222.6,2,     3.56,2,     4.71,2,     0.69,2,   2083.8,2,   2224.4,2,    -0.47,2, 20050906,      423
  18HU20050904, Davis,     9,  1, 286622,      3,2,20050906,0420, 67.1615, -55.8302,  110,     30.1,   5.0136,  32.9957,2,    231.9,2,     2.06,2,     2.20,2,     0.44,2,   -999.0,9,   -999.0,9,    -0.76,2, 20050906,      425
  18HU20050904, Davis,     9,  1, 286623,      4,2,20050906,0420, 67.1615, -55.8302,  110,     20.1,   5.0132,  32.9937,2,    232.5,2,     1.98,2,     2.05,2,     0.43,2,   2044.7,2,   2227.6,2,    -0.75,2, 20050906,      426
  18HU20050904, Davis,     9,  1, 286624,      5,2,20050906,0420, 67.1615, -55.8302,  110,     10.3,   5.0098,  32.9832,2,    232.9,2,     2.01,2,     2.41,2,     0.42,2,   -999.0,9,   -999.0,9,    -0.76,2, 20050906,      428
  18HU20050904, Davis,     9,  1, 286625,      6,2,20050906,0420, 67.1615, -55.8302,  110,      1.0,   5.0050,  32.9769,2,    233.4,2,     1.80,2,     1.93,2,     0.40,2,   2035.9,2,   2229.0,2,    -0.72,2, 20050906,      429
  18HU20050904, Davis,    12,  1, 286626,      1,2,20050907,0108, 67.1150, -56.3150,  159,    157.8,   3.3398,  34.1316,2,    219.6,2,     5.33,2,     9.84,2,     0.99,2,   2126.5,2,   2277.6,2,    -0.17,2, 20050907,      108
  18HU20050904, Davis,    12,  1, 286627,      2,2,20050907,0108, 67.1150, -56.3150,  159,    100.3,   3.3505,  33.9635,2,    223.9,2,     4.65,2,     8.99,2,     0.93,2,   2116.1,2,   2272.0,2,    -0.11,2, 20050907,      111
  18HU20050904, Davis,    12,  1, 286628,      3,2,20050907,0108, 67.1150, -56.3150,  159,     51.4,   4.9981,  33.5072,2,    231.2,2,     2.31,2,     2.25,2,     0.49,2,   2057.2,2,   2238.4,2,    -0.31,2, 20050907,      114
  18HU20050904, Davis,    12,  1, 286629,      4,2,20050907,0108, 67.1150, -56.3150,  159,     31.0,   5.2841,  33.3051,2,    233.2,2,     1.61,2,     1.24,2,     0.33,2,   -999.0,9,   -999.0,9,    -0.55,2, 20050907,      116
  18HU20050904, Davis,    12,  1, 286630,      5,2,20050907,0108, 67.1150, -56.3150,  159,     20.5,   5.2971,  33.0384,2,    240.2,2,     1.07,2,     0.52,2,     0.24,2,   2026.3,2,   2223.3,2,    -0.66,2, 20050907,      117
  18HU20050904, Davis,    12,  1, 286631,      6,2,20050907,0108, 67.1150, -56.3150,  159,     10.3,   5.3083,  32.9595,2,    238.1,2,     1.03,2,     0.53,2,     0.47,2,   -999.0,9,   -999.0,9,    -0.68,2, 20050907,      118
  18HU20050904, Davis,    12,  1, 286632,      7,2,20050907,0108, 67.1150, -56.3150,  159,      1.7,   5.3054,  32.9555,2,    237.3,2,     1.07,2,     0.58,2,     0.24,2,   2053.5,2,   2172.0,2,    -0.70,2, 20050907,      119
  18HU20050904, Davis,    13,  1, 286633,      1,2,20050907,0230, 67.0778, -56.6815,  385,    381.0,   4.3416,  34.6352,2,    211.9,2,     7.97,2,    14.59,2,     1.19,2,   2154.6,2,   2296.7,2,     0.34,2, 20050907,      230
  18HU20050904, Davis,    13,  1, 286634,      2,2,20050907,0230, 67.0778, -56.6815,  385,    300.1,   4.2811,  34.5849,2,    214.5,2,     6.83,2,    12.89,2,     1.15,2,   2149.1,2,   2311.5,2,  -999.00,9, 20050907,      234
  18HU20050904, Davis,    13,  1, 286635,      3,2,20050907,0230, 67.0778, -56.6815,  385,    250.3,   3.7660,  34.4436,2,    220.1,2,  -999.00,9,  -999.00,9,  -999.00,9,   -999.0,9,   -999.0,9,  -999.00,9, 20050907,      236
  18HU20050904, Davis,    13,  1, 286636,      4,2,20050907,0230, 67.0778, -56.6815,  385,    200.3,   4.2179,  34.4156,2,    216.4,2,     5.48,2,    11.04,2,     1.03,2,   2136.7,2,   2298.9,2,     0.07,2, 20050907,      239
  18HU20050904, Davis,    13,  1, 286637,      5,2,20050907,0230, 67.0778, -56.6815,  385,    150.8,   2.6245,  34.1472,2,    214.6,2,  -999.00,9,  -999.00,9,  -999.00,9,   -999.0,9,   -999.0,9,  -999.00,9, 20050907,      242
  18HU20050904, Davis,    13,  1, 286638,      6,2,20050907,0230, 67.0778, -56.6815,  385,    100.9,   0.8498,  33.7542,2,    215.5,2,     9.56,2,    10.73,2,     1.18,2,   2150.0,2,   2266.8,2,    -0.41,2, 20050907,      245
  18HU20050904, Davis,    13,  1, 286639,      7,2,20050907,0230, 67.0778, -56.6815,  385,     50.5,   4.1988,  33.8025,2,    228.5,2,     2.98,2,     4.51,2,     1.67,3,   2092.9,2,   2260.8,2,    -0.26,2, 20050907,      247
  18HU20050904, Davis,    13,  1, 286640,      8,2,20050907,0230, 67.0778, -56.6815,  385,     30.0,   5.1050,  33.5293,2,    229.3,2,     2.12,2,     2.23,2,     0.55,2,   -999.0,9,   -999.0,9,    -0.27,2, 20050907,      249
  18HU20050904, Davis,    13,  1, 286641,      9,2,20050907,0230, 67.0778, -56.6815,  385,     20.6,   5.1471,  33.2788,2,    233.3,2,     1.86,2,     1.02,2,     0.37,2,   2056.9,2,   2191.4,2,    -0.57,2, 20050907,      250
  18HU20050904, Davis,    13,  1, 286642,     10,2,20050907,0230, 67.0778, -56.6815,  385,     10.0,   5.1541,  33.2785,2,    233.7,2,     1.73,2,     0.99,2,     0.35,2,   -999.0,9,   -999.0,9,    -0.57,2, 20050907,      251
  18HU20050904, Davis,    13,  1, 286643,     11,2,20050907,0230, 67.0778, -56.6815,  385,      2.4,   5.1507,  33.2780,2,    233.6,2,     1.69,2,     0.95,2,     0.34,2,   2045.4,2,   2205.5,2,    -0.59,2, 20050907,      252
  18HU20050904, Davis,    15,  1, 286649,      1,2,20050907,0603, 67.0455, -57.0352,  680,    668.8,   2.3669,  34.4642,2,    171.9,2,    20.65,2,    16.03,2,     1.38,2,   2190.3,2,   2277.8,2,     0.02,2, 20050907,      603
  18HU20050904, Davis,    15,  1, 286650,      2,2,20050907,0603, 67.0455, -57.0352,  680,    605.2,   2.3188,  34.4540,2,    172.0,2,    20.65,2,    16.46,2,     1.37,2,   2192.4,2,   2288.1,2,  -999.00,9, 20050907,      607
  18HU20050904, Davis,    15,  1, 286651,      3,2,20050907,0603, 67.0455, -57.0352,  680,    503.9,   1.6853,  34.3432,2,    169.5,2,    20.76,2,    15.60,2,     1.37,2,   2193.1,2,   2268.1,2,  -999.00,9, 20050907,      611
  18HU20050904, Davis,    15,  1, 286652,      4,2,20050907,0603, 67.0455, -57.0352,  680,    401.5,   2.8544,  34.4465,2,    184.2,2,    14.44,2,    14.95,2,     1.32,2,   2175.5,2,   2280.1,2,     0.01,2, 20050907,      616
  18HU20050904, Davis,    15,  1, 286653,      5,2,20050907,0603, 67.0455, -57.0352,  680,    302.4,   1.9322,  34.2805,2,    179.1,2,    15.70,2,    14.18,2,     1.29,2,   2182.1,2,   2268.3,2,  -999.00,9, 20050907,      620
  18HU20050904, Davis,    15,  1, 286654,      6,2,20050907,0603, 67.0455, -57.0352,  680,    250.7,   1.2898,  34.1719,2,    172.7,2,  -999.00,9,  -999.00,9,  -999.00,9,   -999.0,9,   -999.0,9,  -999.00,9, 20050907,      623
  18HU20050904, Davis,    15,  1, 286655,      7,2,20050907,0603, 67.0455, -57.0352,  680,    201.5,   1.7175,  34.1162,2,    193.7,2,    10.62,2,    11.32,2,     1.12,2,   2168.6,2,   2251.4,2,  -999.00,9, 20050907,      626
  18HU20050904, Davis,    15,  1, 286656,      8,2,20050907,0603, 67.0455, -57.0352,  680,    151.3,   3.3903,  34.1949,2,    223.9,2,  -999.00,9,  -999.00,9,  -999.00,9,   -999.0,9,   -999.0,9,  -999.00,9, 20050907,      628
  18HU20050904, Davis,    15,  1, 286657,      9,2,20050907,0603, 67.0455, -57.0352,  680,    100.7,   3.8576,  34.0402,2,    224.0,2,     3.54,2,     7.60,2,     0.81,2,   2110.4,2,   2246.9,2,    -0.14,2, 20050907,      631
  18HU20050904, Davis,    15,  1, 286658,     10,2,20050907,0603, 67.0455, -57.0352,  680,     50.2,   5.0257,  33.5746,2,    228.1,2,     2.15,2,     2.89,2,     0.59,2,   2069.0,2,   2221.2,2,    -0.09,2, 20050907,      633
  18HU20050904, Davis,    15,  1, 286659,     11,2,20050907,0603, 67.0455, -57.0352,  680,     30.7,   5.1152,  33.3481,2,    230.7,2,     1.76,2,     1.45,2,     0.41,2,   -999.0,9,   -999.0,9,    -0.47,2, 20050907,      635
  18HU20050904, Davis,    15,  1, 286660,     12,2,20050907,0603, 67.0455, -57.0352,  680,     20.3,   4.8866,  33.2761,2,    233.2,2,     1.88,2,     1.32,2,     0.42,2,   2049.2,2,   2214.2,2,    -0.39,2, 20050907,      636
  18HU20050904, Davis,    15,  1, 286661,     13,2,20050907,0603, 67.0455, -57.0352,  680,     10.0,   4.9125,  33.2470,2,    233.7,2,     1.75,2,     1.68,2,     0.34,2,   -999.0,9,   -999.0,9,    -0.55,2, 20050907,      637
  18HU20050904, Davis,    15,  1, 286662,     14,2,20050907,0603, 67.0455, -57.0352,  680,      2.7,   5.0473,  33.2509,2,    233.5,2,     1.59,2,     1.12,2,     0.37,2,   2041.6,2,   2205.5,2,    -0.55,2, 20050907,      638
  18HU20050904, Davis,    21,  1, 286663,      1,2,20050907,2203, 66.9358, -58.3768, 1037,   1019.1,   0.7768,  34.3349,2,    134.6,2,  -999.00,9,  -999.00,9,  -999.00,9,   -999.0,9,   -999.0,9,  -999.00,9, 20050907,     2203
  18HU20050904, Davis,    22,  1, 286664,      1,2,20050908,0027, 66.8517, -59.0553, 1061,   1043.7,   0.8976,  34.3355,2,    140.5,2,    37.84,2,    18.07,2,     1.58,2,   2216.9,2,   2264.5,2,    -0.19,2, 20050908,       27
  18HU20050904, Davis,    22,  1, 286665,      2,2,20050908,0027, 66.8517, -59.0553, 1061,    900.1,   0.9982,  34.3318,2,    147.0,2,    33.11,2,    16.46,2,     1.51,2,   2209.0,2,   2269.9,2,  -999.00,9, 20050908,       33
  18HU20050904, Davis,    22,  1, 286666,      3,2,20050908,0027, 66.8517, -59.0553, 1061,    799.5,   1.0967,  34.3241,2,    154.3,2,    29.43,2,    16.78,2,     1.48,2,   2204.7,2,   2275.4,2,  -999.00,9, 20050908,       36
  18HU20050904, Davis,    22,  1, 286667,      4,2,20050908,0027, 66.8517, -59.0553, 1061,    700.2,   1.3388,  34.3328,2,    160.5,2,    24.39,2,    15.83,2,     1.42,2,   2197.1,2,   2263.0,2,  -999.00,9, 20050908,       39
  18HU20050904, Davis,    22,  1, 286668,      5,2,20050908,0027, 66.8517, -59.0553, 1061,    599.4,   1.5833,  34.3370,2,    165.8,2,    20.06,2,    14.71,2,     1.34,2,   2194.6,2,   2279.9,2,  -999.00,9, 20050908,       42
  18HU20050904, Davis,    22,  1, 286669,      6,2,20050908,0027, 66.8517, -59.0553, 1061,    501.8,   1.4124,  34.2775,2,    167.7,2,    22.07,2,    16.67,2,     1.45,2,   2190.6,2,   2273.1,2,    -0.16,2, 20050908,       45
  18HU20050904, Davis,    22,  1, 286670,      7,2,20050908,0027, 66.8517, -59.0553, 1061,    399.6,   1.9504,  34.2658,2,    179.1,2,    15.11,2,    13.94,2,     1.23,2,   2181.1,2,   2280.8,2,  -999.00,9, 20050908,       48
  18HU20050904, Davis,    22,  1, 286671,      8,2,20050908,0027, 66.8517, -59.0553, 1061,    301.2,   2.3061,  34.1986,2,    194.6,2,    10.59,2,    12.83,2,     1.14,2,   2163.2,2,   2261.7,2,  -999.00,9, 20050908,       51
  18HU20050904, Davis,    22,  1, 286672,      9,2,20050908,0027, 66.8517, -59.0553, 1061,    250.9,   0.7003,  33.9195,2,    182.5,2,  -999.00,9,  -999.00,9,  -999.00,9,   -999.0,9,   -999.0,9,  -999.00,9, 20050908,       53
  18HU20050904, Davis,    22,  1, 286673,     10,2,20050908,0027, 66.8517, -59.0553, 1061,    200.0,  -0.6145,  33.6486,2,    199.2,2,    10.62,2,     9.63,2,     1.08,2,   2170.3,2,   2248.8,2,  -999.00,9, 20050908,       55
  18HU20050904, Davis,    22,  1, 286674,     11,2,20050908,0027, 66.8517, -59.0553, 1061,    150.7,  -1.3729,  33.4646,2,    216.6,2,  -999.00,9,  -999.00,9,  -999.00,9,   -999.0,9,   -999.0,9,  -999.00,9, 20050908,       57
  18HU20050904, Davis,    22,  1, 286675,     12,2,20050908,0027, 66.8517, -59.0553, 1061,     99.7,  -1.6139,  33.2155,2,    229.6,2,     9.84,2,     7.59,2,     1.09,2,   2150.9,2,   2242.7,2,    -1.05,2, 20050908,       59
  18HU20050904, Davis,    22,  1, 286676,     13,2,20050908,0027, 66.8517, -59.0553, 1061,     50.9,  -1.6623,  32.9547,2,    236.1,2,    11.02,2,     7.48,2,     1.17,2,   2149.9,2,   2230.6,2,    -1.51,2, 20050908,      101
  18HU20050904, Davis,    22,  1, 286677,     14,2,20050908,0027, 66.8517, -59.0553, 1061,     30.4,  -1.5649,  32.7213,2,    245.5,2,     9.22,2,     4.95,2,     1.08,2,   -999.0,9,   -999.0,9,    -1.70,2, 20050908,      102
  18HU20050904, Davis,    22,  1, 286678,     15,2,20050908,0027, 66.8517, -59.0553, 1061,     21.3,   0.0497,  32.1904,2,    289.9,2,     2.79,2,     0.92,2,     0.77,2,   2063.3,2,   2180.4,2,    -1.67,2, 20050908,      103
  18HU20050904, Davis,    22,  1, 286679,     16,2,20050908,0027, 66.8517, -59.0553, 1061,     11.2,   2.4381,  31.8815,2,    251.6,2,     4.09,2,     0.76,2,     0.60,2,   -999.0,9,   -999.0,9,    -1.12,2, 20050908,      104
  18HU20050904, Davis,    22,  1, 286680,     17,2,20050908,0027, 66.8517, -59.0553, 1061,      2.5,   2.5055,  31.8874,2,    250.4,2,     3.88,2,     0.58,2,     0.58,2,   2020.2,2,   2157.6,2,    -1.35,2, 20050908,      105
  18HU20050904, Davis,    24,  1, 286685,      1,2,20050908,0521, 66.8250, -59.6182,  941,    920.1,   1.0818,  34.3288,2,    151.1,2,  -999.00,9,  -999.00,9,  -999.00,9,   -999.0,9,   -999.0,9,  -999.00,9, 20050908,      521
  18HU20050904, Davis,    25,  1, 286686,      1,2,20050908,0711, 66.7582, -60.0695,  677,    652.8,   1.1168,  34.2391,2,    165.7,2,    21.04,2,    14.47,2,     1.31,2,   2198.4,2,   2279.7,2,    -0.18,2, 20050908,      711
  18HU20050904, Davis,    25,  1, 286687,      2,2,20050908,0711, 66.7582, -60.0695,  677,    504.8,   1.0199,  34.1996,2,    165.7,2,    23.02,2,    16.06,2,     1.43,2,   2201.6,2,   2272.2,2,  -999.00,9, 20050908,      715
  18HU20050904, Davis,    25,  1, 286688,      3,2,20050908,0711, 66.7582, -60.0695,  677,    400.2,   0.8842,  34.1146,2,    168.5,2,    18.69,2,    13.91,2,     1.30,2,   2192.3,2,   2281.8,2,    -0.31,2, 20050908,      717
  18HU20050904, Davis,    25,  1, 286689,      4,2,20050908,0711, 66.7582, -60.0695,  677,    302.2,   0.3602,  33.8817,2,    176.3,2,    14.24,2,    11.66,2,     1.22,2,   2187.1,2,   2255.1,2,  -999.00,9, 20050908,      720
  18HU20050904, Davis,    25,  1, 286690,      5,2,20050908,0711, 66.7582, -60.0695,  677,    251.6,  -0.4832,  33.6925,2,    191.9,2,  -999.00,9,  -999.00,9,  -999.00,9,   -999.0,9,   -999.0,9,  -999.00,9, 20050908,      723
  18HU20050904, Davis,    25,  1, 286691,      6,2,20050908,0711, 66.7582, -60.0695,  677,    201.5,  -1.4789,  33.5243,2,    218.0,2,  -999.00,9,  -999.00,9,  -999.00,9,   2168.8,2,   2271.5,2,  -999.00,9, 20050908,      725
  18HU20050904, Davis,    25,  1, 286692,      7,2,20050908,0711, 66.7582, -60.0695,  677,    151.8,  -1.5388,  33.3716,2,    225.1,2,  -999.00,9,  -999.00,9,  -999.00,9,   -999.0,9,   -999.0,9,  -999.00,9, 20050908,      727
  18HU20050904, Davis,    25,  1, 286693,      8,2,20050908,0711, 66.7582, -60.0695,  677,    101.4,  -1.6092,  33.1582,2,    227.7,2,    12.95,2,     8.85,2,     1.23,2,   2158.0,2,   2241.1,2,    -1.28,2, 20050908,      729
  18HU20050904, Davis,    25,  1, 286694,      9,2,20050908,0711, 66.7582, -60.0695,  677,     50.6,  -1.4797,  32.8515,2,    229.7,2,    12.46,2,     7.38,2,     1.15,2,   2153.5,2,   2228.0,2,    -1.52,2, 20050908,      732
  18HU20050904, Davis,    25,  1, 286695,     10,2,20050908,0711, 66.7582, -60.0695,  677,     30.7,  -1.4379,  32.6482,2,    248.7,2,    10.87,2,     5.48,2,     1.08,2,   -999.0,9,   -999.0,9,    -1.70,2, 20050908,      733
  18HU20050904, Davis,    25,  1, 286696,     11,2,20050908,0711, 66.7582, -60.0695,  677,     21.0,  -0.5355,  32.4739,2,    295.4,2,     2.59,2,     0.80,2,     0.82,2,   2118.9,2,   2191.4,2,    -1.76,2, 20050908,      734
  18HU20050904, Davis,    25,  1, 286697,     12,2,20050908,0711, 66.7582, -60.0695,  677,     10.9,   1.5546,  30.6516,2,    263.7,2,     3.58,2,     0.36,2,     0.59,2,   -999.0,9,   -999.0,9,    -1.82,2, 20050908,      735
  18HU20050904, Davis,    25,  1, 286698,     13,2,20050908,0711, 66.7582, -60.0695,  677,      2.6,   1.5733,  30.6303,2,    263.0,2,     3.44,2,     0.37,2,     0.64,2,   1968.6,2,   2103.9,2,  -999.00,9, 20050908,      737
  18HU20050904, Davis,    33,  1, 286703,      1,2,20050909,0308, 66.7932, -60.0028,  741,    724.6,   1.1869,  34.2793,2,    164.7,2,  -999.00,9,  -999.00,9,  -999.00,9,   -999.0,9,   -999.0,9,  -999.00,9, 20050909,      308
  18HU20050904, Davis,    36,  1, 286710,      1,2,20050909,0705, 66.7302, -60.4727,  550,    534.0,   1.0556,  34.2079,2,    167.6,2,  -999.00,9,  -999.00,9,  -999.00,9,   -999.0,9,   -999.0,9,  -999.00,9, 20050909,      705
  18HU20050904, Davis,    38,  1, 286711,      1,2,20050910,2142, 66.6528, -61.2580,   63,     55.5,  -1.3681,  32.7555,2,    238.0,2,  -999.00,9,  -999.00,9,  -999.00,9,   -999.0,9,   -999.0,9,  -999.00,9, 20050910,     2142
  18HU20050904, Davis,    39,  1, 286712,      1,2,20050910,2245, 66.6743, -60.9723,  387,    374.1,   0.1860,  33.8728,2,    178.5,2,    16.47,2,    12.32,2,     1.21,2,   -999.0,9,   -999.0,9,  -999.00,9, 20050910,     2245
  18HU20050904, Davis,    39,  1, 286713,      2,2,20050910,2245, 66.6743, -60.9723,  387,    300.7,  -0.6769,  33.6481,2,    197.3,2,    14.78,2,    12.24,2,     1.18,2,   2175.1,2,   2243.7,2,    -0.77,2, 20050910,     2248
  18HU20050904, Davis,    39,  1, 286714,      3,2,20050910,2245, 66.6743, -60.9723,  387,    250.3,  -1.1283,  33.5262,2,    210.5,2,  -999.00,9,  -999.00,9,  -999.00,9,   -999.0,9,   -999.0,9,  -999.00,9, 20050910,     2251
  18HU20050904, Davis,    39,  1, 286715,      4,2,20050910,2245, 66.6743, -60.9723,  387,    196.2,  -1.3779,  33.3506,2,    222.6,2,    10.82,2,     7.91,2,     0.96,2,   2163.5,2,   2234.9,2,  -999.00,9, 20050910,     2253
  18HU20050904, Davis,    39,  1, 286716,      5,2,20050910,2245, 66.6743, -60.9723,  387,    154.8,  -1.4034,  33.2321,2,    221.7,2,  -999.00,9,  -999.00,9,  -999.00,9,   -999.0,9,   -999.0,9,  -999.00,9, 20050910,     2255
  18HU20050904, Davis,    39,  1, 286717,      6,2,20050910,2245, 66.6743, -60.9723,  387,    100.8,  -1.4325,  33.0632,2,    224.2,2,    11.85,2,     8.18,2,     1.08,2,   2158.6,2,   2247.2,2,  -999.00,9, 20050910,     2257
  18HU20050904, Davis,    39,  1, 286718,      7,2,20050910,2245, 66.6743, -60.9723,  387,     49.3,  -1.4185,  32.7017,2,    239.1,2,    10.97,2,     6.94,2,     1.14,2,   2143.4,2,   2249.0,2,    -1.61,2, 20050910,     2259
  18HU20050904, Davis,    39,  1, 286719,      8,2,20050910,2245, 66.6743, -60.9723,  387,     30.1,  -0.5397,  32.2280,2,    270.1,2,     4.55,2,     1.99,2,     0.86,2,   -999.0,9,   -999.0,9,  -999.00,9, 20050910,     2300
  18HU20050904, Davis,    39,  1, 286720,      9,2,20050910,2245, 66.6743, -60.9723,  387,     19.5,   1.1233,  31.5638,2,    280.8,2,     1.79,2,     0.57,2,     0.66,2,   2051.3,2,   2194.2,2,    -1.93,2, 20050910,     2301
  18HU20050904, Davis,    39,  1, 286721,     10,2,20050910,2245, 66.6743, -60.9723,  387,     10.2,   2.6439,  30.7900,2,    256.5,2,     2.62,2,     0.56,2,     0.64,2,   -999.0,9,   -999.0,9,    -1.95,2, 20050910,     2302
  18HU20050904, Davis,    39,  1, 286722,     11,2,20050910,2245, 66.6743, -60.9723,  387,      3.0,   2.7884,  30.7588,2,    255.1,2,     2.76,2,     0.51,2,     0.65,2,   1986.0,2,   2146.8,2,    -1.92,2, 20050910,     2303
  18HU20050904, Davis,    41,  1, 286727,      1,2,20050911,0118, 66.6935, -60.8097,  451,    435.5,   0.7979,  34.0973,2,    169.8,2,    18.27,2,    13.18,2,     1.19,2,   2249.4,3,   2264.6,2,    -0.29,2, 20050911,      118
  18HU20050904, Davis,    41,  1, 286728,      2,2,20050911,0118, 66.6935, -60.8097,  451,    400.2,   0.4251,  33.9473,2,    174.9,2,    14.29,2,    10.86,3,     1.02,3,   2194.1,2,   2218.5,3,  -999.00,9, 20050911,      120
  18HU20050904, Davis,    41,  1, 286729,      3,2,20050911,0118, 66.6935, -60.8097,  451,    301.7,  -0.4940,  33.6901,2,    193.4,2,    14.07,2,    11.62,2,     1.09,2,   2183.1,2,   2265.7,2,  -999.00,9, 20050911,      122
  18HU20050904, Davis,    41,  1, 286730,      4,2,20050911,0118, 66.6935, -60.8097,  451,    200.8,  -1.2322,  33.3996,2,    215.5,2,    12.16,2,     9.57,2,     1.13,2,   2169.4,2,   2233.9,2,  -999.00,9, 20050911,      125
  18HU20050904, Davis,    41,  1, 286731,      5,2,20050911,0118, 66.6935, -60.8097,  451,     99.6,  -1.4789,  33.0255,2,    227.5,2,    10.79,2,     7.09,2,     0.99,2,   2159.0,2,   2232.3,2,    -1.36,2, 20050911,      128
  18HU20050904, Davis,    41,  1, 286732,      6,2,20050911,0118, 66.6935, -60.8097,  451,     50.6,  -1.4625,  32.7236,2,    232.6,2,    11.67,2,     7.06,2,     1.08,2,   2153.0,2,   2238.2,2,    -1.61,2, 20050911,      130
  18HU20050904, Davis,    41,  1, 286733,      7,2,20050911,0118, 66.6935, -60.8097,  451,     30.4,  -0.8688,  32.4307,2,    273.7,2,     4.69,2,     2.69,2,     0.94,2,   -999.0,9,   -999.0,9,    -1.07,2, 20050911,      132
  18HU20050904, Davis,    41,  1, 286734,      8,2,20050911,0118, 66.6935, -60.8097,  451,     20.5,   1.2962,  31.6329,2,    282.5,2,     1.80,2,     0.54,2,     0.70,2,   2034.2,2,   2192.8,2,    -1.92,2, 20050911,      133
  18HU20050904, Davis,    41,  1, 286735,      9,2,20050911,0118, 66.6935, -60.8097,  451,     10.8,   2.6258,  30.7308,2,    256.4,2,     2.58,2,     0.56,2,     0.60,2,   -999.0,9,   -999.0,9,    -1.92,2, 20050911,      134
  18HU20050904, Davis,    41,  1, 286736,     10,2,20050911,0118, 66.6935, -60.8097,  451,      2.8,   2.7010,  30.6293,2,    255.4,2,     2.28,2,     0.51,2,     0.54,2,   1979.8,2,   2102.7,2,    -1.90,2, 20050911,      135
  18HU20050904, Davis,    42,  1, 286737,      1,2,20050911,0836, 67.4687, -63.1515,   57,     49.2,  -1.4364,  32.6176,2,    247.5,2,     7.19,2,     4.60,2,     1.02,2,   2137.8,2,   2216.3,2,    -1.69,2, 20050911,      836
  18HU20050904, Davis,    42,  1, 286738,      2,2,20050911,0836, 67.4687, -63.1515,   57,     31.1,  -1.3369,  32.5061,2,    257.4,2,     5.71,2,     3.76,2,     0.97,2,   -999.0,9,   -999.0,9,    -1.82,2, 20050911,      837
  18HU20050904, Davis,    42,  1, 286739,      3,2,20050911,0836, 67.4687, -63.1515,   57,     20.7,   0.3877,  31.4127,2,    285.7,2,     0.73,2,     0.66,2,     0.65,2,   2040.8,2,   2146.6,2,    -1.99,2, 20050911,      839
  18HU20050904, Davis,    42,  1, 286740,      4,2,20050911,0836, 67.4687, -63.1515,   57,     10.7,   1.7377,  30.5805,2,    275.4,2,     0.49,2,     0.51,2,     0.69,2,   -999.0,9,   -999.0,9,    -2.15,2, 20050911,      840
  18HU20050904, Davis,    42,  1, 286741,      5,2,20050911,0836, 67.4687, -63.1515,   57,      2.3,   3.2859,  28.7496,3,    263.0,2,     0.27,2,     0.53,2,     0.49,2,   1871.9,2,   1968.1,2,    -2.75,2, 20050911,      841
  18HU20050904, Davis,    44,  1, 286742,      1,2,20050911,1113, 67.6257, -62.7670,  137,    124.3,  -1.4621,  32.9566,2,    228.6,2,     7.02,2,     4.63,2,     0.81,2,   2156.7,2,   2242.2,2,    -1.42,2, 20050911,     1113
  18HU20050904, Davis,    44,  1, 286743,      2,2,20050911,1113, 67.6257, -62.7670,  137,    100.2,  -1.4694,  32.9222,2,    229.0,2,     8.08,2,     5.35,2,     0.87,2,   2157.6,2,   2245.0,2,    -1.47,2, 20050911,     1115
  18HU20050904, Davis,    44,  1, 286744,      3,2,20050911,1113, 67.6257, -62.7670,  137,     50.3,  -1.1456,  32.5242,2,    252.3,2,     6.78,2,     4.05,2,     0.85,2,   2130.8,2,   2229.1,2,  -999.00,9, 20050911,     1118
  18HU20050904, Davis,    44,  1, 286745,      4,2,20050911,1113, 67.6257, -62.7670,  137,     30.5,   0.4837,  31.8585,2,    279.4,2,     1.80,2,     0.86,2,     0.65,2,   -999.0,9,   -999.0,9,    -1.95,2, 20050911,     1121
  18HU20050904, Davis,    44,  1, 286746,      5,2,20050911,1113, 67.6257, -62.7670,  137,     20.3,   2.7196,  31.3857,2,    260.0,2,     0.95,2,     0.61,2,     0.49,2,   2023.9,2,   2157.3,2,    -1.97,2, 20050911,     1123
  18HU20050904, Davis,    44,  1, 286747,      6,2,20050911,1113, 67.6257, -62.7670,  137,      8.9,   3.1345,  30.9563,2,    257.2,2,     0.76,2,     0.58,2,     0.57,2,   -999.0,9,   -999.0,9,    -2.08,2, 20050911,     1126
  18HU20050904, Davis,    44,  1, 286748,      7,2,20050911,1113, 67.6257, -62.7670,  137,      2.3,   3.1913,  30.9373,2,    255.5,2,     0.60,2,     0.68,2,     0.44,2,   1994.4,2,   2129.8,2,    -2.14,2, 20050911,     1128
  18HU20050904, Davis,    45,  1, 286749,      1,2,20050911,1229, 67.6772, -62.6083,  677,    659.8,   1.1212,  34.2651,2,    166.7,2,    19.42,2,    12.75,2,     1.18,2,   2205.3,2,   2319.9,2,    -0.16,2, 20050911,     1229
  18HU20050904, Davis,    45,  1, 286750,      2,2,20050911,1229, 67.6772, -62.6083,  677,    500.9,   0.8787,  34.1206,2,    169.8,2,    20.60,2,    14.94,2,     1.24,2,   2198.4,2,   2258.6,2,  -999.00,9, 20050911,     1236
  18HU20050904, Davis,    45,  1, 286751,      3,2,20050911,1229, 67.6772, -62.6083,  677,    401.0,   0.2054,  33.8822,2,    180.0,2,    16.55,2,    12.85,2,     1.15,2,   2192.4,2,   2135.6,3,    -0.41,2, 20050911,     1241
  18HU20050904, Davis,    45,  1, 286752,      4,2,20050911,1229, 67.6772, -62.6083,  677,    300.6,  -1.0429,  33.5551,2,    207.9,2,    12.24,2,     9.77,2,     1.05,2,   2170.4,2,   2272.6,2,  -999.00,9, 20050911,     1246
  18HU20050904, Davis,    45,  1, 286753,      5,2,20050911,1229, 67.6772, -62.6083,  677,    200.6,  -1.4544,  33.3356,2,    222.6,2,     9.34,2,     6.76,2,     0.91,2,   2160.0,2,   2267.3,2,  -999.00,9, 20050911,     1251
  18HU20050904, Davis,    45,  1, 286754,      6,2,20050911,1229, 67.6772, -62.6083,  677,    100.3,  -1.4856,  33.0040,2,    225.2,2,    11.84,2,     7.73,2,     1.10,2,   2155.4,2,   2280.8,2,    -1.40,2, 20050911,     1256
  18HU20050904, Davis,    45,  1, 286755,      7,2,20050911,1229, 67.6772, -62.6083,  677,     50.6,  -1.2753,  32.5621,2,    244.8,2,    11.73,2,     6.63,2,     1.42,2,   2141.0,2,   2251.1,2,    -1.66,2, 20050911,     1300
  18HU20050904, Davis,    45,  1, 286756,      8,2,20050911,1229, 67.6772, -62.6083,  677,     30.2,   0.5723,  31.9266,2,    274.7,2,     2.68,2,     0.89,2,     0.83,2,   -999.0,9,   -999.0,9,    -1.65,2, 20050911,     1303
  18HU20050904, Davis,    45,  1, 286757,      9,2,20050911,1229, 67.6772, -62.6083,  677,     20.5,   2.5634,  31.4919,2,    263.5,2,     0.85,2,     0.61,2,     0.62,2,   2022.5,2,   2178.9,2,    -1.99,2, 20050911,     1305
  18HU20050904, Davis,    45,  1, 286758,     10,2,20050911,1229, 67.6772, -62.6083,  677,     10.6,   3.1673,  30.9827,2,    255.9,2,     1.22,2,     0.56,2,     0.74,2,   -999.0,9,   -999.0,9,    -1.54,2, 20050911,     1308
  18HU20050904, Davis,    45,  1, 286759,     11,2,20050911,1229, 67.6772, -62.6083,  677,      2.7,   3.1928,  30.8599,2,    255.5,2,     1.08,2,     0.57,2,     0.71,2,   1986.9,2,   2150.3,2,    -2.14,2, 20050911,     1310
  18HU20050904, Davis,    48,  1, 286760,      1,2,20050911,1738, 67.7682, -62.3612, 1019,   1008.7,   0.9440,  34.3398,2,    141.6,2,    30.32,2,    15.14,2,     1.33,2,   2215.9,2,   2284.3,2,    -0.09,2, 20050911,     1738
  18HU20050904, Davis,    48,  1, 286761,      2,2,20050911,1738, 67.7682, -62.3612, 1019,    900.1,   1.0653,  34.3331,2,    148.9,2,    33.25,2,    17.18,2,     1.42,2,   2204.2,2,   2282.5,2,  -999.00,9, 20050911,     1744
  18HU20050904, Davis,    48,  1, 286762,      3,2,20050911,1738, 67.7682, -62.3612, 1019,    799.4,   1.1406,  34.3137,2,    158.7,2,    28.76,2,    17.14,2,     1.41,2,   2201.1,2,   2291.7,2,  -999.00,9, 20050911,     1750
  18HU20050904, Davis,    48,  1, 286763,      4,2,20050911,1738, 67.7682, -62.3612, 1019,    698.6,   1.1742,  34.2901,2,    163.0,2,    25.95,2,    16.85,2,     1.39,2,   2198.1,2,   2291.6,2,  -999.00,9, 20050911,     1755
  18HU20050904, Davis,    48,  1, 286764,      5,2,20050911,1738, 67.7682, -62.3612, 1019,    599.3,   1.3148,  34.2718,2,    166.1,2,    21.27,2,    15.36,2,     1.30,2,   2194.7,2,   2323.5,3,  -999.00,9, 20050911,     1800
  18HU20050904, Davis,    48,  1, 286765,      6,2,20050911,1738, 67.7682, -62.3612, 1019,    499.2,   1.0126,  34.1854,2,    167.9,2,    19.74,2,    14.05,2,     1.26,2,   2194.8,2,   2306.8,3,    -0.20,2, 20050911,     1805
  18HU20050904, Davis,    48,  1, 286766,      7,2,20050911,1738, 67.7682, -62.3612, 1019,    399.6,   0.9702,  34.1038,2,    168.6,2,    17.46,2,    13.25,2,     1.23,2,   2192.8,2,   2284.5,2,  -999.00,9, 20050911,     1810
  18HU20050904, Davis,    48,  1, 286767,      8,2,20050911,1738, 67.7682, -62.3612, 1019,    299.1,   0.2741,  33.8602,2,    177.6,2,    14.63,2,    12.47,2,     1.16,2,   2186.2,2,   2275.5,2,  -999.00,9, 20050911,     1816
  18HU20050904, Davis,    48,  1, 286768,      9,2,20050911,1738, 67.7682, -62.3612, 1019,    199.6,  -1.4745,  33.5429,2,    217.4,2,    10.81,2,     9.55,2,     1.08,2,   2163.2,2,   2288.9,2,  -999.00,9, 20050911,     1821
  18HU20050904, Davis,    48,  1, 286769,     10,2,20050911,1738, 67.7682, -62.3612, 1019,    100.4,  -1.5416,  33.2964,2,    227.4,2,    10.64,2,     7.88,2,     1.06,2,   2158.7,2,   2272.2,2,    -1.25,2, 20050911,     1827
  18HU20050904, Davis,    48,  1, 286770,     11,2,20050911,1738, 67.7682, -62.3612, 1019,     47.5,  -1.2405,  32.9464,2,    226.0,2,    14.30,2,     8.72,2,     1.25,2,   2151.3,2,   2246.4,2,  -999.00,9, 20050911,     1832
  18HU20050904, Davis,    48,  1, 286771,     12,2,20050911,1738, 67.7682, -62.3612, 1019,     32.9,  -0.6570,  32.7650,2,    272.9,2,     2.59,2,     1.54,2,     0.84,2,   -999.0,9,   -999.0,9,    -1.34,2, 20050911,     1834
  18HU20050904, Davis,    48,  1, 286772,     13,2,20050911,1738, 67.7682, -62.3612, 1019,     20.2,   1.7004,  32.1367,2,    281.6,2,     0.70,2,     0.49,2,     0.63,2,   2032.4,2,   2187.6,2,    -1.24,2, 20050911,     1837
  18HU20050904, Davis,    48,  1, 286773,     14,2,20050911,1738, 67.7682, -62.3612, 1019,     10.0,   3.2223,  31.0080,2,    251.2,2,     3.58,2,     0.52,2,     0.70,2,   -999.0,9,   -999.0,9,    -1.94,2, 20050911,     1839
  18HU20050904, Davis,    48,  1, 286774,     15,2,20050911,1738, 67.7682, -62.3612, 1019,      2.3,   3.2187,  31.0062,2,    250.9,2,     3.21,2,     0.48,2,     0.65,2,   1994.6,2,   2143.9,2,    -1.90,2, 20050911,     1841
  18HU20050904, Davis,    50,  1, 286775,      1,2,20050911,2224, 67.9177, -62.0575, 1446,   1425.4,   0.0527,  34.3288,2,    101.3,2,    48.53,2,    21.35,2,     1.78,2,   -999.0,9,   -999.0,9,  -999.00,9, 20050911,     2224
  18HU20050904, Davis,    50,  1, 286776,      2,2,20050911,2224, 67.9177, -62.0575, 1446,   1200.2,   0.3878,  34.3326,2,    116.1,2,    37.18,2,    18.56,2,     1.53,2,   -999.0,9,   -999.0,9,  -999.00,9, 20050911,     2229
  18HU20050904, Davis,    50,  1, 286777,      3,2,20050911,2224, 67.9177, -62.0575, 1446,   1001.8,   0.8132,  34.3399,2,    136.4,2,    41.06,2,    18.89,2,     1.52,2,   -999.0,9,   -999.0,9,  -999.00,9, 20050911,     2234
  18HU20050904, Davis,    50,  1, 286778,      4,2,20050911,2224, 67.9177, -62.0575, 1446,    799.7,   1.0932,  34.3391,2,    149.3,2,    30.96,2,    16.34,2,     1.42,2,   -999.0,9,   -999.0,9,  -999.00,9, 20050911,     2239
  18HU20050904, Davis,    50,  1, 286779,      5,2,20050911,2224, 67.9177, -62.0575, 1446,    599.9,   1.3199,  34.3223,2,    160.4,2,    23.76,2,    16.04,2,     1.31,2,   -999.0,9,   -999.0,9,  -999.00,9, 20050911,     2244
  18HU20050904, Davis,    50,  1, 286780,      6,2,20050911,2224, 67.9177, -62.0575, 1446,    400.1,   1.1836,  34.2035,2,    166.9,2,    21.53,2,    16.23,2,     1.32,2,   -999.0,9,   -999.0,9,  -999.00,9, 20050911,     2249
  18HU20050904, Davis,    50,  1, 286781,      7,2,20050911,2224, 67.9177, -62.0575, 1446,    202.7,  -0.5828,  33.6871,2,    192.3,2,    12.77,2,    10.76,2,     1.11,2,   -999.0,9,   -999.0,9,  -999.00,9, 20050911,     2254
  18HU20050904, Davis,    50,  1, 286782,      8,2,20050911,2224, 67.9177, -62.0575, 1446,    101.5,  -1.5973,  33.1679,2,    232.0,2,     9.61,2,     6.90,2,     1.01,2,   -999.0,9,   -999.0,9,  -999.00,9, 20050911,     2257
  18HU20050904, Davis,    50,  1, 286783,      9,2,20050911,2224, 67.9177, -62.0575, 1446,     58.6,  -1.7138,  32.9757,2,    242.5,2,     9.88,2,     6.61,2,     1.12,2,   -999.0,9,   -999.0,9,  -999.00,9, 20050911,     2300
  18HU20050904, Davis,    50,  1, 286784,     10,2,20050911,2224, 67.9177, -62.0575, 1446,     30.9,  -1.3930,  32.6846,2,    267.2,2,     6.44,2,     2.26,2,     0.79,2,   -999.0,9,   -999.0,9,  -999.00,9, 20050911,     2302
  18HU20050904, Davis,    50,  1, 286785,     11,2,20050911,2224, 67.9177, -62.0575, 1446,     21.3,   0.2389,  31.3914,2,    291.1,2,     3.74,2,     0.63,2,     0.67,2,   -999.0,9,   -999.0,9,  -999.00,9, 20050911,     2304
  18HU20050904, Davis,    50,  1, 286786,     12,2,20050911,2224, 67.9177, -62.0575, 1446,     11.1,   2.1826,  30.5208,2,    260.9,2,     3.73,2,     0.57,2,     0.63,2,   -999.0,9,   -999.0,9,  -999.00,9, 20050911,     2306
  18HU20050904, Davis,    50,  1, 286787,     13,2,20050911,2224, 67.9177, -62.0575, 1446,      3.4,   2.1798,  30.5092,2,    260.7,2,     3.80,2,     0.48,2,     0.61,2,   -999.0,9,   -999.0,9,  -999.00,9, 20050911,     2307
  18HU20050904, Davis,    51,  1, 286788,      1,2,20050912,0106, 68.0490, -61.7715, 1698,   1673.4,  -0.2105,  34.3318,2,     87.9,2,  -999.00,9,  -999.00,9,  -999.00,9,   -999.0,9,   -999.0,9,  -999.00,9, 20050912,      106
  18HU20050904, Davis,    52,  1, 286789,      1,2,20050912,0344, 68.1788, -61.4813, 1740,   1718.5,  -0.2388,  34.3328,2,     86.7,2,    84.91,3,    21.10,2,     1.74,2,   2276.2,2,   2278.0,2,  -999.00,9, 20050912,      344
  18HU20050904, Davis,    52,  1, 286790,      2,2,20050912,0344, 68.1788, -61.4813, 1740,   1600.7,  -0.1955,  34.3315,2,     89.7,2,    74.23,3,    19.36,2,     1.62,2,   2274.3,2,   2278.0,2,  -999.00,9, 20050912,      356
  18HU20050904, Davis,    52,  1, 286791,      3,2,20050912,0344, 68.1788, -61.4813, 1740,   1400.0,   0.0105,  34.3293,2,    100.6,2,    62.38,3,    19.87,2,     1.60,2,   2253.2,2,   2286.3,2,    -0.12,2, 20050912,      401
  18HU20050904, Davis,    52,  1, 286792,      4,2,20050912,0344, 68.1788, -61.4813, 1740,   1201.5,   0.4207,  34.3344,2,    116.7,2,    42.23,2,    16.55,2,     1.42,2,   2242.3,2,   2283.6,2,  -999.00,9, 20050912,      407
  18HU20050904, Davis,    52,  1, 286793,      5,2,20050912,0344, 68.1788, -61.4813, 1740,    998.1,   0.8080,  34.3406,2,    135.7,2,    39.41,2,    17.51,2,     1.44,2,   2214.4,2,   2279.0,2,  -999.00,9, 20050912,      412
  18HU20050904, Davis,    52,  1, 286794,      6,2,20050912,0344, 68.1788, -61.4813, 1740,    798.0,   1.0864,  34.3382,2,    149.2,2,    29.05,2,    15.58,2,     1.34,2,   2206.5,2,   2283.7,2,  -999.00,9, 20050912,      418
  18HU20050904, Davis,    52,  1, 286795,      7,2,20050912,0344, 68.1788, -61.4813, 1740,    597.9,   1.2057,  34.3063,2,    161.5,2,    22.71,2,    14.75,2,     1.25,2,   2200.7,2,   2266.2,2,  -999.00,9, 20050912,      423
  18HU20050904, Davis,    52,  1, 286796,      8,2,20050912,0344, 68.1788, -61.4813, 1740,    400.6,   2.0290,  34.2871,2,    175.9,2,    15.17,2,    13.43,2,     1.10,2,   2181.7,2,   2266.2,2,  -999.00,9, 20050912,      428
  18HU20050904, Davis,    52,  1, 286797,      9,2,20050912,0344, 68.1788, -61.4813, 1740,    298.4,   1.3851,  34.0733,2,    179.4,2,    13.16,2,    12.02,2,     1.06,2,   2175.6,2,   2276.6,2,  -999.00,9, 20050912,      431
  18HU20050904, Davis,    52,  1, 286798,     10,2,20050912,0344, 68.1788, -61.4813, 1740,    198.3,  -0.5775,  33.6385,2,    199.4,2,    10.65,2,     9.65,2,     1.03,2,   2168.1,2,   2241.5,2,  -999.00,9, 20050912,      435
  18HU20050904, Davis,    52,  1, 286799,     11,2,20050912,0344, 68.1788, -61.4813, 1740,    102.8,  -1.6653,  33.1398,2,    234.4,2,     8.05,2,     6.12,2,     0.89,2,   2148.7,2,   2247.1,2,    -1.36,2, 20050912,      439
  18HU20050904, Davis,    52,  1, 286800,     12,2,20050912,0344, 68.1788, -61.4813, 1740,     51.2,  -1.6590,  32.8388,2,    234.4,2,    12.37,2,     7.51,2,     1.10,2,   2152.2,2,   2239.9,2,    -1.56,2, 20050912,      441
  18HU20050904, Davis,    52,  1, 286801,     13,2,20050912,0344, 68.1788, -61.4813, 1740,     29.4,  -0.4795,  32.1475,2,    293.4,2,     4.96,2,     0.54,2,     0.71,2,   -999.0,9,   -999.0,9,    -1.75,2, 20050912,      443
  18HU20050904, Davis,    52,  1, 286802,     14,2,20050912,0344, 68.1788, -61.4813, 1740,     20.4,   2.1572,  30.7742,2,    259.6,2,     4.02,2,     0.51,2,     0.57,2,   1973.2,2,   2109.9,2,    -1.83,2, 20050912,      445
  18HU20050904, Davis,    52,  1, 286803,     15,2,20050912,0344, 68.1788, -61.4813, 1740,     10.3,   2.3146,  30.6706,2,    256.5,2,     5.17,2,     0.52,2,     0.67,2,   -999.0,9,   -999.0,9,    -1.76,2, 20050912,      446
  18HU20050904, Davis,    52,  1, 286804,     16,2,20050912,0344, 68.1788, -61.4813, 1740,      2.4,   2.2814,  30.6934,2,    257.8,2,     4.75,2,     0.51,2,     0.62,2,   1977.0,2,   2109.9,2,    -1.80,2, 20050912,      447
  18HU20050904, Davis,    54,  1, 286809,      1,2,20050912,0955, 68.3082, -61.1988, 1834,   1715.4,  -0.2308,  34.3343,2,     81.8,2,  -999.00,9,  -999.00,9,  -999.00,9,   -999.0,9,   -999.0,9,  -999.00,9, 20050912,      955
  18HU20050904, Davis,    55,  1, 286810,      1,2,20050912,1237, 68.3960, -60.4920, 1637,   1613.1,  -0.1839,  34.3321,2,     89.4,2,    45.84,2,    18.70,2,     1.60,2,   -999.0,9,   -999.0,9,  -999.00,9, 20050912,     1237
  18HU20050904, Davis,    55,  1, 286811,      2,2,20050912,1237, 68.3960, -60.4920, 1637,   1392.3,   0.0288,  34.3298,2,    100.4,2,    40.25,2,    18.13,2,     1.57,2,   -999.0,9,   -999.0,9,  -999.00,9, 20050912,     1246
  18HU20050904, Davis,    55,  1, 286812,      3,2,20050912,1237, 68.3960, -60.4920, 1637,   1197.3,   0.4526,  34.3347,2,    118.6,2,    41.43,2,    20.26,2,     1.63,2,   -999.0,9,   -999.0,9,  -999.00,9, 20050912,     1255
  18HU20050904, Davis,    55,  1, 286813,      4,2,20050912,1237, 68.3960, -60.4920, 1637,   1003.1,   0.8687,  34.3402,2,    138.9,2,    35.09,2,    15.61,2,     1.35,2,   -999.0,9,   -999.0,9,  -999.00,9, 20050912,     1300
  18HU20050904, Davis,    55,  1, 286814,      5,2,20050912,1237, 68.3960, -60.4920, 1637,    798.0,   1.0691,  34.3344,2,    150.9,2,    31.47,2,    16.43,2,     1.34,2,   -999.0,9,   -999.0,9,  -999.00,9, 20050912,     1306
  18HU20050904, Davis,    55,  1, 286815,      6,2,20050912,1237, 68.3960, -60.4920, 1637,    602.3,   1.4593,  34.3375,2,    163.3,2,    21.34,2,    14.31,2,     1.20,2,   -999.0,9,   -999.0,9,  -999.00,9, 20050912,     1315
  18HU20050904, Davis,    55,  1, 286816,      7,2,20050912,1237, 68.3960, -60.4920, 1637,    403.4,   2.1242,  34.3136,2,    178.5,2,    17.39,2,    15.36,2,     1.24,2,   -999.0,9,   -999.0,9,  -999.00,9, 20050912,     1321
  18HU20050904, Davis,    55,  1, 286817,      8,2,20050912,1237, 68.3960, -60.4920, 1637,    298.6,   2.1553,  34.1993,2,    187.0,2,    14.07,2,    14.46,2,     1.17,2,   -999.0,9,   -999.0,9,  -999.00,9, 20050912,     1327
  18HU20050904, Davis,    55,  1, 286818,      9,2,20050912,1237, 68.3960, -60.4920, 1637,    207.1,   0.0053,  33.7824,2,    183.8,2,    15.27,2,    12.78,2,     1.23,2,   -999.0,9,   -999.0,9,  -999.00,9, 20050912,     1331
  18HU20050904, Davis,    55,  1, 286819,     10,2,20050912,1237, 68.3960, -60.4920, 1637,     99.8,  -1.6744,  33.2058,2,    231.5,2,    11.64,2,     8.53,2,     1.15,2,   -999.0,9,   -999.0,9,  -999.00,9, 20050912,     1336
  18HU20050904, Davis,    55,  1, 286820,     11,2,20050912,1237, 68.3960, -60.4920, 1637,     50.3,  -1.6867,  32.8953,2,    236.4,2,    11.05,2,     6.79,2,     1.10,2,   -999.0,9,   -999.0,9,  -999.00,9, 20050912,     1340
  18HU20050904, Davis,    55,  1, 286821,     12,2,20050912,1237, 68.3960, -60.4920, 1637,     30.7,  -1.4834,  32.6398,2,    247.4,2,    13.71,2,     6.21,2,     1.25,2,   -999.0,9,   -999.0,9,  -999.00,9, 20050912,     1342
  18HU20050904, Davis,    55,  1, 286822,     13,2,20050912,1237, 68.3960, -60.4920, 1637,     20.3,   2.3740,  30.9931,2,    256.1,2,     5.95,2,     0.57,2,     0.83,2,   -999.0,9,   -999.0,9,  -999.00,9, 20050912,     1344
  18HU20050904, Davis,    55,  1, 286823,     14,2,20050912,1237, 68.3960, -60.4920, 1637,     11.5,   2.3910,  30.9892,2,    256.5,2,     5.56,2,     0.46,2,     0.80,2,   -999.0,9,   -999.0,9,  -999.00,9, 20050912,     1346
  18HU20050904, Davis,    55,  1, 286824,     15,2,20050912,1237, 68.3960, -60.4920, 1637,      3.0,   2.3840,  30.9900,2,    256.1,2,     4.92,2,     0.82,2,     0.73,2,   -999.0,9,   -999.0,9,  -999.00,9, 20050912,     1348
  18HU20050904, Davis,    58,  1, 286825,      1,2,20050912,1856, 68.4938, -59.6938,  876,    851.0,   1.9046,  34.4004,2,    167.8,2,    25.00,2,    17.34,2,     1.69,2,   -999.0,9,   -999.0,9,  -999.00,9, 20050912,     1856
  18HU20050904, Davis,    58,  1, 286826,      2,2,20050912,1856, 68.4938, -59.6938,  876,    551.8,   1.5091,  34.3277,2,    167.7,2,    20.79,2,    15.16,2,     1.64,2,   -999.0,9,   -999.0,9,  -999.00,9, 20050912,     1906
  18HU20050904, Davis,    58,  1, 286827,      3,2,20050912,1856, 68.4938, -59.6938,  876,    475.3,   2.2404,  34.3854,2,    179.8,2,    18.66,2,    16.25,2,     1.60,2,   -999.0,9,   -999.0,9,  -999.00,9, 20050912,     1911
  18HU20050904, Davis,    58,  1, 286828,      4,2,20050912,1856, 68.4938, -59.6938,  876,    400.1,   1.7606,  34.2925,2,    173.0,2,    16.11,2,    13.07,2,     1.46,2,   -999.0,9,   -999.0,9,  -999.00,9, 20050912,     1917
  18HU20050904, Davis,    58,  1, 286829,      5,2,20050912,1856, 68.4938, -59.6938,  876,    301.9,   2.6129,  34.2940,2,    199.7,2,    10.02,2,    12.27,2,     1.28,2,   -999.0,9,   -999.0,9,  -999.00,9, 20050912,     1921
  18HU20050904, Davis,    58,  1, 286830,      6,2,20050912,1856, 68.4938, -59.6938,  876,    204.1,   1.1593,  33.9534,2,    195.3,2,    12.38,2,    12.76,2,     1.38,2,   -999.0,9,   -999.0,9,  -999.00,9, 20050912,     1927
  18HU20050904, Davis,    58,  1, 286831,      7,2,20050912,1856, 68.4938, -59.6938,  876,    100.9,  -0.2780,  33.4288,2,    225.0,2,     7.40,2,     8.17,2,     1.14,2,   -999.0,9,   -999.0,9,  -999.00,9, 20050912,     1931
  18HU20050904, Davis,    58,  1, 286832,      8,2,20050912,1856, 68.4938, -59.6938,  876,     50.7,  -1.1672,  33.0199,2,    245.3,2,     7.50,2,     5.30,2,     1.14,2,   -999.0,9,   -999.0,9,  -999.00,9, 20050912,     1935
  18HU20050904, Davis,    58,  1, 286833,      9,2,20050912,1856, 68.4938, -59.6938,  876,     20.6,   2.2426,  31.8970,2,    257.2,2,     3.51,2,     0.60,2,     0.59,2,   -999.0,9,   -999.0,9,  -999.00,9, 20050912,     1937
  18HU20050904, Davis,    58,  1, 286834,     10,2,20050912,1856, 68.4938, -59.6938,  876,      2.7,   2.6887,  31.0612,2,    250.9,2,     4.75,2,     0.51,2,     0.68,2,   -999.0,9,   -999.0,9,  -999.00,9, 20050912,     1939
  18HU20050904, Davis,    62,  1, 286835,      1,2,20050912,2346, 68.5345, -59.3732,  552,    539.2,   3.2843,  34.5180,2,    195.8,2,    12.72,2,    14.45,2,     1.39,2,   -999.0,9,   -999.0,9,  -999.00,9, 20050912,     2346
  18HU20050904, Davis,    62,  1, 286836,      2,2,20050912,2346, 68.5345, -59.3732,  552,    400.9,   3.5218,  34.5086,2,    202.5,2,    10.14,2,    13.98,2,     1.33,2,   -999.0,9,   -999.0,9,  -999.00,9, 20050912,     2352
  18HU20050904, Davis,    62,  1, 286837,      3,2,20050912,2346, 68.5345, -59.3732,  552,    301.0,   3.3718,  34.4222,2,    205.4,2,     9.69,2,    13.91,2,     1.33,2,   -999.0,9,   -999.0,9,  -999.00,9, 20050912,     2357
  18HU20050904, Davis,    62,  1, 286838,      4,2,20050912,2346, 68.5345, -59.3732,  552,    201.2,   0.7906,  33.9588,2,    187.3,2,    13.94,2,    12.78,2,     1.40,2,   -999.0,9,   -999.0,9,  -999.00,9, 20050913,        1
  18HU20050904, Davis,    62,  1, 286839,      5,2,20050912,2346, 68.5345, -59.3732,  552,    100.5,  -1.0931,  33.3902,2,    223.1,2,     8.79,2,     8.53,2,     1.22,2,   -999.0,9,   -999.0,9,  -999.00,9, 20050913,        4
  18HU20050904, Davis,    62,  1, 286840,      6,2,20050912,2346, 68.5345, -59.3732,  552,     50.5,  -1.6735,  33.1075,2,    240.4,2,     9.02,2,     6.69,2,     1.24,2,   -999.0,9,   -999.0,9,  -999.00,9, 20050913,        7
  18HU20050904, Davis,    62,  1, 286841,      7,2,20050912,2346, 68.5345, -59.3732,  552,     20.4,   2.7922,  32.2433,2,    248.4,2,     3.75,2,     0.77,2,     0.59,2,   -999.0,9,   -999.0,9,  -999.00,9, 20050913,       10
  18HU20050904, Davis,    62,  1, 286842,      8,2,20050912,2346, 68.5345, -59.3732,  552,      3.1,   2.6773,  31.3522,2,    249.9,2,     4.06,2,     0.60,2,     0.64,2,   -999.0,9,   -999.0,9,  -999.00,9, 20050913,       12
  18HU20050904, Davis,    63,  1, 286843,      1,2,20050913,0111, 68.5692, -59.1072,  307,    296.8,   3.4315,  34.3758,2,    191.1,2,    11.88,2,    14.88,2,     1.44,2,   -999.0,9,   -999.0,9,  -999.00,9, 20050913,      111
  18HU20050904, Davis,    63,  1, 286844,      2,2,20050913,0111, 68.5692, -59.1072,  307,    201.5,   2.8164,  34.2063,2,    201.9,2,     9.09,2,    14.26,2,     1.37,2,   -999.0,9,   -999.0,9,  -999.00,9, 20050913,      115
  18HU20050904, Davis,    63,  1, 286845,      3,2,20050913,0111, 68.5692, -59.1072,  307,    100.2,  -0.6438,  33.4703,2,    219.7,2,     8.49,2,     9.82,2,     1.22,2,   -999.0,9,   -999.0,9,  -999.00,9, 20050913,      120
  18HU20050904, Davis,    63,  1, 286846,      4,2,20050913,0111, 68.5692, -59.1072,  307,     49.9,  -1.6553,  33.1374,2,    239.9,2,     6.96,2,     6.30,2,     1.05,2,   -999.0,9,   -999.0,9,  -999.00,9, 20050913,      122
  18HU20050904, Davis,    63,  1, 286847,      5,2,20050913,0111, 68.5692, -59.1072,  307,     20.6,   3.4420,  32.7927,2,    244.0,2,     2.00,2,     0.73,2,     0.41,2,   -999.0,9,   -999.0,9,  -999.00,9, 20050913,      125
  18HU20050904, Davis,    63,  1, 286848,      6,2,20050913,0111, 68.5692, -59.1072,  307,      2.8,   3.2630,  31.9657,2,    244.1,2,     2.76,2,     0.60,2,     0.49,2,   -999.0,9,   -999.0,9,  -999.00,9, 20050913,      127
  18HU20050904, Davis,    64,  1, 286849,      1,2,20050913,0322, 68.6565, -58.3990,  319,    307.7,   3.3635,  34.3785,2,    190.3,2,  -999.00,9,  -999.00,9,  -999.00,9,   -999.0,9,   -999.0,9,  -999.00,9, 20050913,      322
  18HU20050904, Davis,    65,  1, 286850,      1,2,20050913,0516, 68.7427, -57.6980,  303,    291.2,   3.1467,  34.2927,2,    193.1,2,    11.18,2,    13.87,2,     1.36,2,   -999.0,9,   -999.0,9,  -999.00,9, 20050913,      516
  18HU20050904, Davis,    65,  1, 286851,      2,2,20050913,0516, 68.7427, -57.6980,  303,    202.2,   2.1962,  34.0903,2,    208.6,2,     8.26,2,    12.98,2,     1.29,2,   -999.0,9,   -999.0,9,  -999.00,9, 20050913,      519
  18HU20050904, Davis,    65,  1, 286852,      3,2,20050913,0516, 68.7427, -57.6980,  303,    101.0,   2.1119,  33.8894,2,    219.2,2,     5.59,2,     9.91,2,     1.09,2,   -999.0,9,   -999.0,9,  -999.00,9, 20050913,      523
  18HU20050904, Davis,    65,  1, 286853,      4,2,20050913,0516, 68.7427, -57.6980,  303,     51.3,   2.9652,  33.7726,2,    224.8,2,     3.41,2,     5.89,2,     0.88,2,   -999.0,9,   -999.0,9,  -999.00,9, 20050913,      525
  18HU20050904, Davis,    65,  1, 286854,      5,2,20050913,0516, 68.7427, -57.6980,  303,     20.9,   4.9822,  33.2492,2,    233.4,2,     1.38,2,     0.70,2,     0.31,2,   -999.0,9,   -999.0,9,  -999.00,9, 20050913,      527
  18HU20050904, Davis,    65,  1, 286855,      6,2,20050913,0516, 68.7427, -57.6980,  303,      2.5,   5.0745,  33.1211,2,    232.7,2,     1.48,2,     0.56,2,     0.27,2,   -999.0,9,   -999.0,9,  -999.00,9, 20050913,      529
  18HU20050904, Davis,    66,  1, 286856,      1,2,20050913,0718, 68.8298, -56.9968,  291,    285.6,   3.4906,  34.3910,2,    193.1,2,  -999.00,9,  -999.00,9,  -999.00,9,   -999.0,9,   -999.0,9,  -999.00,9, 20050913,      718
  18HU20050904, Davis,    67,  1, 286857,      1,2,20050913,0908, 68.9183, -56.2950,  338,    164.2,   1.9307,  33.8147,2,    215.8,2,     7.21,2,     9.35,2,     1.12,2,   -999.0,9,   -999.0,9,  -999.00,9, 20050913,      908
  18HU20050904, Davis,    67,  1, 286858,      2,2,20050913,0908, 68.9183, -56.2950,  338,    151.6,   1.9319,  33.8157,2,    215.8,2,     5.11,2,     6.47,2,     0.92,2,   -999.0,9,   -999.0,9,  -999.00,9, 20050913,      910
  18HU20050904, Davis,    67,  1, 286859,      3,2,20050913,0908, 68.9183, -56.2950,  338,    100.2,   2.3838,  33.7297,2,    224.2,2,     3.88,2,     5.80,2,     0.95,2,   -999.0,9,   -999.0,9,  -999.00,9, 20050913,      913
  18HU20050904, Davis,    67,  1, 286860,      4,2,20050913,0908, 68.9183, -56.2950,  338,     50.0,   3.8071,  33.5958,2,    228.2,2,     2.50,2,     3.04,2,     0.77,2,   -999.0,9,   -999.0,9,  -999.00,9, 20050913,      916
  18HU20050904, Davis,    67,  1, 286861,      5,2,20050913,0908, 68.9183, -56.2950,  338,     20.1,   5.3601,  33.2461,2,    234.6,2,     1.17,2,     0.55,2,     0.30,2,   -999.0,9,   -999.0,9,  -999.00,9, 20050913,      919
  18HU20050904, Davis,    67,  1, 286862,      6,2,20050913,0908, 68.9183, -56.2950,  338,      2.8,   5.1126,  33.0934,2,    236.3,2,     1.78,2,     0.55,2,     0.37,2,   -999.0,9,   -999.0,9,  -999.00,9, 20050913,      921
  18HU20050904, Davis,    69,  1, 286863,      1,2,20050913,1229, 69.0940, -54.8930,  182,    174.6,   1.8477,  33.8498,2,    217.9,2,     6.33,2,     8.65,2,     1.20,2,   -999.0,9,   -999.0,9,  -999.00,9, 20050913,     1229
  18HU20050904, Davis,    69,  1, 286864,      2,2,20050913,1229, 69.0940, -54.8930,  182,    152.9,   1.8021,  33.8224,2,    220.0,2,     5.15,2,     7.16,2,     0.92,2,   -999.0,9,   -999.0,9,  -999.00,9, 20050913,     1232
  18HU20050904, Davis,    69,  1, 286865,      3,2,20050913,1229, 69.0940, -54.8930,  182,    105.6,   2.0011,  33.7599,2,    224.4,2,     4.64,2,     6.70,2,     0.97,2,   -999.0,9,   -999.0,9,  -999.00,9, 20050913,     1235
  18HU20050904, Davis,    69,  1, 286866,      4,2,20050913,1229, 69.0940, -54.8930,  182,     76.0,   1.5352,  33.5819,2,    233.4,2,     3.58,2,     5.79,2,     0.95,2,   -999.0,9,   -999.0,9,  -999.00,9, 20050913,     1238
  18HU20050904, Davis,    69,  1, 286867,      5,2,20050913,1229, 69.0940, -54.8930,  182,     40.6,   3.5031,  33.5321,2,    231.9,2,     1.62,2,     1.77,2,     0.56,2,   -999.0,9,   -999.0,9,  -999.00,9, 20050913,     1241
  18HU20050904, Davis,    69,  1, 286868,      6,2,20050913,1229, 69.0940, -54.8930,  182,     20.5,   4.9889,  33.0592,2,    237.7,2,     1.20,2,     0.57,2,     0.30,2,   -999.0,9,   -999.0,9,  -999.00,9, 20050913,     1243
  18HU20050904, Davis,    69,  1, 286869,      7,2,20050913,1229, 69.0940, -54.8930,  182,      3.1,   5.0136,  32.7855,2,    236.7,2,     2.97,2,     1.32,2,     0.42,2,   -999.0,9,   -999.0,9,  -999.00,9, 20050913,     1245
  18HU20050904, Davis,    75,  1, 286878,      1,2,20050915,0116, 66.9817, -57.6885,  905,    875.5,   0.9528,  34.3452,2,    143.8,2,    36.81,2,    16.87,2,     1.53,2,   -999.0,9,   -999.0,9,    -0.07,2, 20050915,      116
  18HU20050904, Davis,    75,  1, 286879,      2,2,20050915,0116, 66.9817, -57.6885,  905,    799.9,   0.9929,  34.3442,2,    146.2,2,    35.55,2,    16.83,2,     1.55,2,   -999.0,9,   -999.0,9,  -999.00,9, 20050915,      119
  18HU20050904, Davis,    75,  1, 286880,      3,2,20050915,0116, 66.9817, -57.6885,  905,    698.5,   1.0997,  34.3351,2,    154.0,2,    29.56,2,    16.25,2,     1.52,2,   -999.0,9,   -999.0,9,  -999.00,9, 20050915,      124
  18HU20050904, Davis,    75,  1, 286881,      4,2,20050915,0116, 66.9817, -57.6885,  905,    598.0,   1.4206,  34.3461,2,    161.7,2,    25.06,2,    15.96,2,     1.35,2,   -999.0,9,   -999.0,9,  -999.00,9, 20050915,      128
  18HU20050904, Davis,    75,  1, 286882,      5,2,20050915,0116, 66.9817, -57.6885,  905,    502.0,   1.4627,  34.3233,2,    166.8,2,    22.13,2,    15.70,2,     1.37,2,   -999.0,9,   -999.0,9,  -999.00,9, 20050915,      133
  18HU20050904, Davis,    75,  1, 286883,      6,2,20050915,0116, 66.9817, -57.6885,  905,    400.1,   1.8244,  34.3162,2,    174.3,2,    15.64,2,    13.15,2,     1.17,2,   -999.0,9,   -999.0,9,     0.04,2, 20050915,      137
  18HU20050904, Davis,    75,  1, 286884,      7,2,20050915,0116, 66.9817, -57.6885,  905,    308.6,   1.7426,  34.2207,2,    179.7,2,    16.08,2,    13.84,2,     1.26,2,   -999.0,9,   -999.0,9,  -999.00,9, 20050915,      141
  18HU20050904, Davis,    75,  1, 286885,      8,2,20050915,0116, 66.9817, -57.6885,  905,    200.5,   0.7730,  33.9160,2,    199.9,2,    11.99,2,    12.48,2,     1.17,2,   -999.0,9,   -999.0,9,  -999.00,9, 20050915,      145
  18HU20050904, Davis,    75,  1, 286886,      9,2,20050915,0116, 66.9817, -57.6885,  905,    102.9,  -1.3710,  33.3829,2,    220.2,2,    12.28,2,     9.82,2,     1.22,2,   2157.1,2,   2255.5,2,    -0.38,2, 20050915,      149
  18HU20050904, Davis,    75,  1, 286887,     10,2,20050915,0116, 66.9817, -57.6885,  905,     51.0,  -1.7163,  32.9928,2,    243.6,2,     9.56,2,     6.31,2,     1.11,2,   2130.3,2,   2252.6,2,    -1.52,2, 20050915,      152
  18HU20050904, Davis,    75,  1, 286888,     11,2,20050915,0116, 66.9817, -57.6885,  905,     31.0,  -1.5759,  32.8464,2,    248.6,2,    10.08,2,     5.38,2,     1.14,2,   -999.0,9,   -999.0,9,    -1.69,2, 20050915,      154
  18HU20050904, Davis,    75,  1, 286889,     12,2,20050915,0116, 66.9817, -57.6885,  905,     20.2,   2.7645,  32.4544,2,    247.2,2,     4.12,2,     1.01,2,     0.50,2,   2046.0,2,   2196.1,2,    -1.22,2, 20050915,      156
  18HU20050904, Davis,    75,  1, 286890,     13,2,20050915,0116, 66.9817, -57.6885,  905,     10.8,   2.7620,  32.4570,2,    248.0,2,     3.75,2,     0.99,2,     0.52,2,   -999.0,9,   -999.0,9,    -1.13,2, 20050915,      158
  18HU20050904, Davis,    75,  1, 286891,     14,2,20050915,0116, 66.9817, -57.6885,  905,      2.3,   2.8944,  32.4519,2,    247.8,2,     3.82,2,     0.95,2,     0.53,2,   2054.7,2,   2180.7,2,    -1.17,2, 20050915,      200
  18HU20050904, Davis,    85,  1, 286892,      1,2,20050916,2347, 66.9362, -58.3810, 1038,   1024.2,   0.3883,  34.5023,2,    116.2,2,  -999.00,9,  -999.00,9,  -999.00,9,   -999.0,9,   -999.0,9,  -999.00,9, 20050916,     2347
  18HU20050904, Davis,    86,  1, 286893,      1,2,20050917,0321, 66.8580, -59.0610, 1063,   1042.8,   0.9083,  34.5068,2,    141.6,2,  -999.00,9,  -999.00,9,  -999.00,9,   -999.0,9,   -999.0,9,  -999.00,9, 20050917,      321
  18HU20050904, Davis,    87,  1, 286894,      1,2,20050917,0638, 66.8258, -59.6113,  946,    920.7,   1.0297,  34.5036,2,    148.4,2,  -999.00,9,  -999.00,9,  -999.00,9,   -999.0,9,   -999.0,9,  -999.00,9, 20050917,      638
  18HU20050904, Davis,    95,  1, 286895,      1,2,20050917,2248, 66.6750, -60.9735,  388,    371.0,   0.2368,  34.0590,2,    178.1,2,    19.79,2,    14.71,2,     1.39,2,   -999.0,9,   -999.0,9,  -999.00,9, 20050917,     2248
  18HU20050904, Davis,    95,  1, 286896,      2,2,20050917,2248, 66.6750, -60.9735,  388,    299.9,  -0.4417,  33.8679,2,    192.7,2,    15.55,2,    12.66,2,     1.26,2,   -999.0,9,   -999.0,9,  -999.00,9, 20050917,     2252
  18HU20050904, Davis,    95,  1, 286897,      3,2,20050917,2248, 66.6750, -60.9735,  388,    200.8,  -1.2811,  33.5637,2,    217.2,2,    13.65,2,    10.24,2,     1.20,2,   -999.0,9,   -999.0,9,  -999.00,9, 20050917,     2256
  18HU20050904, Davis,    95,  1, 286898,      4,2,20050917,2248, 66.6750, -60.9735,  388,    101.2,  -1.3403,  33.1999,2,    226.3,2,    14.52,2,     8.96,2,     1.29,2,   -999.0,9,   -999.0,9,  -999.00,9, 20050917,     2300
  18HU20050904, Davis,    95,  1, 286899,      5,2,20050917,2248, 66.6750, -60.9735,  388,     49.6,  -0.9585,  32.7227,2,    237.4,2,    10.17,2,     5.75,2,     1.25,2,   -999.0,9,   -999.0,9,  -999.00,9, 20050917,     2303
  18HU20050904, Davis,    95,  1, 286900,      6,2,20050917,2248, 66.6750, -60.9735,  388,     30.3,   0.0892,  32.2628,2,    266.5,2,     3.23,2,     1.73,2,     0.86,2,   -999.0,9,   -999.0,9,  -999.00,9, 20050917,     2306
  18HU20050904, Davis,    95,  1, 286901,      7,2,20050917,2248, 66.6750, -60.9735,  388,     19.8,   0.8320,  31.9253,2,    274.0,2,     1.97,2,     0.82,2,     0.80,2,   -999.0,9,   -999.0,9,  -999.00,9, 20050917,     2308
  18HU20050904, Davis,    95,  1, 286902,      8,2,20050917,2248, 66.6750, -60.9735,  388,     10.0,   1.7756,  30.6373,2,    264.0,2,     0.78,2,     0.74,2,     0.58,2,   -999.0,9,   -999.0,9,  -999.00,9, 20050917,     2309
  18HU20050904, Davis,    95,  1, 286903,      9,2,20050917,2248, 66.6750, -60.9735,  388,      2.4,   1.9113,  30.5789,2,    262.7,2,     0.60,2,     0.82,2,     0.65,2,   -999.0,9,   -999.0,9,  -999.00,9, 20050917,     2311
  18HU20050904, Davis,    96,  1, 286904,      1,2,20050918,0009, 66.6778, -60.8088,  449,    432.7,   0.6846,  34.2123,2,    171.2,2,    22.47,2,    16.37,2,     1.42,2,   -999.0,9,   -999.0,9,  -999.00,9, 20050918,        9
  18HU20050904, Davis,    96,  1, 286905,      2,2,20050918,0009, 66.6778, -60.8088,  449,    401.8,   0.5842,  34.1696,2,    172.9,2,    16.67,2,    12.34,3,     1.14,3,   -999.0,9,   -999.0,9,  -999.00,9, 20050918,       12
  18HU20050904, Davis,    96,  1, 286906,      3,2,20050918,0009, 66.6778, -60.8088,  449,    300.6,  -0.2768,  33.9072,2,    188.8,2,    15.43,2,    12.23,2,     1.18,2,   -999.0,9,   -999.0,9,  -999.00,9, 20050918,       17
  18HU20050904, Davis,    96,  1, 286907,      4,2,20050918,0009, 66.6778, -60.8088,  449,    201.4,  -1.5465,  33.5675,2,    226.0,2,    10.94,2,     8.79,2,     1.10,2,   -999.0,9,   -999.0,9,  -999.00,9, 20050918,       22
  18HU20050904, Davis,    96,  1, 286908,      5,2,20050918,0009, 66.6778, -60.8088,  449,    101.3,  -1.4125,  33.1736,2,    226.0,2,    14.90,2,     9.48,2,     1.30,2,   -999.0,9,   -999.0,9,  -999.00,9, 20050918,       27
  18HU20050904, Davis,    96,  1, 286909,      6,2,20050918,0009, 66.6778, -60.8088,  449,     50.6,  -0.9075,  32.6556,2,    244.7,2,     8.10,2,     5.28,2,     1.22,2,   -999.0,9,   -999.0,9,  -999.00,9, 20050918,       30
  18HU20050904, Davis,    96,  1, 286910,      7,2,20050918,0009, 66.6778, -60.8088,  449,     29.7,   1.1532,  31.7515,2,    268.0,2,     1.33,2,     0.77,2,     0.77,2,   -999.0,9,   -999.0,9,  -999.00,9, 20050918,       32
  18HU20050904, Davis,    96,  1, 286911,      8,2,20050918,0009, 66.6778, -60.8088,  449,     20.5,   1.6550,  31.2184,2,    263.1,2,     0.72,2,     0.67,2,     0.70,2,   -999.0,9,   -999.0,9,  -999.00,9, 20050918,       34
  18HU20050904, Davis,    96,  1, 286912,      9,2,20050918,0009, 66.6778, -60.8088,  449,     10.4,   1.6370,  31.1615,2,    263.2,2,     0.93,2,     0.68,2,     0.75,2,   -999.0,9,   -999.0,9,  -999.00,9, 20050918,       36
  18HU20050904, Davis,    96,  1, 286913,     10,2,20050918,0009, 66.6778, -60.8088,  449,      2.9,   1.6814,  31.1480,2,    262.7,2,     0.77,2,     0.74,2,     0.89,2,   -999.0,9,   -999.0,9,  -999.00,9, 20050918,       37
  18HU20050904, Davis,    97,  1, 286914,      1,2,20050918,0212, 66.7318, -60.4752,  550,    533.1,   1.0200,  34.3526,2,    168.4,2,  -999.00,9,  -999.00,9,  -999.00,9,   -999.0,9,   -999.0,9,  -999.00,9, 20050918,      212
  18HU20050904, Davis,    98,  1, 286915,      1,2,20050918,0351, 66.7440, -60.0753,  664,    641.0,   1.1297,  34.4198,2,    166.7,2,    21.27,2,    14.48,2,     1.24,2,   -999.0,9,   -999.0,9,  -999.00,9, 20050918,      351
  18HU20050904, Davis,    98,  1, 286916,      2,2,20050918,0351, 66.7440, -60.0753,  664,    501.1,   1.0085,  34.3623,2,    169.6,2,    20.51,2,    14.72,2,     1.25,2,   -999.0,9,   -999.0,9,  -999.00,9, 20050918,      355
  18HU20050904, Davis,    98,  1, 286917,      3,2,20050918,0351, 66.7440, -60.0753,  664,    400.8,   0.9765,  34.2909,2,    170.6,2,    21.14,2,    16.30,2,     1.39,2,   -999.0,9,   -999.0,9,  -999.00,9, 20050918,      359
  18HU20050904, Davis,    98,  1, 286918,      4,2,20050918,0351, 66.7440, -60.0753,  664,    300.1,   0.3897,  34.0617,2,    176.8,2,    18.40,2,    15.00,2,     1.31,2,   -999.0,9,   -999.0,9,  -999.00,9, 20050918,      402
  18HU20050904, Davis,    98,  1, 286919,      5,2,20050918,0351, 66.7440, -60.0753,  664,    199.4,  -1.3538,  33.6654,2,    215.1,2,    11.22,2,     9.66,2,     1.08,2,   -999.0,9,   -999.0,9,  -999.00,9, 20050918,      406
  18HU20050904, Davis,    98,  1, 286920,      6,2,20050918,0351, 66.7440, -60.0753,  664,     99.8,  -1.5574,  33.3580,2,    229.4,2,    12.20,2,     8.65,2,     1.13,2,   -999.0,9,   -999.0,9,  -999.00,9, 20050918,      409
  18HU20050904, Davis,    98,  1, 286921,      7,2,20050918,0351, 66.7440, -60.0753,  664,     50.9,  -1.2659,  33.0635,2,    226.4,2,    15.05,2,     9.14,2,     1.31,2,   -999.0,9,   -999.0,9,  -999.00,9, 20050918,      411
  18HU20050904, Davis,    98,  1, 286922,      8,2,20050918,0351, 66.7440, -60.0753,  664,     30.0,  -1.0957,  32.8952,2,    233.7,2,    11.75,2,     6.62,2,     1.15,2,   -999.0,9,   -999.0,9,  -999.00,9, 20050918,      413
  18HU20050904, Davis,    98,  1, 286923,      9,2,20050918,0351, 66.7440, -60.0753,  664,     19.6,   1.1821,  32.0869,2,    271.7,2,     1.05,2,     0.78,2,     0.76,2,   -999.0,9,   -999.0,9,  -999.00,9, 20050918,      414
  18HU20050904, Davis,    98,  1, 286924,     10,2,20050918,0351, 66.7440, -60.0753,  664,      9.8,   1.9047,  31.6165,2,    261.7,2,     0.77,2,     0.71,2,     0.75,2,   -999.0,9,   -999.0,9,  -999.00,9, 20050918,      416
  18HU20050904, Davis,    98,  1, 286925,     11,2,20050918,0351, 66.7440, -60.0753,  664,      2.7,   1.8030,  31.5652,2,    262.6,2,     0.65,2,     0.79,2,     0.71,2,   -999.0,9,   -999.0,9,  -999.00,9, 20050918,      417
  18HU20050904, Davis,    99,  1, 286926,      1,2,20050918,0539, 66.8262, -59.6200,  943,    918.2,   1.0667,  34.4996,2,    151.0,2,  -999.00,9,  -999.00,9,  -999.00,9,   -999.0,9,   -999.0,9,  -999.00,9, 20050918,      539
  18HU20050904, Davis,   103,  1, 286927,      1,2,20050919,0100, 66.2498, -61.1952,  188,    178.5,  -1.3268,  33.3632,2,    220.5,2,    11.87,2,     8.34,2,     1.10,2,   -999.0,9,   -999.0,9,  -999.00,9, 20050919,      100
  18HU20050904, Davis,   103,  1, 286928,      2,2,20050919,0100, 66.2498, -61.1952,  188,    150.4,  -1.3607,  33.3176,2,    222.0,2,    12.51,2,     8.99,2,     1.10,2,   -999.0,9,   -999.0,9,  -999.00,9, 20050919,      102
  18HU20050904, Davis,   103,  1, 286929,      3,2,20050919,0100, 66.2498, -61.1952,  188,    100.6,  -1.4281,  33.1118,2,    228.5,2,    11.87,2,     7.78,2,     1.15,2,   -999.0,9,   -999.0,9,  -999.00,9, 20050919,      106
  18HU20050904, Davis,   103,  1, 286930,      4,2,20050919,0100, 66.2498, -61.1952,  188,     50.2,  -0.7389,  32.3981,2,    261.3,2,     5.10,2,     3.14,2,     1.00,2,   -999.0,9,   -999.0,9,  -999.00,9, 20050919,      109
  18HU20050904, Davis,   103,  1, 286931,      5,2,20050919,0100, 66.2498, -61.1952,  188,     20.6,   0.2907,  31.7617,2,    261.1,2,     3.42,2,     2.17,2,     0.77,2,   -999.0,9,   -999.0,9,  -999.00,9, 20050919,      111
  18HU20050904, Davis,   103,  1, 286932,      6,2,20050919,0100, 66.2498, -61.1952,  188,      3.0,   1.2077,  31.1612,2,    267.3,2,     1.30,2,     0.94,2,     0.73,2,   -999.0,9,   -999.0,9,  -999.00,9, 20050919,      113
  18HU20050904, Davis,   105,  1, 286934,      1,2,20050919,0533, 66.2435, -60.3080,  454,    399.1,   0.7923,  34.2476,2,    168.9,2,  -999.00,9,  -999.00,9,  -999.00,9,   -999.0,9,   -999.0,9,  -999.00,9, 20050919,      533
  18HU20050904, Davis,   105,  1, 286935,      2,2,20050919,0533, 66.2435, -60.3080,  454,    300.3,   0.1345,  34.0088,2,    180.4,2,  -999.00,9,  -999.00,9,  -999.00,9,   -999.0,9,   -999.0,9,  -999.00,9, 20050919,      537
  18HU20050904, Davis,   105,  1, 286936,      3,2,20050919,0533, 66.2435, -60.3080,  454,    200.4,  -1.3831,  33.6766,2,    216.8,2,  -999.00,9,  -999.00,9,  -999.00,9,   -999.0,9,   -999.0,9,  -999.00,9, 20050919,      541
  18HU20050904, Davis,   105,  1, 286937,      4,2,20050919,0533, 66.2435, -60.3080,  454,    100.2,  -1.5722,  33.2891,2,    229.5,2,  -999.00,9,  -999.00,9,  -999.00,9,   -999.0,9,   -999.0,9,  -999.00,9, 20050919,      546
  18HU20050904, Davis,   105,  1, 286938,      5,2,20050919,0533, 66.2435, -60.3080,  454,     50.4,  -1.2474,  32.9688,2,    226.2,2,  -999.00,9,  -999.00,9,  -999.00,9,   -999.0,9,   -999.0,9,  -999.00,9, 20050919,      549
  18HU20050904, Davis,   105,  1, 286939,      6,2,20050919,0533, 66.2435, -60.3080,  454,     20.4,   2.0560,  31.6009,2,    260.6,2,  -999.00,9,  -999.00,9,  -999.00,9,   -999.0,9,   -999.0,9,  -999.00,9, 20050919,      551
  18HU20050904, Davis,   105,  1, 286940,      7,2,20050919,0533, 66.2435, -60.3080,  454,      3.1,   2.1056,  31.5060,2,    258.9,2,  -999.00,9,  -999.00,9,  -999.00,9,   -999.0,9,   -999.0,9,  -999.00,9, 20050919,      553
  18HU20050904, Davis,   106,  1, 286941,      1,2,20050919,0753, 66.2427, -59.8777,  609,    594.8,   1.1233,  34.4019,2,    166.0,2,  -999.00,9,  -999.00,9,  -999.00,9,   -999.0,9,   -999.0,9,  -999.00,9, 20050919,      753
  18HU20050904, Davis,   107,  1, 286942,      1,2,20050919,0938, 66.2498, -59.4238,  707,    687.4,   1.2050,  34.4614,2,    163.3,2,    19.66,2,    13.00,2,     1.19,2,   -999.0,9,   -999.0,9,  -999.00,9, 20050919,      938
  18HU20050904, Davis,   107,  1, 286943,      2,2,20050919,0938, 66.2498, -59.4238,  707,    600.6,   1.1937,  34.4580,2,    163.7,2,    22.20,2,    14.35,2,     1.23,2,   -999.0,9,   -999.0,9,  -999.00,9, 20050919,      941
  18HU20050904, Davis,   107,  1, 286944,      3,2,20050919,0938, 66.2498, -59.4238,  707,    401.3,   1.0329,  34.3359,2,    168.5,2,    17.46,2,    13.06,2,     1.19,2,   -999.0,9,   -999.0,9,  -999.00,9, 20050919,      948
  18HU20050904, Davis,   107,  1, 286945,      4,2,20050919,0938, 66.2498, -59.4238,  707,    201.9,  -0.9924,  33.7355,2,    204.4,2,    14.50,2,    11.95,2,     1.25,2,   -999.0,9,   -999.0,9,  -999.00,9, 20050919,      954
  18HU20050904, Davis,   107,  1, 286946,      5,2,20050919,0938, 66.2498, -59.4238,  707,    100.2,  -1.6205,  33.2729,2,    227.3,2,    14.11,2,     9.35,2,     1.25,2,   -999.0,9,   -999.0,9,  -999.00,9, 20050919,      957
  18HU20050904, Davis,   107,  1, 286947,      6,2,20050919,0938, 66.2498, -59.4238,  707,     50.1,  -1.6329,  33.0162,2,    235.0,2,    12.56,2,     7.73,2,     1.22,2,   -999.0,9,   -999.0,9,  -999.00,9, 20050919,     1000
  18HU20050904, Davis,   107,  1, 286948,      7,2,20050919,0938, 66.2498, -59.4238,  707,     20.2,   0.7669,  32.0161,2,    270.4,2,     3.40,2,     1.22,2,     0.63,2,   -999.0,9,   -999.0,9,  -999.00,9, 20050919,     1003
  18HU20050904, Davis,   107,  1, 286949,      8,2,20050919,0938, 66.2498, -59.4238,  707,      3.8,   1.8307,  31.2769,2,    256.4,2,     2.87,2,     0.76,2,     0.67,2,   -999.0,9,   -999.0,9,  -999.00,9, 20050919,     1004
  18HU20050904, Davis,   109,  1, 286950,      1,2,20050919,1238, 66.2498, -58.6483,  569,    553.6,   2.5827,  34.6090,2,    180.5,2,    16.68,2,    14.50,2,     1.24,2,   -999.0,9,   -999.0,9,  -999.00,9, 20050919,     1238
  18HU20050904, Davis,   109,  1, 286951,      2,2,20050919,1238, 66.2498, -58.6483,  569,    451.3,   1.7316,  34.4701,2,    173.9,2,    17.06,2,    13.67,2,     1.18,2,   -999.0,9,   -999.0,9,  -999.00,9, 20050919,     1242
  18HU20050904, Davis,   109,  1, 286952,      3,2,20050919,1238, 66.2498, -58.6483,  569,    375.1,   2.4409,  34.4879,2,    189.1,2,    13.77,2,    13.89,2,     1.16,2,   -999.0,9,   -999.0,9,  -999.00,9, 20050919,     1245
  18HU20050904, Davis,   109,  1, 286953,      4,2,20050919,1238, 66.2498, -58.6483,  569,    300.5,   1.8924,  34.3300,2,    204.5,2,    10.98,2,    13.03,2,     1.06,2,   -999.0,9,   -999.0,9,  -999.00,9, 20050919,     1248
  18HU20050904, Davis,   109,  1, 286954,      5,2,20050919,1238, 66.2498, -58.6483,  569,    201.3,   0.0987,  33.9053,2,    201.4,2,    12.11,2,    12.09,2,     1.13,2,   -999.0,9,   -999.0,9,  -999.00,9, 20050919,     1253
  18HU20050904, Davis,   109,  1, 286955,      6,2,20050919,1238, 66.2498, -58.6483,  569,    102.4,  -1.6596,  33.3653,2,    231.3,2,    10.39,2,     7.13,2,     0.98,2,   -999.0,9,   -999.0,9,  -999.00,9, 20050919,     1257
  18HU20050904, Davis,   109,  1, 286956,      7,2,20050919,1238, 66.2498, -58.6483,  569,     50.6,  -1.1356,  33.0638,2,    237.3,2,     8.98,2,     5.39,2,     0.94,2,   -999.0,9,   -999.0,9,  -999.00,9, 20050919,     1300
  18HU20050904, Davis,   109,  1, 286957,      8,2,20050919,1238, 66.2498, -58.6483,  569,     20.8,   1.3895,  32.0530,2,    264.0,2,     3.52,2,     0.70,2,     0.63,2,   -999.0,9,   -999.0,9,  -999.00,9, 20050919,     1302
  18HU20050904, Davis,   109,  1, 286958,      9,2,20050919,1238, 66.2498, -58.6483,  569,      3.1,   1.7223,  31.7521,2,    258.6,2,     3.67,2,     0.91,2,     0.60,2,   -999.0,9,   -999.0,9,  -999.00,9, 20050919,     1304
  18HU20050904, Davis,   111,  1, 286959,      1,2,20050919,1528, 66.2498, -57.9812,  591,    567.7,   2.6698,  34.6343,2,    177.6,2,    17.38,2,    14.08,2,     1.21,2,   -999.0,9,   -999.0,9,  -999.00,9, 20050919,     1528
  18HU20050904, Davis,   111,  1, 286960,      2,2,20050919,1528, 66.2498, -57.9812,  591,    501.5,   2.8591,  34.6502,2,    180.6,2,    17.27,2,    14.66,2,     1.19,2,   -999.0,9,   -999.0,9,  -999.00,9, 20050919,     1533
  18HU20050904, Davis,   111,  1, 286961,      3,2,20050919,1528, 66.2498, -57.9812,  591,    397.2,   3.2630,  34.6499,2,    195.7,2,    10.83,2,    12.43,2,     1.02,2,   -999.0,9,   -999.0,9,  -999.00,9, 20050919,     1537
  18HU20050904, Davis,   111,  1, 286962,      4,2,20050919,1528, 66.2498, -57.9812,  591,    200.7,   1.1905,  34.2250,2,    190.4,2,    12.87,2,    12.22,2,     1.08,2,   -999.0,9,   -999.0,9,  -999.00,9, 20050919,     1544
  18HU20050904, Davis,   111,  1, 286963,      5,2,20050919,1528, 66.2498, -57.9812,  591,    100.9,   4.3158,  34.2365,2,    221.8,2,     4.04,2,     7.86,2,     0.76,2,   -999.0,9,   -999.0,9,  -999.00,9, 20050919,     1547
  18HU20050904, Davis,   111,  1, 286964,      6,2,20050919,1528, 66.2498, -57.9812,  591,     50.6,   3.9899,  33.7095,2,    228.2,2,     3.31,2,     4.39,2,     0.63,2,   -999.0,9,   -999.0,9,  -999.00,9, 20050919,     1550
  18HU20050904, Davis,   111,  1, 286965,      7,2,20050919,1528, 66.2498, -57.9812,  591,     20.2,   4.2565,  33.0103,2,    239.3,2,     2.66,2,     1.25,2,     0.46,2,   -999.0,9,   -999.0,9,  -999.00,9, 20050919,     1552
  18HU20050904, Davis,   111,  1, 286966,      8,2,20050919,1528, 66.2498, -57.9812,  591,      2.9,   2.6552,  32.1629,2,    250.5,2,     4.50,2,     0.86,2,     0.64,2,   -999.0,9,   -999.0,9,  -999.00,9, 20050919,     1554
  18HU20050904, Davis,   113,  1, 286967,      1,2,20050919,1804, 66.2498, -57.3212,  647,    639.5,   3.1459,  34.7439,2,    182.6,2,    17.14,2,    15.31,2,     1.23,2,   -999.0,9,   -999.0,9,  -999.00,9, 20050919,     1804
  18HU20050904, Davis,   113,  1, 286968,      2,2,20050919,1804, 66.2498, -57.3212,  647,    601.6,   3.0558,  34.7301,2,    181.0,2,    17.68,2,    15.46,2,     1.24,2,   -999.0,9,   -999.0,9,  -999.00,9, 20050919,     1807
  18HU20050904, Davis,   113,  1, 286969,      3,2,20050919,1804, 66.2498, -57.3212,  647,    461.3,   4.1264,  34.8286,2,    200.4,2,    10.12,2,    14.34,2,     1.10,2,   -999.0,9,   -999.0,9,  -999.00,9, 20050919,     1812
  18HU20050904, Davis,   113,  1, 286970,      4,2,20050919,1804, 66.2498, -57.3212,  647,    418.8,   3.5729,  34.7268,2,    196.3,2,    12.10,2,    14.51,2,     1.14,2,   -999.0,9,   -999.0,9,  -999.00,9, 20050919,     1815
  18HU20050904, Davis,   113,  1, 286971,      5,2,20050919,1804, 66.2498, -57.3212,  647,    251.8,   3.7862,  34.6815,2,    212.2,2,     7.18,2,    11.24,2,     0.94,2,   -999.0,9,   -999.0,9,  -999.00,9, 20050919,     1820
  18HU20050904, Davis,   113,  1, 286972,      6,2,20050919,1804, 66.2498, -57.3212,  647,    100.7,   3.3242,  34.3822,2,    223.2,2,     4.98,2,     9.94,2,     0.84,2,   -999.0,9,   -999.0,9,  -999.00,9, 20050919,     1824
  18HU20050904, Davis,   113,  1, 286973,      7,2,20050919,1804, 66.2498, -57.3212,  647,     50.5,   3.6417,  34.0730,2,    228.7,2,     3.47,2,     6.39,2,     0.76,2,   -999.0,9,   -999.0,9,  -999.00,9, 20050919,     1826
  18HU20050904, Davis,   113,  1, 286974,      8,2,20050919,1804, 66.2498, -57.3212,  647,     20.4,   5.2123,  33.2282,2,    233.3,2,     1.53,2,     0.99,2,     0.34,2,   -999.0,9,   -999.0,9,  -999.00,9, 20050919,     1827
  18HU20050904, Davis,   114,  1, 286975,      1,2,20050919,1931, 66.2490, -56.9885,  663,    654.5,   3.6379,  34.8256,2,    190.3,2,    15.48,2,    16.18,2,     1.24,2,   -999.0,9,   -999.0,9,  -999.00,9, 20050919,     1931
  18HU20050904, Davis,   114,  1, 286976,      2,2,20050919,1931, 66.2490, -56.9885,  663,    550.3,   4.3162,  34.9027,2,    208.8,2,     6.75,3,    11.34,3,     0.93,3,   -999.0,9,   -999.0,9,  -999.00,9, 20050919,     1936
  18HU20050904, Davis,   114,  1, 286977,      3,2,20050919,1931, 66.2490, -56.9885,  663,    501.6,   4.1206,  34.8456,2,    199.4,2,  -999.00,9,  -999.00,9,  -999.00,9,   -999.0,9,   -999.0,9,  -999.00,9, 20050919,     1938
  18HU20050904, Davis,   114,  1, 286978,      4,2,20050919,1931, 66.2490, -56.9885,  663,    400.0,   4.1335,  34.8035,2,    203.2,2,     9.27,2,    13.98,2,     1.08,2,   -999.0,9,   -999.0,9,  -999.00,9, 20050919,     1941
  18HU20050904, Davis,   114,  1, 286979,      5,2,20050919,1931, 66.2490, -56.9885,  663,    301.7,   4.1094,  34.7641,2,    211.1,2,  -999.00,9,  -999.00,9,  -999.00,9,   -999.0,9,   -999.0,9,  -999.00,9, 20050919,     1944
  18HU20050904, Davis,   114,  1, 286980,      6,2,20050919,1931, 66.2490, -56.9885,  663,    200.9,   3.9788,  34.6828,2,    218.4,2,     5.47,2,    10.60,2,     0.88,2,   -999.0,9,   -999.0,9,  -999.00,9, 20050919,     1947
  18HU20050904, Davis,   114,  1, 286981,      7,2,20050919,1931, 66.2490, -56.9885,  663,    101.6,   2.9296,  34.3508,2,    226.1,2,     4.71,2,    10.03,2,     0.86,2,   -999.0,9,   -999.0,9,  -999.00,9, 20050919,     1950
  18HU20050904, Davis,   114,  1, 286982,      8,2,20050919,1931, 66.2490, -56.9885,  663,     50.3,   3.1278,  34.0340,2,    230.5,2,     3.38,2,     5.61,2,     0.74,2,   -999.0,9,   -999.0,9,  -999.00,9, 20050919,     1952
  18HU20050904, Davis,   114,  1, 286983,      9,2,20050919,1931, 66.2490, -56.9885,  663,     20.6,   5.1867,  33.3928,2,    232.6,2,     1.67,2,     1.11,2,     0.35,2,   -999.0,9,   -999.0,9,  -999.00,9, 20050919,     1954
  18HU20050904, Davis,   114,  1, 286984,     10,2,20050919,1931, 66.2490, -56.9885,  663,      2.9,   4.9519,  33.2149,2,    235.8,2,     1.93,2,     1.01,2,     0.40,2,   -999.0,9,   -999.0,9,  -999.00,9, 20050919,     1956
  18HU20050904, Davis,   115,  1, 286986,      1,2,20050919,2059, 66.2497, -56.6540,  592,    580.0,   4.3737,  34.9054,2,    204.5,2,     9.88,2,    15.70,2,     1.16,2,   -999.0,9,   -999.0,9,  -999.00,9, 20050919,     2059
  18HU20050904, Davis,   115,  1, 286987,      2,2,20050919,2059, 66.2497, -56.6540,  592,    501.0,   4.6052,  34.9070,2,    209.1,2,     8.62,2,    15.13,2,     1.09,2,   -999.0,9,   -999.0,9,  -999.00,9, 20050919,     2102
  18HU20050904, Davis,   115,  1, 286988,      3,2,20050919,2059, 66.2497, -56.6540,  592,    404.3,   4.3933,  34.8268,2,    212.3,2,     7.25,2,    13.40,2,     1.03,2,   -999.0,9,   -999.0,9,  -999.00,9, 20050919,     2105
  18HU20050904, Davis,   115,  1, 286989,      4,2,20050919,2059, 66.2497, -56.6540,  592,    298.9,   4.8492,  34.8534,2,    212.2,2,  -999.00,9,  -999.00,9,  -999.00,9,   -999.0,9,   -999.0,9,  -999.00,9, 20050919,     2111
  18HU20050904, Davis,   115,  1, 286990,      5,2,20050919,2059, 66.2497, -56.6540,  592,    200.5,   4.5287,  34.6953,2,    216.5,2,     6.55,2,    13.30,2,     1.02,2,   -999.0,9,   -999.0,9,  -999.00,9, 20050919,     2114
  18HU20050904, Davis,   115,  1, 286991,      6,2,20050919,2059, 66.2497, -56.6540,  592,    100.7,   3.9661,  34.3008,2,    224.2,2,     4.55,2,    10.30,2,     0.86,2,   -999.0,9,   -999.0,9,  -999.00,9, 20050919,     2118
  18HU20050904, Davis,   115,  1, 286992,      7,2,20050919,2059, 66.2497, -56.6540,  592,     50.5,   3.7712,  34.0112,2,    226.8,2,     3.91,2,     7.50,2,     0.81,2,   -999.0,9,   -999.0,9,  -999.00,9, 20050919,     2121
  18HU20050904, Davis,   115,  1, 286993,      8,2,20050919,2059, 66.2497, -56.6540,  592,     20.9,   5.3278,  33.4182,2,    232.5,2,     1.24,2,     1.29,2,     0.32,2,   -999.0,9,   -999.0,9,  -999.00,9, 20050919,     2124
  18HU20050904, Davis,   115,  1, 286994,      9,2,20050919,2059, 66.2497, -56.6540,  592,      3.2,   5.3148,  33.3974,2,    235.5,2,     1.46,2,     1.43,2,     0.38,2,   -999.0,9,   -999.0,9,  -999.00,9, 20050919,     2126
  18HU20050904, Davis,   117,  1, 286995,      1,2,20050919,2311, 66.2498, -55.9933,  151,    143.7,   3.0613,  34.2370,2,    219.0,2,     5.29,2,    10.25,2,     0.89,2,   -999.0,9,   -999.0,9,  -999.00,9, 20050919,     2311
  18HU20050904, Davis,   117,  1, 286996,      2,2,20050919,2311, 66.2498, -55.9933,  151,    101.0,   3.1617,  34.1337,2,    223.0,2,     5.13,2,    10.50,2,     0.89,2,   -999.0,9,   -999.0,9,  -999.00,9, 20050919,     2313
  18HU20050904, Davis,   117,  1, 286997,      3,2,20050919,2311, 66.2498, -55.9933,  151,     50.5,   3.1617,  33.9058,2,    228.2,2,     3.59,2,     7.09,2,     0.74,2,   -999.0,9,   -999.0,9,  -999.00,9, 20050919,     2316
  18HU20050904, Davis,   117,  1, 286998,      4,2,20050919,2311, 66.2498, -55.9933,  151,     20.7,   4.6705,  33.4180,2,    234.6,2,     2.15,2,     2.79,2,     0.53,2,   -999.0,9,   -999.0,9,  -999.00,9, 20050919,     2318
  18HU20050904, Davis,   117,  1, 286999,      5,2,20050919,2311, 66.2498, -55.9933,  151,      3.3,   4.7002,  33.4136,2,    236.2,2,     2.05,2,     2.76,2,     0.51,2,   -999.0,9,   -999.0,9,  -999.00,9, 20050919,     2320
  18HU20050904, Davis,   119,  1, 287000,      1,2,20050920,0216, 66.2503, -54.6637,   76,     69.0,   3.2044,  33.7839,2,    226.2,2,     3.29,2,     5.23,2,     0.68,2,   -999.0,9,   -999.0,9,  -999.00,9, 20050920,      216
  18HU20050904, Davis,   119,  1, 287001,      2,2,20050920,0216, 66.2503, -54.6637,   76,     50.8,   3.3332,  33.6943,2,    227.4,2,     3.26,2,     5.12,2,     0.69,2,   -999.0,9,   -999.0,9,  -999.00,9, 20050920,      218
  18HU20050904, Davis,   119,  1, 287002,      3,2,20050920,0216, 66.2503, -54.6637,   76,     20.7,   4.8931,  33.0696,2,    235.6,2,     1.52,2,     1.43,2,     0.39,2,   -999.0,9,   -999.0,9,  -999.00,9, 20050920,      221
  18HU20050904, Davis,   119,  1, 287003,      4,2,20050920,0216, 66.2503, -54.6637,   76,      3.2,   4.8328,  33.0479,2,    237.4,2,     1.26,2,     1.33,2,     0.33,2,   -999.0,9,   -999.0,9,  -999.00,9, 20050920,      223
  18HU20050904, Davis,   121,  1, 287004,      1,2,20050921,0029, 65.0340, -62.6820,  188,    175.1,  -1.2633,  33.3453,2,    218.8,2,    14.09,2,    10.03,2,     1.18,2,   -999.0,9,   -999.0,9,  -999.00,9, 20050921,       29
  18HU20050904, Davis,   121,  1, 287005,      2,2,20050921,0029, 65.0340, -62.6820,  188,    100.8,  -1.5196,  33.0277,2,    234.3,2,    11.10,2,     7.76,2,     1.17,2,   -999.0,9,   -999.0,9,  -999.00,9, 20050921,       32
  18HU20050904, Davis,   121,  1, 287006,      3,2,20050921,0029, 65.0340, -62.6820,  188,     51.5,  -0.2377,  32.2275,2,    260.5,2,     3.33,2,     2.14,2,     0.85,2,   -999.0,9,   -999.0,9,  -999.00,9, 20050921,       33
  18HU20050904, Davis,   121,  1, 287007,      4,2,20050921,0029, 65.0340, -62.6820,  188,     20.6,   1.3516,  31.2704,2,    263.2,2,     1.34,2,     1.01,2,     0.72,2,   -999.0,9,   -999.0,9,  -999.00,9, 20050921,       35
  18HU20050904, Davis,   121,  1, 287008,      5,2,20050921,0029, 65.0340, -62.6820,  188,      2.2,   1.5011,  31.1520,2,    262.3,2,     0.93,2,     0.90,2,     0.65,2,   -999.0,9,   -999.0,9,  -999.00,9, 20050921,       36
  18HU20050904, Davis,   123,  1, 287009,      1,2,20050921,0434, 65.0338, -61.4122,  273,    260.6,  -0.2905,  33.8852,2,    190.1,2,    16.25,2,    12.84,2,     1.22,2,   -999.0,9,   -999.0,9,  -999.00,9, 20050921,      434
  18HU20050904, Davis,   123,  1, 287010,      2,2,20050921,0434, 65.0338, -61.4122,  273,    199.7,  -0.7459,  33.7213,2,    194.7,2,    13.79,2,    11.16,2,     1.09,2,   -999.0,9,   -999.0,9,  -999.00,9, 20050921,      436
  18HU20050904, Davis,   123,  1, 287011,      3,2,20050921,0434, 65.0338, -61.4122,  273,     98.6,  -1.5387,  33.2218,2,    227.1,2,    11.01,2,     8.42,2,     1.12,2,   -999.0,9,   -999.0,9,  -999.00,9, 20050921,      437
  18HU20050904, Davis,   123,  1, 287012,      4,2,20050921,0434, 65.0338, -61.4122,  273,     51.1,  -1.2707,  32.8511,2,    239.2,2,     8.09,2,     4.57,2,     0.93,2,   -999.0,9,   -999.0,9,  -999.00,9, 20050921,      438
  18HU20050904, Davis,   123,  1, 287013,      5,2,20050921,0434, 65.0338, -61.4122,  273,     19.4,   2.5859,  32.4082,2,    249.1,2,     4.00,2,     1.07,2,     0.62,2,   -999.0,9,   -999.0,9,  -999.00,9, 20050921,      439
  18HU20050904, Davis,   123,  1, 287014,      6,2,20050921,0434, 65.0338, -61.4122,  273,      1.7,   1.6196,  31.4345,2,    258.0,2,     1.49,2,     0.86,2,     0.72,2,   -999.0,9,   -999.0,9,  -999.00,9, 20050921,      439
  18HU20050904, Davis,   125,  1, 287015,      1,2,20050921,0822, 65.0327, -60.1418,  336,    324.6,   0.7441,  34.2159,2,    170.8,2,    19.56,2,    14.72,2,     1.21,2,   -999.0,9,   -999.0,9,  -999.00,9, 20050921,      822
  18HU20050904, Davis,   125,  1, 287016,      2,2,20050921,0822, 65.0327, -60.1418,  336,    298.7,   0.7078,  34.2043,2,    170.3,2,    21.65,2,    16.22,2,     1.33,2,   -999.0,9,   -999.0,9,  -999.00,9, 20050921,      823
  18HU20050904, Davis,   125,  1, 287017,      3,2,20050921,0822, 65.0327, -60.1418,  336,    197.0,   0.0944,  33.9634,2,    185.7,2,    14.90,2,    13.72,2,     1.23,2,   -999.0,9,   -999.0,9,  -999.00,9, 20050921,      825
  18HU20050904, Davis,   125,  1, 287018,      4,2,20050921,0822, 65.0327, -60.1418,  336,     98.6,  -0.2907,  33.4159,2,    229.8,2,     8.38,2,     6.95,2,     0.99,2,   -999.0,9,   -999.0,9,  -999.00,9, 20050921,      826
  18HU20050904, Davis,   125,  1, 287019,      5,2,20050921,0822, 65.0327, -60.1418,  336,     50.0,   1.4934,  33.2767,2,    238.0,2,     5.47,2,     3.48,2,     0.75,2,   -999.0,9,   -999.0,9,  -999.00,9, 20050921,      827
  18HU20050904, Davis,   125,  1, 287020,      6,2,20050921,0822, 65.0327, -60.1418,  336,     17.8,   2.0844,  31.9232,2,    253.3,2,     3.86,2,     0.95,2,     0.67,2,   -999.0,9,   -999.0,9,  -999.00,9, 20050921,      828
  18HU20050904, Davis,   125,  1, 287021,      7,2,20050921,0822, 65.0327, -60.1418,  336,      1.9,   2.0164,  31.5383,2,    254.4,2,  -999.00,9,  -999.00,9,  -999.00,9,   -999.0,9,   -999.0,9,  -999.00,9, 20050921,      828
  18HU20050904, Davis,   128,  1, 287029,      1,2,20050921,1329, 65.0340, -58.2250,  632,    622.7,   2.7709,  34.6899,2,    175.0,2,  -999.00,9,  -999.00,9,  -999.00,9,   -999.0,9,   -999.0,9,  -999.00,9, 20050921,     1329
  18HU20050904, Davis,   128,  1, 287030,      2,2,20050921,1329, 65.0340, -58.2250,  632,    499.6,   2.3094,  34.5858,2,    176.8,2,  -999.00,9,  -999.00,9,  -999.00,9,   -999.0,9,   -999.0,9,  -999.00,9, 20050921,     1332
  18HU20050904, Davis,   128,  1, 287031,      3,2,20050921,1329, 65.0340, -58.2250,  632,    396.7,   3.2063,  34.6554,2,    191.4,2,  -999.00,9,  -999.00,9,  -999.00,9,   -999.0,9,   -999.0,9,  -999.00,9, 20050921,     1334
  18HU20050904, Davis,   128,  1, 287032,      4,2,20050921,1329, 65.0340, -58.2250,  632,    198.6,   1.1867,  34.2039,2,    204.5,2,  -999.00,9,  -999.00,9,  -999.00,9,   -999.0,9,   -999.0,9,  -999.00,9, 20050921,     1337
  18HU20050904, Davis,   128,  1, 287033,      5,2,20050921,1329, 65.0340, -58.2250,  632,     99.4,  -0.1576,  33.7127,2,    222.5,2,  -999.00,9,  -999.00,9,  -999.00,9,   -999.0,9,   -999.0,9,  -999.00,9, 20050921,     1339
  18HU20050904, Davis,   128,  1, 287034,      6,2,20050921,1329, 65.0340, -58.2250,  632,     47.4,  -1.6402,  33.1864,2,    235.2,2,  -999.00,9,  -999.00,9,  -999.00,9,   -999.0,9,   -999.0,9,  -999.00,9, 20050921,     1339
  18HU20050904, Davis,   128,  1, 287035,      7,2,20050921,1329, 65.0340, -58.2250,  632,     19.0,   1.8904,  32.7980,2,    234.7,2,  -999.00,9,  -999.00,9,  -999.00,9,   -999.0,9,   -999.0,9,  -999.00,9, 20050921,     1340
  18HU20050904, Davis,   128,  1, 287036,      8,2,20050921,1329, 65.0340, -58.2250,  632,      2.8,   2.6137,  32.5263,2,    248.9,2,  -999.00,9,  -999.00,9,  -999.00,9,   -999.0,9,   -999.0,9,  -999.00,9, 20050921,     1340
  18HU20050904, Davis,   129,  1, 287037,      1,2,20050921,1523, 65.0343, -57.4842,  734,    719.3,   3.6444,  34.8366,2,    184.9,2,  -999.00,9,  -999.00,9,  -999.00,9,   -999.0,9,   -999.0,9,  -999.00,9, 20050921,     1523
  18HU20050904, Davis,   129,  1, 287038,      2,2,20050921,1523, 65.0343, -57.4842,  734,    597.8,   3.5299,  34.7611,2,    186.4,2,  -999.00,9,  -999.00,9,  -999.00,9,   -999.0,9,   -999.0,9,  -999.00,9, 20050921,     1525
  18HU20050904, Davis,   129,  1, 287039,      3,2,20050921,1523, 65.0343, -57.4842,  734,    398.4,   4.0444,  34.7774,2,    216.1,2,  -999.00,9,  -999.00,9,  -999.00,9,   -999.0,9,   -999.0,9,  -999.00,9, 20050921,     1529
  18HU20050904, Davis,   129,  1, 287040,      4,2,20050921,1523, 65.0343, -57.4842,  734,    197.6,   3.4069,  34.6158,2,    210.7,2,  -999.00,9,  -999.00,9,  -999.00,9,   -999.0,9,   -999.0,9,  -999.00,9, 20050921,     1532
  18HU20050904, Davis,   129,  1, 287041,      5,2,20050921,1523, 65.0343, -57.4842,  734,     98.1,   2.4859,  34.2995,2,    215.5,2,  -999.00,9,  -999.00,9,  -999.00,9,   -999.0,9,   -999.0,9,  -999.00,9, 20050921,     1534
  18HU20050904, Davis,   129,  1, 287042,      6,2,20050921,1523, 65.0343, -57.4842,  734,     50.0,   2.5791,  34.0816,2,    209.9,2,  -999.00,9,  -999.00,9,  -999.00,9,   -999.0,9,   -999.0,9,  -999.00,9, 20050921,     1534
  18HU20050904, Davis,   129,  1, 287043,      7,2,20050921,1523, 65.0343, -57.4842,  734,     18.1,   4.4389,  33.0977,2,    232.3,2,  -999.00,9,  -999.00,9,  -999.00,9,   -999.0,9,   -999.0,9,  -999.00,9, 20050921,     1535
  18HU20050904, Davis,   129,  1, 287044,      8,2,20050921,1523, 65.0343, -57.4842,  734,      1.7,   3.2843,  32.4993,2,    247.2,2,  -999.00,9,  -999.00,9,  -999.00,9,   -999.0,9,   -999.0,9,  -999.00,9, 20050921,     1536
  18HU20050904, Davis,   130,  1, 287045,      1,2,20050921,1728, 65.0343, -56.6345,  663,    654.7,   3.6905,  34.8433,2,    186.2,2,  -999.00,9,  -999.00,9,  -999.00,9,   -999.0,9,   -999.0,9,  -999.00,9, 20050921,     1728
  18HU20050904, Davis,   130,  1, 287046,      2,2,20050921,1728, 65.0343, -56.6345,  663,    599.7,   3.2953,  34.7498,2,    184.5,2,  -999.00,9,  -999.00,9,  -999.00,9,   -999.0,9,   -999.0,9,  -999.00,9, 20050921,     1729
  18HU20050904, Davis,   130,  1, 287047,      3,2,20050921,1728, 65.0343, -56.6345,  663,    398.2,   3.8955,  34.7622,2,    208.8,2,  -999.00,9,  -999.00,9,  -999.00,9,   -999.0,9,   -999.0,9,  -999.00,9, 20050921,     1732
  18HU20050904, Davis,   130,  1, 287048,      4,2,20050921,1728, 65.0343, -56.6345,  663,    197.9,   3.6619,  34.6628,2,    211.0,2,  -999.00,9,  -999.00,9,  -999.00,9,   -999.0,9,   -999.0,9,  -999.00,9, 20050921,     1736
  18HU20050904, Davis,   130,  1, 287049,      5,2,20050921,1728, 65.0343, -56.6345,  663,     98.8,   2.2518,  34.3639,2,    222.4,2,  -999.00,9,  -999.00,9,  -999.00,9,   -999.0,9,   -999.0,9,  -999.00,9, 20050921,     1737
  18HU20050904, Davis,   130,  1, 287050,      6,2,20050921,1728, 65.0343, -56.6345,  663,     48.1,   3.7408,  34.2861,2,    224.3,2,  -999.00,9,  -999.00,9,  -999.00,9,   -999.0,9,   -999.0,9,  -999.00,9, 20050921,     1738
  18HU20050904, Davis,   130,  1, 287051,      7,2,20050921,1728, 65.0343, -56.6345,  663,     17.5,   5.5531,  33.6788,2,    229.2,2,  -999.00,9,  -999.00,9,  -999.00,9,   -999.0,9,   -999.0,9,  -999.00,9, 20050921,     1739
  18HU20050904, Davis,   130,  1, 287052,      8,2,20050921,1728, 65.0343, -56.6345,  663,      1.6,   5.5431,  33.6546,2,    232.2,2,  -999.00,9,  -999.00,9,  -999.00,9,   -999.0,9,   -999.0,9,  -999.00,9, 20050921,     1739
  18HU20050904, Davis,   131,  1, 287053,      1,2,20050921,1936, 65.0338, -55.7800,  843,    833.2,   4.0959,  34.9037,2,    199.2,2,  -999.00,9,  -999.00,9,  -999.00,9,   -999.0,9,   -999.0,9,  -999.00,9, 20050921,     1936
  18HU20050904, Davis,   131,  1, 287054,      2,2,20050921,1936, 65.0338, -55.7800,  843,    598.0,   4.5749,  34.8970,2,    210.1,2,  -999.00,9,  -999.00,9,  -999.00,9,   -999.0,9,   -999.0,9,  -999.00,9, 20050921,     1940
  18HU20050904, Davis,   131,  1, 287055,      3,2,20050921,1936, 65.0338, -55.7800,  843,    397.5,   4.0837,  34.7738,2,    216.8,2,  -999.00,9,  -999.00,9,  -999.00,9,   -999.0,9,   -999.0,9,  -999.00,9, 20050921,     1943
  18HU20050904, Davis,   131,  1, 287056,      4,2,20050921,1936, 65.0338, -55.7800,  843,    200.0,   3.7507,  34.6420,2,    219.9,2,  -999.00,9,  -999.00,9,  -999.00,9,   -999.0,9,   -999.0,9,  -999.00,9, 20050921,     1946
  18HU20050904, Davis,   131,  1, 287057,      5,2,20050921,1936, 65.0338, -55.7800,  843,     97.4,   2.7054,  34.3751,2,    227.4,2,  -999.00,9,  -999.00,9,  -999.00,9,   -999.0,9,   -999.0,9,  -999.00,9, 20050921,     1948
  18HU20050904, Davis,   131,  1, 287058,      6,2,20050921,1936, 65.0338, -55.7800,  843,     48.4,   3.9219,  34.1837,2,    223.9,2,  -999.00,9,  -999.00,9,  -999.00,9,   -999.0,9,   -999.0,9,  -999.00,9, 20050921,     1949
  18HU20050904, Davis,   131,  1, 287059,      7,2,20050921,1936, 65.0338, -55.7800,  843,     19.0,   5.6499,  33.6813,2,    228.2,2,  -999.00,9,  -999.00,9,  -999.00,9,   -999.0,9,   -999.0,9,  -999.00,9, 20050921,     1949
  18HU20050904, Davis,   131,  1, 287060,      8,2,20050921,1936, 65.0338, -55.7800,  843,      2.1,   5.6867,  33.6777,2,    231.0,2,  -999.00,9,  -999.00,9,  -999.00,9,   -999.0,9,   -999.0,9,  -999.00,9, 20050921,     1950
  18HU20050904, Davis,   133,  1, 287061,      1,2,20050921,2212, 65.0347, -55.0448,  663,    649.9,   4.7567,  34.9437,2,    211.3,2,  -999.00,9,  -999.00,9,  -999.00,9,   -999.0,9,   -999.0,9,  -999.00,9, 20050921,     2212
  18HU20050904, Davis,   133,  1, 287062,      2,2,20050921,2212, 65.0347, -55.0448,  663,    599.4,   4.8024,  34.9399,2,    212.9,2,  -999.00,9,  -999.00,9,  -999.00,9,   -999.0,9,   -999.0,9,  -999.00,9, 20050921,     2213
  18HU20050904, Davis,   133,  1, 287063,      3,2,20050921,2212, 65.0347, -55.0448,  663,    398.8,   4.7532,  34.8663,2,    213.8,2,  -999.00,9,  -999.00,9,  -999.00,9,   -999.0,9,   -999.0,9,  -999.00,9, 20050921,     2217
  18HU20050904, Davis,   133,  1, 287064,      4,2,20050921,2212, 65.0347, -55.0448,  663,    198.4,   5.2316,  34.7516,2,    212.3,2,  -999.00,9,  -999.00,9,  -999.00,9,   -999.0,9,   -999.0,9,  -999.00,9, 20050921,     2220
  18HU20050904, Davis,   133,  1, 287065,      5,2,20050921,2212, 65.0347, -55.0448,  663,     94.6,   5.7233,  34.5396,2,    214.5,2,  -999.00,9,  -999.00,9,  -999.00,9,   -999.0,9,   -999.0,9,  -999.00,9, 20050921,     2222
  18HU20050904, Davis,   133,  1, 287066,      6,2,20050921,2212, 65.0347, -55.0448,  663,     48.6,   5.9919,  34.0162,2,    221.0,2,  -999.00,9,  -999.00,9,  -999.00,9,   -999.0,9,   -999.0,9,  -999.00,9, 20050921,     2223
  18HU20050904, Davis,   133,  1, 287067,      7,2,20050921,2212, 65.0347, -55.0448,  663,     18.7,   6.3259,  33.8490,2,    224.7,2,  -999.00,9,  -999.00,9,  -999.00,9,   -999.0,9,   -999.0,9,  -999.00,9, 20050921,     2223
  18HU20050904, Davis,   133,  1, 287068,      8,2,20050921,2212, 65.0347, -55.0448,  663,      2.8,   5.3782,  33.2499,2,    235.4,2,  -999.00,9,  -999.00,9,  -999.00,9,   -999.0,9,   -999.0,9,  -999.00,9, 20050921,     2224
  18HU20050904, Davis,   135,  1, 287069,      1,2,20050922,0010, 65.0335, -54.4072,  148,    142.8,   2.9551,  34.0435,2,    221.3,2,  -999.00,9,  -999.00,9,  -999.00,9,   -999.0,9,   -999.0,9,  -999.00,9, 20050922,       10
  18HU20050904, Davis,   135,  1, 287070,      2,2,20050922,0010, 65.0335, -54.4072,  148,     98.1,   3.3011,  34.0374,2,    221.5,2,  -999.00,9,  -999.00,9,  -999.00,9,   -999.0,9,   -999.0,9,  -999.00,9, 20050922,       11
  18HU20050904, Davis,   135,  1, 287071,      3,2,20050922,0010, 65.0335, -54.4072,  148,     50.2,   3.7925,  33.7643,2,    228.5,2,  -999.00,9,  -999.00,9,  -999.00,9,   -999.0,9,   -999.0,9,  -999.00,9, 20050922,       12
  18HU20050904, Davis,   135,  1, 287072,      4,2,20050922,0010, 65.0335, -54.4072,  148,     19.2,   4.6976,  32.7990,2,    237.7,2,  -999.00,9,  -999.00,9,  -999.00,9,   -999.0,9,   -999.0,9,  -999.00,9, 20050922,       12
  18HU20050904, Davis,   135,  1, 287073,      5,2,20050922,0010, 65.0335, -54.4072,  148,      1.0,   4.6957,  32.7537,2,    239.3,2,  -999.00,9,  -999.00,9,  -999.00,9,   -999.0,9,   -999.0,9,  -999.00,9, 20050922,       13
END_DATA
