BOTTLE,20140508CCHSIOGR
#CTDPRS units changed from 'DBARS' to 'DBAR'
#Changed chief scientists
#BOTTLE,20081204PRINUNIVRMKPRINUNIVRMK
# 9/17/07 Initialized README file  
# Data from CCHDO 7/27/07 
# Ship: Polar Star 
# Cruise: 32PZAWS02I 
# Cruise dates: 7/15-8/13/2002 
# EXPOCODE: 32PZ20020715 
# Region: Dutch Harbor to Barrow AK; 4 short sections north of Alaska  
# Chief Scientist: Thomas J. Weingartner and Robert S. Pickart
# 63 stations with 24 place Rosette 
# Hydro: Who - J. Swift; Status - final 
# 	Notes:Seabird 911 CTD	 
# Nuts: Who - J. Swift; Status - final 
# 	Notes:No oxygen data 
# References: 
# Swift, J. and L. Codispoti, AWS02-I (Polar Star) Data Documentation 
EXPOCODE,SECT_ID,STNNBR,CASTNO,SAMPNO,BTLNBR,BTLNBR_FLAG_W,DATE,LATITUDE,LONGITUDE,DEPTH,CTDPRS,CTDTMP,CTDSAL,CTDSAL_FLAG_W,SALNTY,SALNTY_FLAG_W,SILCAT,SILCAT_FLAG_W,NITRAT,NITRAT_FLAG_W,NITRIT,NITRIT_FLAG_W,PHSPHT,PHSPHT_FLAG_W
,,,,,,,,,,METERS,DBAR,ITS-90,PSS-78,,PSS-78,,UMOL/KG,,UMOL/KG,,UMOL/KG,,UMOL/KG,
  32PZ20020715,Arctic,     3,  1,    106,      6,2,20020719, 70.7005,-168.9023,   33,      1.0,   4.7250,  31.1061,2,  31.1175,2,     3.82,2,     0.00,2,     0.00,2,     0.24,2
  32PZ20020715,Arctic,     3,  1,    105,      5,2,20020719, 70.7005,-168.9023,   33,      9.8,   4.4777,  31.1296,2,  31.1865,2,     3.72,2,     0.00,2,     0.00,2,     0.31,2
  32PZ20020715,Arctic,     3,  1,    104,      4,2,20020719, 70.7005,-168.9023,   33,     14.7,   4.2641,  31.1449,2,  31.3663,2,  -999.00,5,  -999.00,5,  -999.00,5,  -999.00,5
  32PZ20020715,Arctic,     3,  1,    103,      3,2,20020719, 70.7005,-168.9023,   33,     19.5,   0.7564,  31.8547,2,  32.0343,2,     2.22,2,     0.02,2,     0.00,2,     0.37,2
  32PZ20020715,Arctic,     3,  1,    102,      2,2,20020719, 70.7005,-168.9023,   33,     24.8,  -0.0693,  32.3052,2,  32.3012,2,     0.00,2,     0.02,2,     0.00,2,     0.46,2
  32PZ20020715,Arctic,     3,  1,    101,      1,2,20020719, 70.7005,-168.9023,   33,     29.4,  -0.0804,  32.3276,2,  32.2481,2,     0.18,2,     0.02,2,     0.00,2,     0.45,2
  32PZ20020715,Arctic,     4,  1,    105,      5,2,20020719, 70.7012,-168.2192,   45,      0.7,   3.7803,  30.9751,2,  31.0672,2,     5.09,2,     0.00,2,     0.00,2,     0.33,2
  32PZ20020715,Arctic,     4,  1,    104,      4,2,20020719, 70.7012,-168.2192,   45,     11.7,   2.7667,  31.1037,2,  31.7018,2,     7.16,2,     0.04,2,     0.00,2,     0.55,2
  32PZ20020715,Arctic,     4,  1,    103,      3,2,20020719, 70.7012,-168.2192,   45,     26.7,  -0.3385,  32.2804,2,  32.3609,2,     7.60,2,     0.99,2,     0.04,2,     0.87,2
  32PZ20020715,Arctic,     4,  1,    102,      2,2,20020719, 70.7012,-168.2192,   45,     33.6,  -0.4167,  32.3325,2,  32.7359,2,    21.32,2,     6.86,2,     0.19,2,     1.43,2
  32PZ20020715,Arctic,     4,  1,    101,      1,2,20020719, 70.7012,-168.2192,   45,     43.3,  -1.5561,  32.9766,2,  32.9726,2,    35.63,2,    11.37,2,     0.30,2,     1.86,2
  32PZ20020715,Arctic,     5,  1,    105,      5,2,20020720, 70.7010,-167.5422,   54,      3.8,   3.5147,  31.0635,2,  31.0899,2,    12.15,2,     0.00,2,     0.00,2,     0.35,2
  32PZ20020715,Arctic,     5,  1,    104,      4,2,20020720, 70.7010,-167.5422,   54,     12.1,   3.1626,  31.1451,2,  31.2070,2,    12.60,2,     0.00,2,     0.00,2,     0.37,2
  32PZ20020715,Arctic,     5,  1,    103,      3,2,20020720, 70.7010,-167.5422,   54,     16.9,  -0.6377,  32.4475,2,  32.1714,2,    18.86,2,     0.10,2,     0.00,2,     0.54,2
  32PZ20020715,Arctic,     5,  1,    102,      2,9,20020720, 70.7010,-167.5422,   54,     36.6,  -1.4023,  32.9749,2,-999.0000,9,  -999.00,9,  -999.00,9,  -999.00,9,  -999.00,9
  32PZ20020715,Arctic,     5,  1,    101,      1,9,20020720, 70.7010,-167.5422,   54,     50.5,  -1.4147,  32.9767,2,-999.0000,9,  -999.00,9,  -999.00,9,  -999.00,9,  -999.00,9
  32PZ20020715,Arctic,     6,  1,    105,      5,2,20020720, 70.6997,-166.8607,   48,      2.9,   5.7893,  31.2326,2,  31.3294,2,     6.97,2,     0.00,2,     0.00,2,     0.32,2
  32PZ20020715,Arctic,     6,  1,    104,      4,2,20020720, 70.6997,-166.8607,   48,     15.5,   1.6930,  31.5693,2,  31.6855,2,     5.13,2,     0.11,2,     0.00,2,     0.32,2
  32PZ20020715,Arctic,     6,  1,    103,      3,2,20020720, 70.6997,-166.8607,   48,     25.2,   1.3583,  31.7598,2,  32.0263,2,     4.27,2,     0.71,2,     0.00,2,     0.47,2
  32PZ20020715,Arctic,     6,  1,    102,      2,2,20020720, 70.6997,-166.8607,   48,     35.2,  -0.7049,  32.4150,2,  32.4473,2,     1.89,2,     3.47,2,     0.01,2,     0.99,2
  32PZ20020715,Arctic,     6,  1,    101,      1,2,20020720, 70.6997,-166.8607,   48,     45.2,  -0.7645,  32.4935,2,  32.4550,2,     2.11,2,     3.74,2,     0.01,2,     1.03,2
  32PZ20020715,Arctic,     7,  1,    105,      5,2,20020720, 70.7005,-166.1813,   41,      2.2,   5.5088,  31.1539,2,  31.1703,2,     2.69,2,     0.01,2,     0.00,2,     0.21,2
  32PZ20020715,Arctic,     7,  1,    104,      4,2,20020720, 70.7005,-166.1813,   41,     10.7,   4.8935,  31.2193,2,  31.8215,2,     2.05,2,     0.07,2,     0.00,2,     0.25,2
  32PZ20020715,Arctic,     7,  1,    103,      3,2,20020720, 70.7005,-166.1813,   41,     18.3,  -0.0002,  32.2540,2,  32.2659,2,     1.41,2,     1.52,2,     0.00,2,     0.53,2
  32PZ20020715,Arctic,     7,  1,    102,      2,2,20020720, 70.7005,-166.1813,   41,     28.3,  -0.9434,  32.4980,2,  32.5030,2,     1.20,2,     4.00,2,     0.02,2,     1.06,2
  32PZ20020715,Arctic,     7,  1,    101,      1,2,20020720, 70.7005,-166.1813,   41,     38.1,  -0.9910,  32.5099,2,  32.4774,2,     1.31,2,     3.44,2,     0.00,2,     1.00,2
  32PZ20020715,Arctic,     8,  1,    105,      5,2,20020720, 70.7018,-165.5042,   44,      2.2,   5.9578,  29.9207,2,  30.2689,2,     4.72,2,     0.00,2,     0.00,2,     0.39,2
  32PZ20020715,Arctic,     8,  1,    104,      4,2,20020720, 70.7018,-165.5042,   44,     11.4,   4.8984,  30.8446,2,  31.2900,2,     2.87,2,     0.00,2,     0.00,2,     0.31,2
  32PZ20020715,Arctic,     8,  1,    103,      3,2,20020720, 70.7018,-165.5042,   44,     21.6,   2.2117,  31.4503,2,  32.0145,2,     2.23,2,     0.19,2,     0.00,2,     0.54,2
  32PZ20020715,Arctic,     8,  1,    102,      2,2,20020720, 70.7018,-165.5042,   44,     31.0,  -0.8077,  32.1970,2,  32.2706,2,     2.78,2,     1.25,2,     0.00,2,     0.84,2
  32PZ20020715,Arctic,     8,  1,    101,      1,2,20020720, 70.7018,-165.5042,   44,     41.0,  -1.0646,  32.3256,2,  32.3095,2,     3.11,2,     2.21,2,     0.00,2,     0.97,2
  32PZ20020715,Arctic,     9,  1,    107,      7,2,20020721, 73.0042,-166.0085,   60,      2.3,  -1.4354,  31.4173,2,  31.7608,2,    36.27,2,     0.80,2,     0.01,2,     1.37,2
  32PZ20020715,Arctic,     9,  1,    106,      6,2,20020721, 73.0042,-166.0085,   60,      9.3,  -1.5274,  31.8465,2,  32.0809,2,    39.10,2,     4.80,2,     0.10,2,     1.62,2
  32PZ20020715,Arctic,     9,  1,    105,      5,2,20020721, 73.0042,-166.0085,   60,     16.1,  -1.6358,  31.9920,2,  32.4555,2,    43.41,2,     9.56,2,     0.16,2,     1.90,2
  32PZ20020715,Arctic,     9,  1,    104,      4,2,20020721, 73.0042,-166.0085,   60,     26.3,  -1.7423,  33.0289,2,  33.2210,2,    48.84,2,    14.55,2,     0.17,2,     2.24,2
  32PZ20020715,Arctic,     9,  1,    103,      3,2,20020721, 73.0042,-166.0085,   60,     35.9,  -1.7649,  33.3148,2,  33.3244,2,    52.02,2,    15.45,2,     0.14,2,     2.36,2
  32PZ20020715,Arctic,     9,  1,    102,      2,2,20020721, 73.0042,-166.0085,   60,     46.1,  -1.7656,  33.3336,2,  33.3402,2,    53.16,2,    15.65,2,     0.13,2,     2.42,2
  32PZ20020715,Arctic,     9,  1,    101,      1,2,20020721, 73.0042,-166.0085,   60,     55.8,  -1.7634,  33.3492,2,  33.3456,2,    54.08,2,    15.72,2,     0.13,2,     2.49,2
  32PZ20020715,Arctic,    10,  1,    108,      8,2,20020721, 73.0827,-166.0025,   62,      1.9,  -1.4529,  30.4426,2,  31.0412,2,    34.01,2,     4.34,2,     0.10,2,     1.51,2
  32PZ20020715,Arctic,    10,  1,    107,      7,2,20020721, 73.0827,-166.0025,   62,      9.6,  -1.6390,  31.8252,2,  31.6631,2,    41.02,2,     8.22,2,     0.18,2,     1.79,2
  32PZ20020715,Arctic,    10,  1,    106,      6,2,20020721, 73.0827,-166.0025,   62,     17.7,  -1.7131,  32.3486,2,  32.8022,2,    48.59,2,    14.59,2,     0.25,2,     2.17,2
  32PZ20020715,Arctic,    10,  1,    105,      5,2,20020721, 73.0827,-166.0025,   62,     27.8,  -1.7448,  33.0613,2,  33.1437,2,    45.06,2,    13.64,2,     0.22,2,     2.05,2
  32PZ20020715,Arctic,    10,  1,    104,      4,2,20020721, 73.0827,-166.0025,   62,     37.5,  -1.7638,  33.2061,2,  33.2619,2,    48.24,2,    14.46,2,     0.20,2,     2.20,2
  32PZ20020715,Arctic,    10,  1,    103,      3,2,20020721, 73.0827,-166.0025,   62,     47.3,  -1.7624,  33.3001,2,  33.2994,2,    51.19,2,    14.87,2,     0.18,2,     2.36,2
  32PZ20020715,Arctic,    10,  1,    102,      2,2,20020721, 73.0827,-166.0025,   62,     55.9,  -1.7615,  33.3006,2,-999.0000,9,    50.98,2,    14.80,2,     0.18,2,     2.35,2
  32PZ20020715,Arctic,    10,  1,    101,      1,2,20020721, 73.0827,-166.0025,   62,     56.9,  -1.7605,  33.3009,2,  33.2994,2,  -999.00,9,  -999.00,9,  -999.00,9,  -999.00,9
  32PZ20020715,Arctic,    11,  1,    107,      7,2,20020721, 73.1727,-165.9943,   64,      1.6,  -1.3984,  30.3458,2,  30.1588,2,    31.07,2,     3.70,2,     0.09,2,     1.30,2
  32PZ20020715,Arctic,    11,  1,    106,      6,2,20020721, 73.1727,-165.9943,   64,      9.5,  -1.5770,  31.6702,2,  31.7811,2,    42.46,2,     6.46,2,     0.16,2,     1.67,2
  32PZ20020715,Arctic,    11,  1,    105,      5,2,20020721, 73.1727,-165.9943,   64,     19.5,  -1.6267,  31.9335,2,  31.9786,2,    47.11,2,     9.30,2,     0.20,2,     1.87,2
  32PZ20020715,Arctic,    11,  1,    104,      4,2,20020721, 73.1727,-165.9943,   64,     29.5,  -1.6847,  32.1964,2,  32.7159,2,    47.65,2,    14.10,2,     0.23,2,     2.09,2
  32PZ20020715,Arctic,    11,  1,    103,      3,2,20020721, 73.1727,-165.9943,   64,     39.1,  -1.7572,  33.1913,2,  33.2230,2,    46.39,2,    14.29,2,     0.23,2,     2.10,2
  32PZ20020715,Arctic,    11,  1,    102,      2,2,20020721, 73.1727,-165.9943,   64,     49.3,  -1.7640,  33.3007,2,  33.3023,2,    51.39,2,    15.42,2,     0.23,2,     2.34,2
  32PZ20020715,Arctic,    11,  1,    101,      1,2,20020721, 73.1727,-165.9943,   64,     59.4,  -1.7605,  33.3031,2,  33.2942,2,    51.28,2,    15.35,2,     0.23,2,     2.37,2
  32PZ20020715,Arctic,    12,  1,    107,      7,2,20020721, 73.2512,-166.0143,   66,      1.7,  -1.5389,  31.5638,2,  31.3329,2,    29.79,2,     1.91,2,     0.06,2,     1.24,2
  32PZ20020715,Arctic,    12,  1,    106,      6,2,20020721, 73.2512,-166.0143,   66,     11.1,  -1.5767,  31.8534,2,  31.9832,2,    43.44,2,     7.86,2,     0.20,2,     1.75,2
  32PZ20020715,Arctic,    12,  1,    105,      5,2,20020721, 73.2512,-166.0143,   66,     23.1,  -1.6465,  32.0319,2,  32.1929,2,    47.30,2,    12.15,2,     0.23,2,     2.04,2
  32PZ20020715,Arctic,    12,  1,    104,      4,2,20020721, 73.2512,-166.0143,   66,     33.2,  -1.7167,  32.4686,2,  32.7129,2,    51.59,2,    15.46,2,     0.25,2,     2.26,2
  32PZ20020715,Arctic,    12,  1,    103,      3,2,20020721, 73.2512,-166.0143,   66,     42.7,  -1.7665,  32.9463,2,  33.0192,2,    52.49,2,    15.98,2,     0.25,2,     2.31,2
  32PZ20020715,Arctic,    12,  1,    102,      2,2,20020721, 73.2512,-166.0143,   66,     52.8,  -1.7615,  33.2739,2,  33.2745,2,    50.57,2,    15.40,2,     0.24,2,     2.41,2
  32PZ20020715,Arctic,    12,  1,    101,      1,2,20020721, 73.2512,-166.0143,   66,     62.6,  -1.7593,  33.2752,2,  33.2735,2,    51.02,2,    15.34,2,     0.23,2,     2.37,2
  32PZ20020715,Arctic,    13,  1,    107,      7,2,20020721, 73.3367,-166.0015,   72,      1.7,  -0.5681,  28.8832,2,  29.4172,2,     6.89,2,     0.07,2,     0.00,2,     0.74,2
  32PZ20020715,Arctic,    13,  1,    106,      6,2,20020721, 73.3367,-166.0015,   72,     16.6,  -1.5018,  30.9284,2,  31.6502,2,    33.82,2,     8.48,2,     0.11,2,     1.67,2
  32PZ20020715,Arctic,    13,  1,    105,      5,2,20020721, 73.3367,-166.0015,   72,     26.6,  -1.6865,  32.1756,2,  32.3156,2,    45.33,2,    14.10,2,     0.11,2,     2.12,2
  32PZ20020715,Arctic,    13,  1,    104,      4,2,20020721, 73.3367,-166.0015,   72,     36.3,  -1.7258,  32.2875,2,  32.3876,2,    54.75,2,    16.26,2,     0.17,2,     2.40,2
  32PZ20020715,Arctic,    13,  1,    103,      3,2,20020721, 73.3367,-166.0015,   72,     46.3,  -1.6886,  32.5007,2,  32.6695,2,    57.23,2,    17.14,2,     0.22,2,     2.44,2
  32PZ20020715,Arctic,    13,  1,    102,      2,2,20020721, 73.3367,-166.0015,   72,     56.0,  -1.7204,  32.9794,2,  33.1760,2,    53.37,2,    16.15,2,     0.22,2,     2.41,2
  32PZ20020715,Arctic,    13,  1,    101,      1,2,20020721, 73.3367,-166.0015,   72,     66.9,  -1.7543,  33.2564,2,  33.2418,2,    51.56,2,    15.34,2,     0.23,2,     2.37,2
  32PZ20020715,Arctic,    14,  1,    108,      8,2,20020721, 73.4112,-166.0075,   78,      2.0,  -0.8499,  29.4629,2,  29.5897,2,     4.40,2,     0.00,2,     0.00,2,     0.73,2
  32PZ20020715,Arctic,    14,  1,    107,      7,2,20020721, 73.4112,-166.0075,   78,      9.4,  -1.3284,  30.4956,2,  30.8780,2,     9.04,2,     0.65,2,     0.00,2,     0.87,2
  32PZ20020715,Arctic,    14,  1,    106,      6,2,20020721, 73.4112,-166.0075,   78,     20.1,  -1.6417,  32.0644,2,  32.0736,2,    43.67,2,    12.85,2,     0.17,2,     1.96,2
  32PZ20020715,Arctic,    14,  1,    105,      5,2,20020721, 73.4112,-166.0075,   78,     30.9,  -1.6943,  32.1711,2,  32.2052,2,    45.02,2,    14.22,2,     0.07,2,     2.11,2
  32PZ20020715,Arctic,    14,  1,    104,      4,2,20020721, 73.4112,-166.0075,   78,     43.7,  -1.7332,  32.2872,2,  32.4398,2,    52.94,2,    16.19,2,     0.08,2,     2.34,2
  32PZ20020715,Arctic,    14,  1,    103,      3,2,20020721, 73.4112,-166.0075,   78,     53.9,  -1.6932,  32.4790,2,  32.8168,2,    57.35,2,    16.70,2,     0.15,2,     2.48,2
  32PZ20020715,Arctic,    14,  1,    102,      2,2,20020721, 73.4112,-166.0075,   78,     63.1,  -1.6583,  33.0935,2,  33.1252,2,    59.25,2,    16.19,2,     0.14,2,     2.58,2
  32PZ20020715,Arctic,    14,  1,    101,      1,2,20020721, 73.4112,-166.0075,   78,     73.9,  -1.7206,  33.2332,2,  33.1335,2,    59.37,2,    16.20,2,     0.14,2,     2.58,2
  32PZ20020715,Arctic,    15,  1,    109,      9,2,20020721, 73.4930,-166.0022,   91,      2.0,  -0.9160,  29.7137,2,  29.7221,2,     3.65,2,     0.00,2,     0.00,2,     0.70,2
  32PZ20020715,Arctic,    15,  1,    108,      8,2,20020721, 73.4930,-166.0022,   91,      9.0,  -1.0644,  30.0352,2,  30.1037,2,     3.66,2,     0.00,2,     0.00,2,     0.72,2
  32PZ20020715,Arctic,    15,  1,    107,      7,2,20020721, 73.4930,-166.0022,   91,     19.9,  -1.5208,  30.7852,2,  31.0092,2,    14.97,2,     0.85,2,     0.00,2,     1.05,2
  32PZ20020715,Arctic,    15,  1,    106,      6,2,20020721, 73.4930,-166.0022,   91,     29.5,  -1.6422,  32.0883,2,  32.1701,2,    34.82,2,    10.57,2,     0.09,2,     1.75,2
  32PZ20020715,Arctic,    15,  1,    105,      5,2,20020721, 73.4930,-166.0022,   91,     41.5,  -1.6791,  32.2786,2,  32.3117,2,    48.06,2,    14.51,2,     0.05,2,     2.14,2
  32PZ20020715,Arctic,    15,  1,    104,      4,2,20020721, 73.4930,-166.0022,   91,     56.3,  -1.6341,  32.3765,2,  32.4847,2,    53.39,2,    15.92,2,     0.12,2,     2.30,2
  32PZ20020715,Arctic,    15,  1,    103,      3,2,20020721, 73.4930,-166.0022,   91,     66.0,  -1.5775,  32.6883,2,  32.8338,2,    54.84,2,    16.22,2,     0.13,2,     2.36,2
  32PZ20020715,Arctic,    15,  1,    102,      2,2,20020721, 73.4930,-166.0022,   91,     76.0,  -1.5773,  33.1050,2,  33.1684,2,    54.72,2,    15.46,2,     0.13,2,     2.39,2
  32PZ20020715,Arctic,    15,  1,    101,      1,2,20020721, 73.4930,-166.0022,   91,     86.2,  -1.7259,  33.2609,2,  33.2453,2,    56.64,2,    15.83,2,     0.14,2,     2.52,2
  32PZ20020715,Arctic,    16,  1,    109,      9,2,20020721, 73.5830,-166.0050,  106,     11.9,  -1.2819,  30.0478,2,  30.2205,2,     4.04,2,     0.08,2,     0.00,2,     0.74,2
  32PZ20020715,Arctic,    16,  1,    108,      8,9,20020721, 73.5830,-166.0050,  106,     22.7,  -1.4117,  30.5853,2,-999.0000,9,  -999.00,9,  -999.00,9,  -999.00,9,  -999.00,9
  32PZ20020715,Arctic,    16,  1,    107,      7,9,20020721, 73.5830,-166.0050,  106,     30.1,  -1.6002,  31.7297,2,-999.0000,9,  -999.00,9,  -999.00,9,  -999.00,9,  -999.00,9
  32PZ20020715,Arctic,    16,  1,    106,      6,2,20020721, 73.5830,-166.0050,  106,     37.4,  -1.6800,  32.0675,2,  32.1596,2,    46.77,2,    13.92,2,     0.10,2,     2.10,2
  32PZ20020715,Arctic,    16,  1,    105,      5,2,20020721, 73.5830,-166.0050,  106,     52.5,  -1.6648,  32.2609,2,  32.3334,2,    50.55,2,    15.38,2,     0.08,2,     2.21,2
  32PZ20020715,Arctic,    16,  1,    104,      4,2,20020721, 73.5830,-166.0050,  106,     72.2,  -1.6902,  32.5557,2,  32.7308,2,    51.05,2,    16.10,2,     0.11,2,     2.25,2
  32PZ20020715,Arctic,    16,  1,    103,      3,2,20020721, 73.5830,-166.0050,  106,     77.0,  -1.5927,  32.6652,2,  32.9412,2,    40.36,2,    14.13,2,     0.02,2,     2.00,2
  32PZ20020715,Arctic,    16,  1,    102,      2,2,20020721, 73.5830,-166.0050,  106,     91.8,  -1.5105,  33.3025,2,  33.3007,2,    51.07,2,    14.30,2,     0.09,2,     2.28,2
  32PZ20020715,Arctic,    16,  1,    101,      1,2,20020721, 73.5830,-166.0050,  106,    100.7,  -1.4678,  33.3134,2,  33.3031,2,    49.03,2,    14.37,2,     0.09,2,     2.25,2
  32PZ20020715,Arctic,    17,  1,    107,      7,2,20020722, 73.6088,-166.0133,  110,      1.8,  -1.1005,  29.1284,2,  29.5108,2,     2.67,2,     0.00,2,     0.00,2,     0.72,2
  32PZ20020715,Arctic,    17,  1,    106,      6,2,20020722, 73.6088,-166.0133,  110,     15.1,  -1.3148,  30.1212,2,  30.8576,2,     8.12,2,     0.96,2,     0.00,2,     0.97,2
  32PZ20020715,Arctic,    17,  1,    105,      5,2,20020722, 73.6088,-166.0133,  110,     25.1,  -1.5093,  31.3027,2,  31.5582,2,    13.93,2,     2.97,2,     0.04,2,     1.19,2
  32PZ20020715,Arctic,    17,  1,    104,      4,2,20020722, 73.6088,-166.0133,  110,     44.9,  -1.6340,  32.1187,2,  32.1828,2,    26.97,2,     8.47,2,     0.08,2,     1.63,2
  32PZ20020715,Arctic,    17,  1,    103,      3,2,20020722, 73.6088,-166.0133,  110,     64.3,  -1.6412,  32.3483,2,  32.4006,2,    50.10,2,    14.92,2,     0.11,2,     2.32,2
  32PZ20020715,Arctic,    17,  1,    102,      2,2,20020722, 73.6088,-166.0133,  110,     83.2,  -1.1772,  32.9046,2,  32.9833,2,    47.61,2,    15.27,2,     0.10,2,     2.33,2
  32PZ20020715,Arctic,    17,  1,    101,      1,2,20020722, 73.6088,-166.0133,  110,    103.7,  -1.6539,  33.2687,2,  33.2649,2,    55.21,2,    15.21,2,     0.15,2,     2.58,2
  32PZ20020715,Arctic,    18,  1,    109,      9,2,20020722, 73.6680,-166.0272,  116,      2.8,  -0.9814,  28.9470,2,  29.0614,2,     2.89,2,     0.00,2,     0.00,2,     0.70,2
  32PZ20020715,Arctic,    18,  1,    108,      8,2,20020722, 73.6680,-166.0272,  116,     12.7,  -1.2163,  29.5024,2,  29.7093,2,     3.10,2,     0.00,2,     0.00,2,     0.73,2
  32PZ20020715,Arctic,    18,  1,    107,      7,2,20020722, 73.6680,-166.0272,  116,     22.0,  -1.4021,  30.9440,2,  30.9809,2,     4.29,2,     0.00,2,     0.00,2,     0.79,2
  32PZ20020715,Arctic,    18,  1,    106,      6,2,20020722, 73.6680,-166.0272,  116,     41.6,  -1.4462,  31.7490,2,  31.7853,2,    17.24,2,     5.51,2,     0.17,2,     1.31,2
  32PZ20020715,Arctic,    18,  1,    105,      5,2,20020722, 73.6680,-166.0272,  116,     61.8,  -1.6663,  32.2308,2,  32.2559,2,    41.60,2,    13.25,2,     0.05,2,     2.10,2
  32PZ20020715,Arctic,    18,  1,    104,      4,2,20020722, 73.6680,-166.0272,  116,     81.5,  -1.6553,  32.4924,2,  32.7732,2,    56.60,2,    16.39,2,     0.20,2,     2.52,2
  32PZ20020715,Arctic,    18,  1,    103,      3,2,20020722, 73.6680,-166.0272,  116,     91.2,  -1.6636,  32.9264,2,  33.0584,2,    57.71,2,    16.35,2,     0.19,2,     2.61,2
  32PZ20020715,Arctic,    18,  1,    102,      2,2,20020722, 73.6680,-166.0272,  116,     99.4,  -1.7159,  33.1184,2,  33.1653,2,    57.70,2,    16.02,2,     0.18,2,     2.63,2
  32PZ20020715,Arctic,    18,  1,    101,      1,2,20020722, 73.6680,-166.0272,  116,    109.8,  -1.7149,  33.2189,2,  33.2043,2,    57.58,2,    15.96,2,     0.18,2,     2.64,2
  32PZ20020715,Arctic,    19,  1,    107,      7,2,20020722, 73.7468,-166.0470,  123,      4.4,  -0.8848,  28.7637,2,  29.2186,2,     2.78,2,     0.00,2,     0.00,2,     0.70,2
  32PZ20020715,Arctic,    19,  1,    106,      6,2,20020722, 73.7468,-166.0470,  123,     18.4,  -1.2998,  30.3093,2,  30.7907,2,     7.24,2,     1.11,2,     0.00,2,     0.89,2
  32PZ20020715,Arctic,    19,  1,    105,      5,2,20020722, 73.7468,-166.0470,  123,     37.9,  -1.6100,  31.3133,2,  31.4583,2,    16.14,2,     4.08,2,     0.06,2,     1.22,2
  32PZ20020715,Arctic,    19,  1,    104,      4,2,20020722, 73.7468,-166.0470,  123,     63.2,  -1.6773,  32.2343,2,  32.2687,2,    41.60,2,    13.30,2,     0.06,2,     2.08,2
  32PZ20020715,Arctic,    19,  1,    103,      3,2,20020722, 73.7468,-166.0470,  123,     87.8,  -1.6399,  32.4702,2,  32.6148,2,    55.84,2,    16.40,2,     0.18,2,     2.46,2
  32PZ20020715,Arctic,    19,  1,    102,      2,2,20020722, 73.7468,-166.0470,  123,    107.8,  -1.7041,  33.1254,2,  33.1880,2,    56.37,2,    15.80,2,     0.17,2,     2.56,2
  32PZ20020715,Arctic,    19,  1,    101,      1,2,20020722, 73.7468,-166.0470,  123,    117.6,  -1.6225,  33.2486,2,  33.2147,2,    55.70,2,    15.56,2,     0.16,2,     2.54,2
  32PZ20020715,Arctic,    20,  1,    106,      6,2,20020722, 73.8352,-165.9983,  136,      2.3,  -0.6606,  28.7076,2,  30.9635,2,     3.32,2,     0.00,2,     0.00,2,     0.72,2
  32PZ20020715,Arctic,    20,  1,    105,      5,2,20020722, 73.8352,-165.9983,  136,     23.0,  -1.4722,  30.7422,2,  30.9635,2,     7.03,2,     0.60,2,     0.00,2,     0.91,2
  32PZ20020715,Arctic,    20,  1,    104,      4,2,20020722, 73.8352,-165.9983,  136,     42.4,  -1.4174,  31.6795,2,  31.8658,2,    17.80,2,     6.16,2,     0.00,2,     1.32,2
  32PZ20020715,Arctic,    20,  1,    103,      3,2,20020722, 73.8352,-165.9983,  136,     80.9,  -1.5636,  32.3792,2,  32.4274,2,    34.23,2,    11.65,2,     0.00,2,     1.83,2
  32PZ20020715,Arctic,    20,  1,    102,      2,2,20020722, 73.8352,-165.9983,  136,    121.5,  -0.5858,  34.0871,2,  34.1921,2,    34.18,2,    13.97,2,     0.00,2,     1.75,2
  32PZ20020715,Arctic,    20,  1,    101,      1,2,20020722, 73.8352,-165.9983,  136,    131.9,  -0.1222,  34.4306,2,  34.3498,2,    32.73,2,    13.84,2,     0.00,2,     1.66,2
  32PZ20020715,Arctic,    21,  1,    107,      7,2,20020722, 73.9147,-166.0015,  154,      2.2,  -0.7464,  28.1967,2,  28.5129,2,     2.78,2,     0.00,2,     0.00,2,     0.69,2
  32PZ20020715,Arctic,    21,  1,    106,      6,2,20020722, 73.9147,-166.0015,  154,     20.4,  -1.2278,  29.6656,2,  30.5517,2,     7.47,2,     1.67,2,     0.00,2,     0.92,2
  32PZ20020715,Arctic,    21,  1,    105,      5,2,20020722, 73.9147,-166.0015,  154,     50.1,  -1.5378,  31.9998,2,  32.1000,2,    23.55,2,     7.76,2,     0.06,2,     1.51,2
  32PZ20020715,Arctic,    21,  1,    104,      4,2,20020722, 73.9147,-166.0015,  154,     89.8,  -1.6276,  32.4051,2,  32.5544,2,    47.90,2,    14.36,2,     0.07,2,     2.25,2
  32PZ20020715,Arctic,    21,  1,    103,      3,2,20020722, 73.9147,-166.0015,  154,    118.8,  -0.7306,  33.8796,2,  34.1313,2,    30.63,2,    13.57,2,     0.00,2,     1.67,2
  32PZ20020715,Arctic,    21,  1,    102,      2,2,20020722, 73.9147,-166.0015,  154,    138.6,   0.1129,  34.5457,2,  34.5573,2,    24.84,2,    13.12,2,     0.00,2,     1.34,2
  32PZ20020715,Arctic,    21,  1,    101,      1,2,20020722, 73.9147,-166.0015,  154,    147.3,   0.1820,  34.5739,2,  34.5714,2,    25.06,2,    13.02,2,     0.09,2,     1.34,2
  32PZ20020715,Arctic,    22,  1,    107,      7,2,20020722, 73.9997,-166.0155,  176,      2.2,  -0.9635,  28.5789,2,  28.7500,2,     2.78,2,     0.00,2,     0.00,2,     0.72,2
  32PZ20020715,Arctic,    22,  1,    106,      6,2,20020722, 73.9997,-166.0155,  176,     15.5,  -1.1354,  29.1159,2,  29.1542,2,     3.00,2,     0.00,2,     0.00,2,     0.75,2
  32PZ20020715,Arctic,    22,  1,    105,      5,2,20020722, 73.9997,-166.0155,  176,     30.4,  -1.3782,  30.8017,2,  31.4261,2,    13.44,2,     3.91,2,     0.02,2,     1.20,2
  32PZ20020715,Arctic,    22,  1,    104,      4,2,20020722, 73.9997,-166.0155,  176,     64.7,  -1.4664,  32.1476,2,  32.2638,2,    26.90,2,     9.41,2,     0.00,2,     1.69,2
  32PZ20020715,Arctic,    22,  1,    103,      3,2,20020722, 73.9997,-166.0155,  176,    106.1,  -1.5564,  32.9014,2,  33.0636,2,    32.62,2,    13.06,2,     0.00,2,     1.88,2
  32PZ20020715,Arctic,    22,  1,    102,      2,2,20020722, 73.9997,-166.0155,  176,    145.5,  -0.2476,  34.4058,2,  34.4700,2,    21.31,2,    13.12,2,     0.00,2,     1.30,2
  32PZ20020715,Arctic,    22,  1,    101,      1,2,20020722, 73.9997,-166.0155,  176,    167.7,   0.3187,  34.6332,2,  34.6291,2,    20.84,2,    12.99,2,     0.00,2,     1.22,2
  32PZ20020715,Arctic,    23,  1,    108,      8,2,20020722, 74.0845,-165.9773,  210,      2.3,  -0.7492,  28.6250,2,-999.0000,9,     2.78,2,     0.00,2,     0.00,2,     0.75,2
  32PZ20020715,Arctic,    23,  1,    107,      7,2,20020722, 74.0845,-165.9773,  210,     20.1,  -1.3175,  29.5084,2,  30.1536,2,     4.67,2,     0.19,2,     0.00,2,     0.81,2
  32PZ20020715,Arctic,    23,  1,    106,      6,2,20020722, 74.0845,-165.9773,  210,     40.0,  -1.4882,  31.4131,2,  31.6518,2,    15.77,2,     5.13,2,     0.03,2,     1.29,2
  32PZ20020715,Arctic,    23,  1,    105,      5,2,20020722, 74.0845,-165.9773,  210,     79.2,  -1.6223,  32.2835,2,  32.3696,2,    38.82,2,    12.82,2,     0.00,2,     2.07,2
  32PZ20020715,Arctic,    23,  1,    104,      4,2,20020722, 74.0845,-165.9773,  210,    118.8,  -1.2612,  33.2618,2,  33.5042,2,    31.57,2,    13.26,2,     0.00,2,     1.85,2
  32PZ20020715,Arctic,    23,  1,    103,      3,2,20020722, 74.0845,-165.9773,  210,    158.2,  -0.1092,  34.5017,2,  34.5486,2,    17.73,2,    12.67,2,     0.00,2,     1.17,2
  32PZ20020715,Arctic,    23,  1,    102,      2,2,20020722, 74.0845,-165.9773,  210,    197.3,   0.3661,  34.6549,2,  34.6579,2,    18.50,2,    12.74,2,     0.00,2,     1.16,2
  32PZ20020715,Arctic,    23,  1,    101,      1,2,20020722, 74.0845,-165.9773,  210,    207.2,   0.3669,  34.6549,2,  34.6576,2,    18.48,2,    12.67,2,     0.00,2,     1.16,2
  32PZ20020715,Arctic,    25,  1,    119,     19,2,20020728, 71.8355,-151.6633, 2260,      0.9,  -0.6664,  28.6543,2,  28.3709,2,     9.79,2,     0.48,2,     0.00,2,     0.70,2
  32PZ20020715,Arctic,    25,  1,    118,     18,2,20020728, 71.8355,-151.6633, 2260,     23.3,  -1.1373,  31.1132,2,  31.3138,2,    14.61,2,     1.40,2,     0.03,2,     0.98,2
  32PZ20020715,Arctic,    25,  1,    117,     17,2,20020728, 71.8355,-151.6633, 2260,     48.5,  -1.4092,  31.6996,2,  31.7307,2,    18.58,2,     2.79,2,     0.06,2,     1.16,2
  32PZ20020715,Arctic,    25,  1,    116,     16,2,20020728, 71.8355,-151.6633, 2260,     73.8,  -1.4662,  31.9387,2,  32.0056,2,    23.67,2,     4.53,2,     0.07,2,     1.32,2
  32PZ20020715,Arctic,    25,  1,    115,     15,2,20020728, 71.8355,-151.6633, 2260,     98.7,  -1.5729,  32.1903,2,  32.2065,2,    27.34,2,     6.39,2,     0.09,2,     1.53,2
  32PZ20020715,Arctic,    25,  1,    114,     14,2,20020728, 71.8355,-151.6633, 2260,    124.5,  -1.6212,  32.5087,2,  32.6616,2,    34.13,2,    10.72,2,     0.09,2,     1.83,2
  32PZ20020715,Arctic,    25,  1,    113,     13,2,20020728, 71.8355,-151.6633, 2260,    149.8,  -1.6087,  33.0522,2,  33.0742,2,    36.47,2,    15.02,2,     0.07,2,     1.92,2
  32PZ20020715,Arctic,    25,  1,    112,     12,2,20020728, 71.8355,-151.6633, 2260,    172.9,  -1.6494,  33.4225,2,  33.4371,2,    40.48,2,    15.64,2,     0.09,2,     1.97,2
  32PZ20020715,Arctic,    25,  1,    111,     11,2,20020728, 71.8355,-151.6633, 2260,    199.3,  -1.2846,  34.0464,2,  34.0748,2,    29.64,2,    15.61,2,     0.12,2,     1.63,2
  32PZ20020715,Arctic,    25,  1,    110,     10,2,20020728, 71.8355,-151.6633, 2260,    224.9,  -0.8164,  34.3766,2,  34.4481,2,    19.54,2,    15.08,2,     0.00,2,     1.30,2
  32PZ20020715,Arctic,    25,  1,    109,      9,2,20020728, 71.8355,-151.6633, 2260,    248.6,  -0.2027,  34.5689,2,  34.5769,2,    14.91,2,    14.90,2,     0.00,2,     1.14,2
  32PZ20020715,Arctic,    25,  1,    108,      8,2,20020728, 71.8355,-151.6633, 2260,    273.6,   0.2513,  34.6961,2,  34.7031,2,     8.87,2,    12.70,2,     0.00,2,     0.95,2
  32PZ20020715,Arctic,    25,  1,    107,      7,2,20020728, 71.8355,-151.6633, 2260,    301.0,   0.5067,  34.7582,2,  34.7594,2,    10.51,2,    14.33,2,     0.00,2,     1.00,2
  32PZ20020715,Arctic,    25,  1,    106,      6,2,20020728, 71.8355,-151.6633, 2260,    348.4,   0.6513,  34.8070,2,  34.8059,2,     7.12,2,    12.58,2,     0.00,2,     0.90,2
  32PZ20020715,Arctic,    25,  1,    105,      5,2,20020728, 71.8355,-151.6633, 2260,    401.0,   0.6051,  34.8234,2,  34.8233,2,  -999.00,9,  -999.00,9,  -999.00,9,  -999.00,9
  32PZ20020715,Arctic,    25,  1,    103,      3,2,20020728, 71.8355,-151.6633, 2260,    998.8,  -0.0281,  34.8862,2,  34.8846,2,  -999.00,9,  -999.00,9,  -999.00,9,  -999.00,9
  32PZ20020715,Arctic,    25,  1,    104,      4,2,20020728, 71.8355,-151.6633, 2260,    998.8,  -0.0280,  34.8862,2,  34.8843,2,     7.23,2,    12.76,2,     0.00,2,     0.93,2
  32PZ20020715,Arctic,    25,  1,    102,      2,2,20020728, 71.8355,-151.6633, 2260,   1999.8,  -0.4008,  34.9457,2,  34.9465,2,  -999.00,9,  -999.00,9,  -999.00,9,  -999.00,9
  32PZ20020715,Arctic,    25,  1,    101,      1,2,20020728, 71.8355,-151.6633, 2260,   2232.3,  -0.3938,  34.9558,2,  34.9581,2,  -999.00,9,  -999.00,9,  -999.00,9,  -999.00,9
  32PZ20020715,Arctic,    27,  1,    120,     20,2,20020728, 71.7523,-151.7473, 1898,      1.9,  -0.2888,  26.9596,2,  27.4296,2,     8.29,2,     0.34,2,     0.00,2,     0.63,2
  32PZ20020715,Arctic,    27,  1,    119,     19,2,20020728, 71.7523,-151.7473, 1898,     25.4,  -0.9484,  31.0228,2,  31.0542,2,    13.51,2,     1.04,2,     0.00,2,     0.90,2
  32PZ20020715,Arctic,    27,  1,    118,     18,2,20020728, 71.7523,-151.7473, 1898,     50.4,  -1.4469,  31.7489,2,  31.7550,2,    19.22,2,     2.60,2,     0.05,2,     1.22,2
  32PZ20020715,Arctic,    27,  1,    117,     17,2,20020728, 71.7523,-151.7473, 1898,     75.0,  -1.5003,  32.1218,2,  32.1381,2,    27.43,2,     5.87,2,     0.09,2,     1.58,2
  32PZ20020715,Arctic,    27,  1,    116,     16,2,20020728, 71.7523,-151.7473, 1898,    100.2,  -1.6509,  32.6400,2,  32.7865,2,    42.49,2,    12.22,2,     0.17,2,     2.06,2
  32PZ20020715,Arctic,    27,  1,    115,     15,2,20020728, 71.7523,-151.7473, 1898,    125.0,  -1.7053,  32.8974,2,  32.9029,2,    45.10,2,    13.03,2,     0.18,2,     2.14,2
  32PZ20020715,Arctic,    27,  1,    114,     14,2,20020728, 71.7523,-151.7473, 1898,    150.1,  -1.7233,  33.1357,2,  33.1440,2,    47.48,2,    13.69,2,     0.17,2,     2.20,2
  32PZ20020715,Arctic,    27,  1,    113,     13,2,20020728, 71.7523,-151.7473, 1898,    173.3,  -1.2898,  33.5997,2,  33.7645,2,    34.64,2,    13.33,2,     0.11,2,     1.86,2
  32PZ20020715,Arctic,    27,  1,    112,     12,2,20020728, 71.7523,-151.7473, 1898,    200.4,  -0.9499,  34.2763,2,  34.2965,2,    24.81,2,    13.39,2,     0.10,2,     1.53,2
  32PZ20020715,Arctic,    27,  1,    111,     11,2,20020728, 71.7523,-151.7473, 1898,    225.2,  -0.3725,  34.5242,2,  34.5428,2,    15.95,2,    12.84,2,     0.00,2,     1.21,2
  32PZ20020715,Arctic,    27,  1,    110,     10,2,20020728, 71.7523,-151.7473, 1898,    250.3,   0.0540,  34.6531,2,  34.6655,2,    13.28,2,    12.73,2,     0.00,2,     1.12,2
  32PZ20020715,Arctic,    27,  1,    109,      9,2,20020728, 71.7523,-151.7473, 1898,    275.4,   0.2720,  34.7207,2,  34.7247,2,    11.05,2,    12.55,2,     0.00,2,     1.06,2
  32PZ20020715,Arctic,    27,  1,    108,      8,2,20020728, 71.7523,-151.7473, 1898,    301.1,   0.4764,  34.7643,2,  34.8052,2,     9.39,2,    12.43,2,     0.00,2,     1.00,2
  32PZ20020715,Arctic,    27,  1,    107,      7,2,20020728, 71.7523,-151.7473, 1898,    350.8,   0.5158,  34.8010,2,  34.8034,2,     8.40,2,    12.31,2,     0.00,2,     0.98,2
  32PZ20020715,Arctic,    27,  1,    106,      6,2,20020728, 71.7523,-151.7473, 1898,    401.0,   0.5139,  34.8193,2,  34.8192,2,     8.18,2,    12.32,2,     0.00,2,     0.97,2
  32PZ20020715,Arctic,    27,  1,    105,      5,2,20020728, 71.7523,-151.7473, 1898,    503.2,   0.4854,  34.8446,2,  34.8430,2,     7.52,2,    12.27,2,     0.00,2,     0.95,2
  32PZ20020715,Arctic,    27,  1,    104,      4,2,20020728, 71.7523,-151.7473, 1898,   1002.0,  -0.0037,  34.8844,2,  34.8835,2,     7.53,2,    12.38,2,     0.00,2,     0.97,2
  32PZ20020715,Arctic,    27,  1,    103,      3,2,20020728, 71.7523,-151.7473, 1898,   1403.4,  -0.2393,  34.9083,2,  34.9061,2,     8.52,2,    12.79,2,     0.00,2,     1.01,2
  32PZ20020715,Arctic,    27,  1,    102,      2,2,20020728, 71.7523,-151.7473, 1898,   1746.1,  -0.3697,  34.9316,2,  34.9308,2,    10.41,2,    13.45,2,  -999.00,9,     1.07,2
  32PZ20020715,Arctic,    27,  1,    101,      1,2,20020728, 71.7523,-151.7473, 1898,   1857.1,  -0.3877,  34.9383,2,  34.9382,2,    11.41,2,    13.63,2,  -999.00,9,     1.11,2
  32PZ20020715,Arctic,    28,  1,    119,     19,2,20020728, 71.6553,-151.7412, 1211,      7.1,  -0.9135,  29.3830,2,  29.6461,2,    12.03,2,     0.16,2,     0.00,2,     0.74,2
  32PZ20020715,Arctic,    28,  1,    118,     18,2,20020728, 71.6553,-151.7412, 1211,     18.7,  -1.0442,  30.8975,2,  31.4446,2,    19.05,2,     2.01,2,     0.02,2,     1.09,2
  32PZ20020715,Arctic,    28,  1,    117,     17,2,20020728, 71.6553,-151.7412, 1211,     43.0,  -1.4915,  32.1403,2,  32.1688,2,    25.22,2,     4.94,2,     0.06,2,     1.45,2
  32PZ20020715,Arctic,    28,  1,    116,     16,2,20020728, 71.6553,-151.7412, 1211,     57.6,  -1.5339,  32.2584,2,  32.2593,2,    26.45,2,     5.72,2,     0.07,2,     1.50,2
  32PZ20020715,Arctic,    28,  1,    115,     15,2,20020728, 71.6553,-151.7412, 1211,     74.1,  -1.5636,  32.3420,2,  32.3412,2,    28.59,2,     6.68,2,     0.09,2,     1.60,2
  32PZ20020715,Arctic,    28,  1,    114,     14,2,20020728, 71.6553,-151.7412, 1211,     87.5,  -1.6206,  32.4165,2,-999.0000,9,    31.18,2,     7.99,2,     0.10,2,     1.67,2
  32PZ20020715,Arctic,    28,  1,    113,     13,2,20020728, 71.6553,-151.7412, 1211,    103.2,  -1.6505,  32.5274,2,  32.5326,2,    34.46,2,     9.24,2,     0.12,2,     1.77,2
  32PZ20020715,Arctic,    28,  1,    112,     12,2,20020728, 71.6553,-151.7412, 1211,    124.7,  -1.7048,  32.8130,2,  32.8098,2,    42.61,2,    12.10,2,     0.18,2,     1.98,2
  32PZ20020715,Arctic,    28,  1,    111,     11,2,20020728, 71.6553,-151.7412, 1211,    146.2,  -1.7219,  32.9060,2,  32.9041,2,    44.86,2,    12.72,2,     0.19,2,     2.02,2
  32PZ20020715,Arctic,    28,  1,    110,     10,2,20020728, 71.6553,-151.7412, 1211,    258.3,   0.1585,  34.6664,2,-999.0000,9,     7.21,2,    12.19,2,     0.00,2,     0.90,2
  32PZ20020715,Arctic,    28,  1,    109,      9,2,20020728, 71.6553,-151.7412, 1211,    402.0,   0.5773,  34.8206,2,  34.8206,2,     7.21,2,    12.19,2,     0.00,2,     0.92,2
  32PZ20020715,Arctic,    28,  1,    108,      8,2,20020728, 71.6553,-151.7412, 1211,    590.2,   0.4135,  34.8531,2,  34.8515,2,     6.88,2,    12.24,2,     0.00,2,     0.91,2
  32PZ20020715,Arctic,    28,  1,    107,      7,2,20020728, 71.6553,-151.7412, 1211,    800.8,   0.2015,  34.8705,2,  34.8695,2,     6.99,2,    12.24,2,     0.00,2,     0.91,2
  32PZ20020715,Arctic,    28,  1,    106,      6,2,20020728, 71.6553,-151.7412, 1211,    901.8,   0.0858,  34.8776,2,  34.8768,2,     7.10,2,    12.28,2,     0.00,2,     0.92,2
  32PZ20020715,Arctic,    28,  1,    105,      5,2,20020728, 71.6553,-151.7412, 1211,    952.5,   0.0553,  34.8798,2,  34.8792,2,     7.10,2,    12.34,2,     0.00,2,     0.93,2
  32PZ20020715,Arctic,    28,  1,    104,      4,2,20020728, 71.6553,-151.7412, 1211,    999.6,   0.0146,  34.8829,2,  34.8829,2,     7.43,2,    12.39,2,     0.00,2,     0.94,2
  32PZ20020715,Arctic,    28,  1,    103,      3,2,20020728, 71.6553,-151.7412, 1211,   1051.5,  -0.0518,  34.8878,2,  34.8883,2,     7.65,2,    12.38,2,     0.00,2,     0.94,2
  32PZ20020715,Arctic,    28,  1,    102,      2,2,20020728, 71.6553,-151.7412, 1211,   1096.7,  -0.0738,  34.8901,2,  34.8897,2,     7.88,2,    12.44,2,     0.00,2,     0.96,2
  32PZ20020715,Arctic,    28,  1,    101,      1,2,20020728, 71.6553,-151.7412, 1211,   1150.7,  -0.1047,  34.8929,2,  34.8913,2,  -999.00,9,  -999.00,9,  -999.00,9,  -999.00,9
  32PZ20020715,Arctic,    30,  1,    120,     20,2,20020729, 71.6137,-151.7938, 1164,      4.2,  -0.1365,  27.4615,2,  28.3172,2,     8.69,2,    -0.01,2,     0.01,2,     0.59,2
  32PZ20020715,Arctic,    30,  1,    119,     19,2,20020729, 71.6137,-151.7938, 1164,     23.9,  -0.7836,  30.1852,2,  30.6119,2,    12.56,2,     0.05,2,     0.04,2,     0.80,2
  32PZ20020715,Arctic,    30,  1,    118,     18,2,20020729, 71.6137,-151.7938, 1164,     50.3,  -1.3406,  31.7433,2,  31.7985,2,    21.12,2,     3.21,2,     0.11,2,     1.24,2
  32PZ20020715,Arctic,    30,  1,    117,     17,2,20020729, 71.6137,-151.7938, 1164,     75.2,  -1.3914,  32.0242,2,  32.0334,2,    24.38,2,     4.32,2,     0.12,2,     1.38,2
  32PZ20020715,Arctic,    30,  1,    116,     16,2,20020729, 71.6137,-151.7938, 1164,    101.1,  -1.5789,  32.3549,2,  32.3516,2,    31.03,2,     7.80,2,     0.14,2,     1.64,2
  32PZ20020715,Arctic,    30,  1,    115,     15,2,20020729, 71.6137,-151.7938, 1164,    148.8,  -1.7198,  32.9645,2,  32.9514,2,    45.91,2,    12.82,2,     0.23,2,     2.02,2
  32PZ20020715,Arctic,    30,  1,    114,     14,2,20020729, 71.6137,-151.7938, 1164,    173.3,  -1.7090,  33.1889,2,-999.0000,5,    46.00,2,    13.49,2,     0.18,2,     2.05,2
  32PZ20020715,Arctic,    30,  1,    113,     13,2,20020729, 71.6137,-151.7938, 1164,    197.3,  -1.0304,  34.0981,2,  34.0868,2,    30.32,2,    13.30,2,     0.15,2,     1.63,2
  32PZ20020715,Arctic,    30,  1,    112,     12,2,20020729, 71.6137,-151.7938, 1164,    220.6,  -0.3359,  34.5019,2,  34.4955,2,    19.00,2,    12.74,2,     0.10,2,     1.25,2
  32PZ20020715,Arctic,    30,  1,    111,     11,2,20020729, 71.6137,-151.7938, 1164,    246.4,   0.1686,  34.6725,2,  34.6732,2,    13.59,2,    12.50,2,     0.05,2,     1.08,2
  32PZ20020715,Arctic,    30,  1,    110,     10,2,20020729, 71.6137,-151.7938, 1164,    271.3,   0.3501,  34.7379,2,  34.7349,2,    12.94,2,    12.42,2,     0.16,2,     1.09,2
  32PZ20020715,Arctic,    30,  1,    109,      9,2,20020729, 71.6137,-151.7938, 1164,    296.4,   0.4550,  34.7711,2,  34.7768,2,    10.57,2,    12.16,2,     0.08,2,     1.00,2
  32PZ20020715,Arctic,    30,  1,    108,      8,2,20020729, 71.6137,-151.7938, 1164,    325.5,   0.4935,  34.8022,2,  34.7999,2,     9.91,2,    12.04,2,     0.11,2,     0.99,2
  32PZ20020715,Arctic,    30,  1,    107,      7,2,20020729, 71.6137,-151.7938, 1164,    352.3,   0.5246,  34.8171,2,  34.8173,2,     8.83,2,    11.92,2,     0.06,2,     0.95,2
  32PZ20020715,Arctic,    30,  1,    106,      6,2,20020729, 71.6137,-151.7938, 1164,    404.8,   0.5416,  34.8349,2,  34.8290,2,     8.08,2,    11.80,2,     0.03,2,     0.91,2
  32PZ20020715,Arctic,    30,  1,    105,      5,2,20020729, 71.6137,-151.7938, 1164,    503.1,   0.4787,  34.8493,2,  34.8465,2,     7.44,2,    11.73,2,     0.01,2,     0.89,2
  32PZ20020715,Arctic,    30,  1,    104,      4,2,20020729, 71.6137,-151.7938, 1164,    699.7,   0.2992,  34.8646,2,  34.8615,2,     7.43,2,    11.76,2,     0.01,2,     0.90,2
  32PZ20020715,Arctic,    30,  1,    103,      3,2,20020729, 71.6137,-151.7938, 1164,    900.0,   0.1188,  34.8757,2,  34.8718,2,     7.53,2,    11.81,2,     0.01,2,     0.91,2
  32PZ20020715,Arctic,    30,  1,    102,      2,2,20020729, 71.6137,-151.7938, 1164,   1001.1,   0.0615,  34.8798,2,  34.8776,2,     7.96,2,    11.77,2,     0.02,2,     0.93,2
  32PZ20020715,Arctic,    30,  1,    101,      1,2,20020729, 71.6137,-151.7938, 1164,   1119.9,   0.0316,  34.8823,2,  34.8752,2,     8.07,2,    11.74,2,     0.02,2,     0.93,2
  32PZ20020715,Arctic,    31,  1,    120,     20,2,20020729, 71.5675,-151.8870,  878,      2.4,   1.1471,  25.9375,2,-999.0000,5,     8.19,2,     0.00,2,     0.00,2,     0.51,2
  32PZ20020715,Arctic,    31,  1,    119,     19,2,20020729, 71.5675,-151.8870,  878,     25.4,  -0.1920,  30.1954,2,-999.0000,5,    12.49,2,     0.50,2,     0.03,2,     0.79,2
  32PZ20020715,Arctic,    31,  1,    118,     18,2,20020729, 71.5675,-151.8870,  878,     50.1,  -1.2383,  31.3667,2,-999.0000,5,    17.04,2,     1.69,2,     0.08,2,     1.05,2
  32PZ20020715,Arctic,    31,  1,    117,     17,2,20020729, 71.5675,-151.8870,  878,     75.0,  -1.4602,  31.9653,2,-999.0000,5,    22.57,2,     4.04,2,     0.11,2,     1.29,2
  32PZ20020715,Arctic,    31,  1,    116,     16,2,20020729, 71.5675,-151.8870,  878,    100.4,  -1.6049,  32.3416,2,-999.0000,5,    30.64,2,     7.18,2,     0.14,2,     1.59,2
  32PZ20020715,Arctic,    31,  1,    115,     15,2,20020729, 71.5675,-151.8870,  878,    125.0,  -1.6232,  32.4511,2,-999.0000,5,    33.26,2,     8.54,2,     0.15,2,     1.69,2
  32PZ20020715,Arctic,    31,  1,    114,     14,2,20020729, 71.5675,-151.8870,  878,    150.4,  -1.6454,  32.7451,2,  32.7443,2,    36.31,2,    11.28,2,     0.13,2,     1.83,2
  32PZ20020715,Arctic,    31,  1,    113,     13,2,20020729, 71.5675,-151.8870,  878,    200.7,  -0.8462,  34.0189,2,  34.0211,2,    30.92,2,    13.63,2,     0.16,2,     1.63,2
  32PZ20020715,Arctic,    31,  1,    112,     12,2,20020729, 71.5675,-151.8870,  878,    242.1,   0.4017,  34.7488,2,  34.7470,2,    11.14,2,    12.97,2,     0.08,2,     1.02,2
  32PZ20020715,Arctic,    31,  1,    109,      9,2,20020729, 71.5675,-151.8870,  878,    275.3,   0.4937,  34.7895,2,  34.7852,2,    10.28,2,    12.87,2,     0.09,2,     1.00,2
  32PZ20020715,Arctic,    31,  1,    110,     10,2,20020729, 71.5675,-151.8870,  878,    275.5,   0.4794,  34.7877,2,  34.7834,2,    10.28,2,    12.84,2,     0.09,2,     0.99,2
  32PZ20020715,Arctic,    31,  1,    111,     11,2,20020729, 71.5675,-151.8870,  878,    276.1,   0.4985,  34.7919,2,  34.7865,2,    10.28,2,    12.75,2,     0.09,2,     0.99,2
  32PZ20020715,Arctic,    31,  1,    108,      8,2,20020729, 71.5675,-151.8870,  878,    300.5,   0.5860,  34.8160,2,  34.8137,2,     8.23,2,    12.54,2,     0.02,2,     0.91,2
  32PZ20020715,Arctic,    31,  1,    107,      7,2,20020729, 71.5675,-151.8870,  878,    350.8,   0.5429,  34.8238,2,  34.8241,2,     8.55,2,    12.62,2,     0.04,2,     0.93,2
  32PZ20020715,Arctic,    31,  1,    106,      6,2,20020729, 71.5675,-151.8870,  878,    395.3,   0.5213,  34.8362,2,  34.8337,2,     8.12,2,    12.52,2,     0.05,2,     0.92,2
  32PZ20020715,Arctic,    31,  1,    105,      5,2,20020729, 71.5675,-151.8870,  878,    450.8,   0.5024,  34.8453,2,  34.8426,2,     7.68,2,    12.44,2,     0.03,2,     0.90,2
  32PZ20020715,Arctic,    31,  1,    104,      4,2,20020729, 71.5675,-151.8870,  878,    500.4,   0.4482,  34.8495,2,  34.8468,2,     7.90,2,    12.40,2,     0.05,2,     0.92,2
  32PZ20020715,Arctic,    31,  1,    103,      3,2,20020729, 71.5675,-151.8870,  878,    595.6,   0.4128,  34.8541,2,  34.8523,2,     7.79,2,    12.38,2,     0.04,2,     0.91,2
  32PZ20020715,Arctic,    31,  1,    102,      2,2,20020729, 71.5675,-151.8870,  878,    749.8,   0.3359,  34.8620,2,  34.8605,2,     7.68,2,    12.30,2,     0.03,2,     0.92,2
  32PZ20020715,Arctic,    31,  1,    101,      1,2,20020729, 71.5675,-151.8870,  878,    846.4,   0.2486,  34.8677,2,  34.8658,2,     7.79,2,    12.27,2,     0.03,2,     0.92,2
  32PZ20020715,Arctic,    32,  1,    117,     17,2,20020730, 71.5265,-151.9475,  593,      2.6,   1.4235,  25.9154,2,  27.6014,2,     8.46,2,     0.00,2,     0.00,2,     0.51,2
  32PZ20020715,Arctic,    32,  1,    116,     16,2,20020730, 71.5265,-151.9475,  593,     24.1,   0.0893,  29.6501,2,  30.6404,2,    12.62,2,     0.29,2,     0.03,2,     0.78,2
  32PZ20020715,Arctic,    32,  1,    115,     15,2,20020730, 71.5265,-151.9475,  593,     49.9,  -0.8214,  31.3043,2,  31.5435,2,    18.35,2,     1.64,2,     0.07,2,     1.07,2
  32PZ20020715,Arctic,    32,  1,    114,     14,2,20020730, 71.5265,-151.9475,  593,     75.1,  -1.4432,  31.8889,2,  31.9183,2,    22.77,2,     3.33,2,     0.11,2,     1.25,2
  32PZ20020715,Arctic,    32,  1,    113,     13,2,20020730, 71.5265,-151.9475,  593,    100.0,  -1.4629,  32.0704,2,  32.0763,2,    25.43,2,     4.38,2,     0.12,2,     1.36,2
  32PZ20020715,Arctic,    32,  1,    112,     12,2,20020730, 71.5265,-151.9475,  593,    125.0,  -1.4954,  32.2277,2,  32.2499,2,    28.20,2,     7.04,2,     0.13,2,     1.57,2
  32PZ20020715,Arctic,    32,  1,    111,     11,2,20020730, 71.5265,-151.9475,  593,    149.8,  -1.6519,  32.6768,2,  32.6881,2,    37.31,2,    11.03,2,     0.15,2,     1.83,2
  32PZ20020715,Arctic,    32,  1,    110,     10,2,20020730, 71.5265,-151.9475,  593,    174.8,  -1.6945,  33.0650,2,  33.0839,2,    42.99,2,    13.13,2,     0.13,2,     2.02,2
  32PZ20020715,Arctic,    32,  1,    109,      9,2,20020730, 71.5265,-151.9475,  593,    202.1,  -0.3480,  34.4154,2,  34.4190,2,    22.52,2,    13.17,2,     0.16,2,     1.37,2
  32PZ20020715,Arctic,    32,  1,    108,      8,2,20020730, 71.5265,-151.9475,  593,    224.6,   0.2308,  34.6695,2,  34.6694,2,    15.03,2,    12.73,2,     0.13,2,     1.13,2
  32PZ20020715,Arctic,    32,  1,    107,      7,2,20020730, 71.5265,-151.9475,  593,    249.2,   0.4642,  34.7709,2,  34.7713,2,    10.97,2,    12.50,2,     0.09,2,     1.01,2
  32PZ20020715,Arctic,    32,  1,    106,      6,2,20020730, 71.5265,-151.9475,  593,    274.9,   0.4819,  34.7829,2,  34.7823,2,    10.54,2,    12.44,2,     0.10,2,     0.99,2
  32PZ20020715,Arctic,    32,  1,    105,      5,2,20020730, 71.5265,-151.9475,  593,    300.2,   0.5171,  34.8009,2,  34.8000,2,     9.88,2,    12.32,2,     0.08,2,     0.97,2
  32PZ20020715,Arctic,    32,  1,    104,      4,2,20020730, 71.5265,-151.9475,  593,    349.5,   0.5378,  34.8170,2,  34.8163,2,     9.12,2,    12.28,2,     0.07,2,     0.95,2
  32PZ20020715,Arctic,    32,  1,    103,      3,2,20020730, 71.5265,-151.9475,  593,    399.3,   0.5341,  34.8238,2,  34.8240,2,     9.01,2,    12.21,2,     0.07,2,     0.95,2
  32PZ20020715,Arctic,    32,  1,    102,      2,2,20020730, 71.5265,-151.9475,  593,    500.8,   0.5397,  34.8274,2,  34.8288,2,     9.34,2,    12.21,2,     0.08,2,     0.99,2
  32PZ20020715,Arctic,    32,  1,    101,      1,2,20020730, 71.5265,-151.9475,  593,    584.5,   0.5400,  34.8286,2,  34.8289,2,     9.25,2,    12.21,2,     0.08,2,     0.98,2
  32PZ20020715,Arctic,    33,  1,    112,     12,2,20020730, 71.4858,-151.9863,  290,      2.1,   0.3478,  26.0841,2,  27.7529,2,     8.41,2,     0.00,2,     0.00,2,     0.52,2
  32PZ20020715,Arctic,    33,  1,    111,     11,2,20020730, 71.4858,-151.9863,  290,     23.1,  -0.8141,  29.8316,2,  30.5593,2,    12.90,2,     0.56,2,     0.05,2,     0.88,2
  32PZ20020715,Arctic,    33,  1,    110,     10,2,20020730, 71.4858,-151.9863,  290,     49.9,  -1.3418,  31.3970,2,  31.5391,2,    17.19,2,     1.95,2,     0.10,2,     1.13,2
  32PZ20020715,Arctic,    33,  1,    109,      9,2,20020730, 71.4858,-151.9863,  290,     75.1,  -1.4041,  31.8804,2,  31.9528,2,    22.39,2,     3.95,2,     0.13,2,     1.37,2
  32PZ20020715,Arctic,    33,  1,    108,      8,2,20020730, 71.4858,-151.9863,  290,    100.3,  -1.5285,  32.0901,2,  32.1751,2,    26.27,2,     5.92,2,     0.13,2,     1.51,2
  32PZ20020715,Arctic,    33,  1,    107,      7,2,20020730, 71.4858,-151.9863,  290,    125.1,  -1.6156,  32.5399,2,  32.5876,2,    34.26,2,    10.09,2,     0.12,2,     1.77,2
  32PZ20020715,Arctic,    33,  1,    106,      6,2,20020730, 71.4858,-151.9863,  290,    150.8,  -1.6094,  32.8715,2,  32.8959,2,    35.60,2,    12.10,2,     0.10,2,     1.84,2
  32PZ20020715,Arctic,    33,  1,    105,      5,2,20020730, 71.4858,-151.9863,  290,    177.1,  -1.5957,  33.1483,2,  33.1795,2,    38.83,2,    13.01,2,     0.11,2,     1.90,2
  32PZ20020715,Arctic,    33,  1,    104,      4,2,20020730, 71.4858,-151.9863,  290,    201.6,  -0.3562,  34.4651,2,  34.4445,2,    21.05,2,    13.14,2,     0.11,2,     1.31,2
  32PZ20020715,Arctic,    33,  1,    103,      3,2,20020730, 71.4858,-151.9863,  290,    224.5,   0.2028,  34.6675,2,  34.6675,2,    15.64,2,    12.62,2,     0.10,2,     1.16,2
  32PZ20020715,Arctic,    33,  1,    102,      2,2,20020730, 71.4858,-151.9863,  290,    250.4,   0.2973,  34.7014,2,  34.6993,2,    15.76,2,    12.55,2,     0.11,2,     1.20,2
  32PZ20020715,Arctic,    33,  1,    101,      1,2,20020730, 71.4858,-151.9863,  290,    279.5,   0.3421,  34.7188,2,  34.7156,2,    15.87,2,    12.48,2,     0.13,2,     1.23,2
  32PZ20020715,Arctic,    34,  1,    109,      9,2,20020730, 71.4432,-152.0268,  206,      1.4,  -1.4354,  28.7080,2,  28.7097,2,     7.31,2,     0.00,2,     0.00,2,     0.69,2
  32PZ20020715,Arctic,    34,  1,    108,      8,2,20020730, 71.4432,-152.0268,  206,     23.1,  -1.2283,  30.3437,2,  30.4842,2,    12.51,2,     0.37,2,     0.03,2,     0.84,2
  32PZ20020715,Arctic,    34,  1,    107,      7,2,20020730, 71.4432,-152.0268,  206,     49.5,  -1.2630,  31.4603,2,  31.6036,2,    16.95,2,     2.51,2,     0.12,2,     1.14,2
  32PZ20020715,Arctic,    34,  1,    106,      6,2,20020730, 71.4432,-152.0268,  206,     75.4,  -1.4829,  31.8916,2,  31.9380,2,    21.96,2,     3.98,2,     0.12,2,     1.32,2
  32PZ20020715,Arctic,    34,  1,    105,      5,2,20020730, 71.4432,-152.0268,  206,    100.8,  -1.5908,  32.3780,2,  32.4313,2,    32.47,2,     8.22,2,     0.14,2,     1.66,2
  32PZ20020715,Arctic,    34,  1,    104,      4,2,20020730, 71.4432,-152.0268,  206,    125.5,  -1.6310,  32.6936,2,  32.7234,2,    34.47,2,    11.33,2,     0.10,2,     1.82,2
  32PZ20020715,Arctic,    34,  1,    103,      3,2,20020730, 71.4432,-152.0268,  206,    150.6,  -1.6857,  33.0740,2,  33.1155,2,    42.44,2,    13.08,2,     0.13,2,     2.01,2
  32PZ20020715,Arctic,    34,  1,    102,      2,2,20020730, 71.4432,-152.0268,  206,    175.0,  -1.1507,  33.7988,2,  33.8123,2,    37.81,2,    13.67,2,     0.18,2,     1.85,2
  32PZ20020715,Arctic,    34,  1,    101,      1,2,20020730, 71.4432,-152.0268,  206,    198.5,  -0.8202,  34.1611,2,  34.1012,2,    31.08,2,    13.44,2,     0.16,2,     1.67,2
  32PZ20020715,Arctic,    35,  1,    108,      8,2,20020730, 71.3992,-152.0488,  162,      2.0,  -0.6688,  26.2403,2,  28.1397,2,     8.76,2,     0.00,2,     0.00,2,     0.62,2
  32PZ20020715,Arctic,    35,  1,    107,      7,2,20020730, 71.3992,-152.0488,  162,     13.5,  -1.3217,  28.9735,2,  29.6854,2,    10.30,2,     0.00,2,     0.00,2,     0.68,2
  32PZ20020715,Arctic,    35,  1,    106,      6,2,20020730, 71.3992,-152.0488,  162,     28.7,  -1.2348,  31.0340,2,  31.3011,2,    15.29,2,     0.69,2,     0.04,2,     0.98,2
  32PZ20020715,Arctic,    35,  1,    105,      5,2,20020730, 71.3992,-152.0488,  162,     49.3,  -1.4266,  31.7301,2,  31.9745,2,    23.64,2,     4.05,2,     0.11,2,     1.32,2
  32PZ20020715,Arctic,    35,  1,    104,      4,2,20020730, 71.3992,-152.0488,  162,     72.3,  -1.4739,  32.2551,2,  32.2859,2,    29.12,2,     6.39,2,     0.13,2,     1.55,2
  32PZ20020715,Arctic,    35,  1,    103,      3,2,20020730, 71.3992,-152.0488,  162,    100.2,  -1.5731,  32.4178,2,  32.4635,2,    33.15,2,     8.61,2,     0.15,2,     1.70,2
  32PZ20020715,Arctic,    35,  1,    102,      2,2,20020730, 71.3992,-152.0488,  162,    125.0,  -1.5755,  32.4739,2,  32.6934,2,    34.60,2,     9.95,2,     0.14,2,     1.76,2
  32PZ20020715,Arctic,    35,  1,    101,      1,2,20020730, 71.3992,-152.0488,  162,    155.3,  -1.3940,  33.5036,2,  33.4891,2,    40.53,2,    13.24,2,     0.17,2,     1.92,2
  32PZ20020715,Arctic,    36,  1,    105,      5,2,20020731, 71.3430,-152.1033,   75,      3.0,   0.6357,  26.2183,2,  26.9571,2,     7.77,2,     0.00,2,     0.00,2,     0.53,2
  32PZ20020715,Arctic,    36,  1,    104,      4,2,20020731, 71.3430,-152.1033,   75,     14.8,  -1.4529,  29.0038,2,  29.2121,2,     6.65,2,    -0.01,2,     0.01,2,     0.74,2
  32PZ20020715,Arctic,    36,  1,    103,      3,2,20020731, 71.3430,-152.1033,   75,     35.3,  -1.2649,  31.1233,2,  31.1419,2,    14.19,2,     0.61,2,     0.05,2,     0.92,2
  32PZ20020715,Arctic,    36,  1,    102,      2,2,20020731, 71.3430,-152.1033,   75,     54.7,  -1.4443,  31.8034,2,  31.7891,2,    20.99,2,     3.11,2,     0.11,2,     1.29,2
  32PZ20020715,Arctic,    36,  1,    101,      1,2,20020731, 71.3430,-152.1033,   75,     71.8,  -1.4567,  31.8799,2,  31.8644,2,    21.77,2,     4.00,2,     0.12,2,     1.31,2
  32PZ20020715,Arctic,    37,  1,    106,      6,2,20020731, 71.3047,-152.1340,   58,      4.5,   0.9575,  26.5369,2,  26.6154,2,     8.51,2,     0.00,2,     0.00,2,     0.55,2
  32PZ20020715,Arctic,    37,  1,    105,      5,2,20020731, 71.3047,-152.1340,   58,     12.9,  -1.0359,  28.1190,2,  29.6784,2,    10.26,2,    -0.01,2,     0.01,2,     0.67,2
  32PZ20020715,Arctic,    37,  1,    104,      4,2,20020731, 71.3047,-152.1340,   58,     21.2,  -0.4430,  30.0727,2,  30.5098,2,    12.04,2,     0.23,2,     0.03,2,     0.78,2
  32PZ20020715,Arctic,    37,  1,    103,      3,2,20020731, 71.3047,-152.1340,   58,     30.9,  -1.1680,  30.5798,2,  30.9432,2,    13.83,2,     0.52,2,     0.05,2,     0.90,2
  32PZ20020715,Arctic,    37,  1,    102,      2,2,20020731, 71.3047,-152.1340,   58,     45.4,  -1.2301,  31.3648,2,  31.3958,2,    16.50,2,     1.31,2,     0.08,2,     1.04,2
  32PZ20020715,Arctic,    37,  1,    101,      1,2,20020731, 71.3047,-152.1340,   58,     54.2,  -1.2282,  31.4381,2,  31.4260,2,    17.40,2,     1.51,2,     0.08,2,     1.06,2
  32PZ20020715,Arctic,    38,  1,    105,      5,2,20020731, 71.2643,-152.1772,   50,      2.7,   0.2041,  25.6508,2,  27.0637,2,     8.46,2,     0.00,2,     0.00,2,     0.54,2
  32PZ20020715,Arctic,    38,  1,    104,      4,2,20020731, 71.2643,-152.1772,   50,     12.2,   0.1832,  28.7437,2,  29.6593,2,     9.78,2,    -0.01,2,     0.01,2,     0.65,2
  32PZ20020715,Arctic,    38,  1,    103,      3,2,20020731, 71.2643,-152.1772,   50,     23.5,   0.2800,  30.0536,2,  30.5775,2,    12.68,2,     0.20,2,     0.04,2,     0.81,2
  32PZ20020715,Arctic,    38,  1,    102,      2,2,20020731, 71.2643,-152.1772,   50,     37.4,  -1.2189,  31.0258,2,  31.1413,2,    14.79,2,     0.56,2,     0.05,2,     0.93,2
  32PZ20020715,Arctic,    38,  1,    101,      1,2,20020731, 71.2643,-152.1772,   50,     46.2,  -1.0746,  31.2421,2,  31.2146,2,    15.36,2,     0.73,2,     0.05,2,     0.95,2
  32PZ20020715,Arctic,    39,  1,    105,      5,2,20020731, 71.2220,-152.2077,   43,      3.3,  -0.2680,  26.5142,2,  28.2763,2,     9.08,2,    -0.01,2,     0.01,2,     0.62,2
  32PZ20020715,Arctic,    39,  1,    104,      4,2,20020731, 71.2220,-152.2077,   43,     15.1,  -0.2797,  29.0706,2,  29.8763,2,     9.98,2,    -0.02,2,     0.02,2,     0.70,2
  32PZ20020715,Arctic,    39,  1,    103,      3,2,20020731, 71.2220,-152.2077,   43,     24.2,  -0.6107,  30.0850,2,  30.2403,2,    11.42,2,     0.04,2,     0.03,2,     0.82,2
  32PZ20020715,Arctic,    39,  1,    102,      2,2,20020731, 71.2220,-152.2077,   43,     32.7,  -0.7667,  30.2383,2,  30.5260,2,    12.54,2,     0.23,2,     0.04,2,     0.83,2
  32PZ20020715,Arctic,    39,  1,    101,      1,2,20020731, 71.2220,-152.2077,   43,     39.4,  -0.8168,  30.7754,2,  30.6190,2,    12.66,2,     0.22,2,     0.04,2,     0.84,2
  32PZ20020715,Arctic,    40,  1,    110,     10,2,20020801, 71.4972,-151.6307,  962,      4.8,  -0.4747,  28.0700,2,  29.7515,2,    10.48,2,     0.01,2,     0.01,2,     0.71,2
  32PZ20020715,Arctic,    40,  1,    109,      9,2,20020801, 71.4972,-151.6307,  962,     34.5,  -1.4165,  30.7446,2,  30.9314,2,    14.37,2,     0.91,2,     0.06,2,     0.96,2
  32PZ20020715,Arctic,    40,  1,    108,      8,2,20020801, 71.4972,-151.6307,  962,     69.7,  -1.4375,  31.7252,2,  31.7980,2,    19.73,2,     3.33,2,     0.12,2,     1.28,2
  32PZ20020715,Arctic,    40,  1,    107,      7,2,20020801, 71.4972,-151.6307,  962,    165.1,  -1.6778,  33.0275,2,  33.1193,2,    39.79,2,    12.92,2,     0.12,2,     1.92,2
  32PZ20020715,Arctic,    40,  1,    106,      6,2,20020801, 71.4972,-151.6307,  962,    300.6,   0.5677,  34.7893,2,  34.7911,2,     9.15,2,    12.35,2,     0.02,2,     0.94,2
  32PZ20020715,Arctic,    40,  1,    105,      5,2,20020801, 71.4972,-151.6307,  962,    400.9,   0.5456,  34.8249,2,  34.8260,2,     8.49,2,    12.34,2,     0.04,2,     0.93,2
  32PZ20020715,Arctic,    40,  1,    104,      4,2,20020801, 71.4972,-151.6307,  962,    600.7,   0.3883,  34.8568,2,  34.8570,2,     7.61,2,    12.25,2,     0.01,2,     0.90,2
  32PZ20020715,Arctic,    40,  1,    103,      3,2,20020801, 71.4972,-151.6307,  962,    721.4,   0.2894,  34.8648,2,  34.8651,2,     7.96,2,    12.24,2,     0.03,2,     0.92,2
  32PZ20020715,Arctic,    40,  1,    102,      2,2,20020801, 71.4972,-151.6307,  962,    860.5,   0.1741,  34.8721,2,  34.8723,2,     8.07,2,    12.29,2,     0.03,2,     0.93,2
  32PZ20020715,Arctic,    40,  1,    101,      1,2,20020801, 71.4972,-151.6307,  962,    930.8,   0.1314,  34.8751,2,  34.8745,2,     8.31,2,    12.23,2,     0.03,2,     0.93,2
  32PZ20020715,Arctic,    41,  1,    107,      7,2,20020801, 71.5108,-151.6302, 1128,      5.1,  -0.6698,  27.7496,2,  28.9951,2,     9.42,2,    -0.01,2,     0.01,2,     0.66,2
  32PZ20020715,Arctic,    41,  1,    106,      6,2,20020801, 71.5108,-151.6302, 1128,     49.1,  -1.4579,  31.4156,2,  31.4993,2,    17.20,2,     1.76,2,     0.09,2,     1.11,2
  32PZ20020715,Arctic,    41,  1,    105,      5,2,20020801, 71.5108,-151.6302, 1128,    149.0,  -1.6655,  32.8895,2,  33.0215,2,    37.02,2,    12.54,2,     0.11,2,     1.86,2
  32PZ20020715,Arctic,    41,  1,    104,      4,2,20020801, 71.5108,-151.6302, 1128,    365.4,   0.6053,  34.8223,2,  34.8226,2,     7.64,2,    12.24,2,     0.01,2,     0.89,2
  32PZ20020715,Arctic,    41,  1,    103,      3,2,20020801, 71.5108,-151.6302, 1128,    416.3,   0.5570,  34.8347,2,  34.8339,2,     7.97,2,    12.22,2,     0.03,2,     0.91,2
  32PZ20020715,Arctic,    41,  1,    102,      2,2,20020801, 71.5108,-151.6302, 1128,    929.8,   0.1727,  34.8724,2,  34.8719,2,     7.98,2,    12.23,2,     0.03,2,     0.93,2
  32PZ20020715,Arctic,    41,  1,    101,      1,2,20020801, 71.5108,-151.6302, 1128,   1101.9,  -0.1664,  34.8987,2,  34.8990,2,     9.10,2,    12.42,2,     0.01,2,     0.97,2
  32PZ20020715,Arctic,    42,  1,    105,      5,2,20020804, 70.9338,-159.3108,   36,      6.2,   2.9674,  29.0440,2,  30.1630,2,     7.69,2,     0.00,2,     0.00,2,     0.45,2
  32PZ20020715,Arctic,    42,  1,    104,      4,2,20020804, 70.9338,-159.3108,   36,     11.2,   2.2750,  30.5531,2,  30.5830,2,     7.80,2,     0.00,2,     0.00,2,     0.47,2
  32PZ20020715,Arctic,    42,  1,    103,      3,2,20020804, 70.9338,-159.3108,   36,     15.8,   1.8299,  30.6432,2,  30.6527,2,     8.03,2,     0.00,2,     0.00,2,     0.47,2
  32PZ20020715,Arctic,    42,  1,    102,      2,2,20020804, 70.9338,-159.3108,   36,     23.6,   1.6926,  30.6661,2,  30.6677,2,     8.14,2,     0.00,2,     0.00,2,     0.48,2
  32PZ20020715,Arctic,    42,  1,    101,      1,2,20020804, 70.9338,-159.3108,   36,     33.3,   1.4729,  30.7038,2,  30.6938,2,     8.25,2,    -0.01,2,     0.00,2,     0.49,2
  32PZ20020715,Arctic,    43,  1,    105,      5,2,20020804, 70.9610,-159.3722,   49,      6.1,  -0.2179,  30.4261,2,  30.3881,2,    10.33,2,     0.00,2,     0.00,2,     0.50,2
  32PZ20020715,Arctic,    43,  1,    104,      4,2,20020804, 70.9610,-159.3722,   49,     15.7,  -0.1382,  31.2711,2,  31.2722,2,     9.89,2,     0.00,2,     0.00,2,     0.54,2
  32PZ20020715,Arctic,    43,  1,    103,      3,2,20020804, 70.9610,-159.3722,   49,     25.8,  -0.2092,  31.2787,2,  31.2773,2,     9.78,2,     0.00,2,     0.00,2,     0.54,2
  32PZ20020715,Arctic,    43,  1,    102,      2,2,20020804, 70.9610,-159.3722,   49,     35.9,  -0.2299,  31.2843,2,  31.2829,2,     9.90,2,     0.00,2,     0.00,2,     0.54,2
  32PZ20020715,Arctic,    43,  1,    101,      1,2,20020804, 70.9610,-159.3722,   49,     45.3,  -0.2311,  31.2847,2,  31.2817,2,     9.90,2,     0.00,2,     0.00,2,     0.54,2
  32PZ20020715,Arctic,    44,  1,    106,      6,2,20020804, 70.9913,-159.4130,   57,      2.2,   0.4246,  26.7791,2,  27.0545,2,     8.45,2,     0.00,2,     0.00,2,     0.65,2
  32PZ20020715,Arctic,    44,  1,    105,      5,2,20020804, 70.9913,-159.4130,   57,      9.5,  -0.9084,  31.5444,2,  31.6628,2,    14.19,2,    -0.02,2,     0.03,2,     0.76,2
  32PZ20020715,Arctic,    44,  1,    104,      4,2,20020804, 70.9913,-159.4130,   57,     21.0,  -1.0949,  31.8135,2,  31.8240,2,    12.53,2,     0.24,2,     0.05,2,     0.85,2
  32PZ20020715,Arctic,    44,  1,    103,      3,2,20020804, 70.9913,-159.4130,   57,     30.8,  -1.1005,  31.8317,2,  31.8355,2,    11.98,2,     0.36,2,     0.05,2,     0.87,2
  32PZ20020715,Arctic,    44,  1,    102,      2,2,20020804, 70.9913,-159.4130,   57,     43.8,  -1.1048,  31.8505,2,  31.8521,2,    11.76,2,     0.34,2,     0.05,2,     0.88,2
  32PZ20020715,Arctic,    44,  1,    101,      1,2,20020804, 70.9913,-159.4130,   57,     53.2,  -1.1055,  31.8506,2,  31.8525,2,    11.76,2,     0.33,2,     0.05,2,     0.88,2
  32PZ20020715,Arctic,    45,  1,    106,      6,2,20020804, 71.0203,-159.4933,   73,      1.8,  -0.2128,  27.0491,2,  27.9113,2,     9.43,2,    -0.01,2,     0.01,2,     0.66,2
  32PZ20020715,Arctic,    45,  1,    105,      5,2,20020804, 71.0203,-159.4933,   73,     10.0,  -1.0942,  31.4065,2,  31.6303,2,    21.77,2,    -0.01,2,     0.01,2,     0.79,2
  32PZ20020715,Arctic,    45,  1,    104,      4,2,20020804, 71.0203,-159.4933,   73,     20.2,  -1.4961,  32.0770,2,  32.1595,2,    24.00,2,     0.14,2,     0.03,2,     0.97,2
  32PZ20020715,Arctic,    45,  1,    103,      3,2,20020804, 71.0203,-159.4933,   73,     34.4,  -1.6324,  32.5831,2,  32.5865,2,    31.73,2,     7.63,2,     0.14,2,     1.65,2
  32PZ20020715,Arctic,    45,  1,    102,      2,2,20020804, 71.0203,-159.4933,   73,     55.6,  -1.6371,  32.5968,2,  32.5940,2,    31.95,2,     7.90,2,     0.15,2,     1.66,2
  32PZ20020715,Arctic,    45,  1,    101,      1,2,20020804, 71.0203,-159.4933,   73,     68.4,  -1.6358,  32.5984,2,  32.5977,2,    31.95,2,     7.96,2,     0.15,2,     1.64,2
  32PZ20020715,Arctic,    46,  1,    106,      6,2,20020804, 71.0487,-159.5362,   78,      1.8,   0.3886,  26.3407,2,  26.6333,2,     5.98,2,     0.00,2,  -999.00,5,     0.68,2
  32PZ20020715,Arctic,    46,  1,    105,      5,2,20020804, 71.0487,-159.5362,   78,     10.1,  -0.8649,  30.0262,2,  30.7172,2,    12.40,2,     0.00,2,     0.00,2,     0.79,2
  32PZ20020715,Arctic,    46,  1,    104,      4,2,20020804, 71.0487,-159.5362,   78,     18.2,  -1.2592,  31.9673,2,  32.1488,2,    18.96,2,    -0.02,2,     0.02,2,     0.91,2
  32PZ20020715,Arctic,    46,  1,    103,      3,2,20020804, 71.0487,-159.5362,   78,     24.6,  -1.6256,  32.6249,2,  32.7002,2,    34.41,2,     9.79,2,     0.23,2,     1.74,2
  32PZ20020715,Arctic,    46,  1,    102,      2,2,20020804, 71.0487,-159.5362,   78,     39.6,  -1.7089,  32.8249,2,  32.8553,2,    42.28,2,    12.90,2,     0.24,2,     2.05,2
  32PZ20020715,Arctic,    46,  1,    101,      1,2,20020804, 71.0487,-159.5362,   78,     73.4,  -1.7356,  32.9538,2,  32.9506,2,    46.23,2,    14.15,2,     0.26,2,     2.07,2
  32PZ20020715,Arctic,    47,  1,    105,      5,2,20020804, 71.0737,-159.5885,   76,      1.7,   0.8890,  23.7468,2,  23.7625,2,     5.97,2,     0.00,2,     0.00,2,     0.61,2
  32PZ20020715,Arctic,    47,  1,    104,      4,2,20020804, 71.0737,-159.5885,   76,      9.8,  -1.1161,  30.5323,2,  30.7722,2,    12.83,2,    -0.01,2,     0.01,2,     0.83,2
  32PZ20020715,Arctic,    47,  1,    103,      3,2,20020804, 71.0737,-159.5885,   76,     29.8,  -1.6538,  32.6685,2,  32.8961,2,    30.47,2,    11.89,2,     0.29,2,     1.90,2
  32PZ20020715,Arctic,    47,  1,    102,      2,2,20020804, 71.0737,-159.5885,   76,     50.7,  -1.7486,  33.1113,2,  33.1079,2,    45.55,2,    13.46,2,     0.26,2,     2.10,2
  32PZ20020715,Arctic,    47,  1,    101,      1,2,20020804, 71.0737,-159.5885,   76,     71.8,  -1.7484,  33.1176,2,  33.1147,2,    45.09,2,    13.40,2,     0.26,2,     2.10,2
  32PZ20020715,Arctic,    48,  1,    105,      5,2,20020804, 71.1075,-159.6568,   63,      2.6,   0.2041,  25.9177,2,  31.8440,2,     7.36,2,    -0.04,2,     0.04,2,     0.70,2
  32PZ20020715,Arctic,    48,  1,    104,      4,2,20020804, 71.1075,-159.6568,   63,     12.0,  -1.2395,  31.1943,2,  34.9959,2,    15.22,2,     0.73,2,     0.04,2,     1.00,2
  32PZ20020715,Arctic,    48,  1,    103,      3,2,20020804, 71.1075,-159.6568,   63,     19.7,  -1.4685,  32.1242,2,  32.5224,2,    26.43,2,     7.05,2,     0.17,2,     1.54,2
  32PZ20020715,Arctic,    48,  1,    102,      2,2,20020804, 71.1075,-159.6568,   63,     32.9,  -1.7523,  33.1525,2,  33.1508,2,    49.50,2,    13.48,2,     0.27,2,     2.15,2
  32PZ20020715,Arctic,    48,  1,    101,      1,2,20020804, 71.1075,-159.6568,   63,     59.0,  -1.7533,  33.1633,2,  33.1602,2,    48.82,2,    13.47,2,     0.27,2,     2.15,2
  32PZ20020715,Arctic,    49,  1,    105,      5,2,20020804, 71.1320,-159.6917,   65,      2.3,   1.1004,  24.4600,2,  25.2771,2,     4.69,2,     0.00,3,     0.00,2,     0.65,2
  32PZ20020715,Arctic,    49,  1,    104,      4,2,20020804, 71.1320,-159.6917,   65,      9.8,  -0.7897,  30.4759,2,  31.1713,2,    10.48,2,     0.00,3,     0.00,2,     0.87,2
  32PZ20020715,Arctic,    49,  1,    103,      3,2,20020804, 71.1320,-159.6917,   65,     25.9,  -1.3493,  32.2057,2,  32.4670,2,    30.00,2,     9.55,3,     0.20,2,     1.84,2
  32PZ20020715,Arctic,    49,  1,    102,      2,2,20020804, 71.1320,-159.6917,   65,     38.7,  -1.7534,  33.2042,2,  33.2094,2,    49.80,2,    13.79,3,     0.30,2,     2.12,2
  32PZ20020715,Arctic,    49,  1,    101,      1,2,20020804, 71.1320,-159.6917,   65,     60.3,  -1.7538,  33.2249,2,  33.2238,2,    49.36,2,    13.73,3,     0.30,2,     2.03,2
  32PZ20020715,Arctic,    50,  1,    106,      6,2,20020804, 71.1640,-159.7465,   82,      1.6,   2.3108,  26.3196,2,  28.5535,2,     3.35,2,     0.00,3,     0.00,2,     0.76,2
  32PZ20020715,Arctic,    50,  1,    105,      5,2,20020804, 71.1640,-159.7465,   82,      9.7,   0.3222,  28.9847,2,  29.8978,2,     6.79,2,     0.35,3,     0.01,2,     0.83,2
  32PZ20020715,Arctic,    50,  1,    104,      4,2,20020804, 71.1640,-159.7465,   82,     19.8,  -0.7013,  30.7665,2,  31.9490,2,    24.89,2,     4.94,3,     0.11,2,     1.35,2
  32PZ20020715,Arctic,    50,  1,    103,      3,2,20020804, 71.1640,-159.7465,   82,     34.4,  -1.6947,  32.6902,2,  33.0766,2,    50.04,2,    15.14,3,     0.31,2,     2.30,2
  32PZ20020715,Arctic,    50,  1,    102,      2,2,20020804, 71.1640,-159.7465,   82,     45.1,  -1.7522,  33.2292,2,  33.2708,2,    54.48,2,    15.07,3,     0.32,2,     2.36,2
  32PZ20020715,Arctic,    50,  1,    101,      1,2,20020804, 71.1640,-159.7465,   82,     76.8,  -1.7602,  33.3977,2,  33.3928,2,    54.94,2,    14.99,3,     0.33,2,     2.36,2
  32PZ20020715,Arctic,    51,  1,    104,      4,2,20020804, 71.2003,-159.8108,   61,      2.0,  -0.1474,  28.1704,2,  27.8213,2,     3.23,2,     0.00,3,     0.00,2,     0.72,2
  32PZ20020715,Arctic,    51,  1,    103,      3,2,20020804, 71.2003,-159.8108,   61,     15.3,  -0.8842,  30.5371,2,  30.8485,2,     7.55,2,     0.00,3,     0.00,2,     0.84,2
  32PZ20020715,Arctic,    51,  1,    102,      2,2,20020804, 71.2003,-159.8108,   61,     31.7,  -1.6446,  32.3656,2,  32.3855,2,    34.74,2,    12.91,3,     0.23,2,     1.99,2
  32PZ20020715,Arctic,    51,  1,    101,      1,2,20020804, 71.2003,-159.8108,   61,     54.1,  -1.7518,  33.2242,2,  33.2225,2,    52.57,2,    15.21,3,     0.33,2,     2.28,2
  32PZ20020715,Arctic,    52,  1,    106,      6,2,20020804, 71.2272,-159.8600,   55,      1.5,   0.9197,  27.1562,2,  28.0977,2,     3.66,2,     0.00,3,     0.00,2,     0.71,2
  32PZ20020715,Arctic,    52,  1,    105,      5,2,20020804, 71.2272,-159.8600,   55,     10.3,  -0.6145,  30.3140,2,  30.5517,2,     5.87,2,     0.00,3,     0.00,2,     0.82,2
  32PZ20020715,Arctic,    52,  1,    104,      4,2,20020804, 71.2272,-159.8600,   55,     20.0,  -1.2647,  31.7664,2,  31.9970,2,    14.30,2,    -0.02,3,     0.02,2,     0.94,2
  32PZ20020715,Arctic,    52,  1,    103,      3,2,20020804, 71.2272,-159.8600,   55,     31.4,  -1.6549,  32.3629,2,  32.3823,2,    41.89,2,    13.66,3,     0.26,2,     1.99,2
  32PZ20020715,Arctic,    52,  1,    102,      2,2,20020804, 71.2272,-159.8600,   55,     39.4,  -1.7521,  33.1902,2,  33.1817,2,    53.28,2,    15.41,3,     0.35,2,     2.34,2
  32PZ20020715,Arctic,    52,  1,    101,      1,2,20020804, 71.2272,-159.8600,   55,     51.5,  -1.7525,  33.2188,2,  33.1916,2,    52.61,2,    15.29,3,     0.34,2,     2.31,2
  32PZ20020715,Arctic,    53,  1,    104,      4,2,20020805, 72.3667,-158.6573,   56,     10.5,  -1.1953,  30.6640,2,  30.6188,2,    10.33,2,    -0.02,2,     0.02,2,     0.83,2
  32PZ20020715,Arctic,    53,  1,    103,      3,2,20020805, 72.3667,-158.6573,   56,     20.2,  -1.5167,  32.0978,2,  32.1555,2,    30.13,2,     6.70,2,     0.23,2,     1.61,2
  32PZ20020715,Arctic,    53,  1,    102,      2,2,20020805, 72.3667,-158.6573,   56,     35.3,  -1.6532,  32.6427,2,  32.6915,2,    45.01,2,    13.99,2,     0.22,2,     2.02,2
  32PZ20020715,Arctic,    53,  1,    101,      1,2,20020805, 72.3667,-158.6573,   56,     50.6,  -1.7323,  33.1212,2,  33.0349,2,    51.00,2,    14.67,2,     0.21,2,     2.25,2
  32PZ20020715,Arctic,    54,  1,    105,      5,2,20020805, 72.3987,-158.5658,   56,      2.1,  -0.8207,  29.3865,2,  28.5314,2,     4.97,2,    -0.01,2,     0.01,2,     0.71,2
  32PZ20020715,Arctic,    54,  1,    104,      4,2,20020805, 72.3987,-158.5658,   56,      9.6,  -0.9133,  30.1323,2,  30.8305,2,    11.86,2,    -0.02,2,     0.02,2,     0.84,2
  32PZ20020715,Arctic,    54,  1,    103,      3,2,20020805, 72.3987,-158.5658,   56,     20.0,  -1.4025,  31.9489,2,  32.0260,2,    21.34,2,     0.54,2,     0.10,2,     1.18,2
  32PZ20020715,Arctic,    54,  1,    102,      2,2,20020805, 72.3987,-158.5658,   56,     33.9,  -1.4771,  32.5574,2,  32.5742,2,    40.80,2,    13.16,2,     0.05,2,     1.96,2
  32PZ20020715,Arctic,    54,  1,    101,      1,2,20020805, 72.3987,-158.5658,   56,     51.8,  -1.7342,  33.1333,2,  33.0636,2,    50.05,2,    14.67,2,     0.23,2,     2.24,2
  32PZ20020715,Arctic,    55,  1,    104,      4,2,20020805, 72.4308,-158.4660,   58,      2.1,  -0.4784,  28.1342,2,  29.0792,2,     6.27,2,    -0.02,2,     0.02,2,     0.74,2
  32PZ20020715,Arctic,    55,  1,    103,      3,2,20020805, 72.4308,-158.4660,   58,     15.3,  -1.3227,  31.6195,2,  31.7808,2,    19.30,2,    -0.03,2,     0.04,2,     1.01,2
  32PZ20020715,Arctic,    55,  1,    102,      2,2,20020805, 72.4308,-158.4660,   58,     36.4,  -1.6491,  32.4884,2,  32.5159,2,    49.01,2,    14.37,2,     0.23,2,     2.12,2
  32PZ20020715,Arctic,    55,  1,    101,      1,2,20020805, 72.4308,-158.4660,   58,     50.9,  -1.7315,  33.1305,2,  33.1229,2,    51.26,2,    14.81,2,     0.24,2,     2.28,2
  32PZ20020715,Arctic,    56,  1,    105,      5,2,20020805, 72.4638,-158.3620,   62,      2.2,  -0.5194,  27.6105,2,  29.3797,2,     7.67,2,     0.40,2,     0.05,2,     0.82,2
  32PZ20020715,Arctic,    56,  1,    104,      4,2,20020805, 72.4638,-158.3620,   62,     11.0,  -1.1385,  30.1788,2,  31.3622,2,    21.27,2,     4.52,2,     0.13,2,     1.33,2
  32PZ20020715,Arctic,    56,  1,    103,      3,2,20020805, 72.4638,-158.3620,   62,     30.5,  -1.5833,  32.1963,2,  32.5443,2,    44.67,2,    13.35,2,     0.25,2,     2.03,2
  32PZ20020715,Arctic,    56,  1,    102,      2,2,20020805, 72.4638,-158.3620,   62,     47.5,  -1.7158,  32.9744,2,  33.1354,2,    50.77,2,    14.90,2,     0.30,2,     2.28,2
  32PZ20020715,Arctic,    56,  1,    101,      1,2,20020805, 72.4638,-158.3620,   62,     57.6,  -1.7393,  33.1552,2,  33.1528,2,    50.78,2,    14.85,2,     0.29,2,     2.28,2
  32PZ20020715,Arctic,    57,  1,    108,      8,2,20020805, 72.4935,-158.2660,   74,      1.9,  -1.0117,  27.7517,2,  28.2424,2,     4.28,2,    -0.05,2,     0.05,2,     0.70,2
  32PZ20020715,Arctic,    57,  1,    106,      6,2,20020805, 72.4935,-158.2660,   74,      9.8,  -1.1123,  29.2541,2,  30.1913,2,     5.73,2,    -0.05,2,     0.05,2,     0.76,2
  32PZ20020715,Arctic,    57,  1,    107,      7,2,20020805, 72.4935,-158.2660,   74,      9.8,  -1.0639,  28.7625,2,  29.6723,2,     6.06,2,    -0.05,2,     0.05,2,     0.79,2
  32PZ20020715,Arctic,    57,  1,    105,      5,2,20020805, 72.4935,-158.2660,   74,     18.7,  -1.4759,  30.2364,2,  30.8046,2,     8.63,2,     0.05,2,     0.06,2,     0.88,2
  32PZ20020715,Arctic,    57,  1,    103,      3,2,20020805, 72.4935,-158.2660,   74,     34.9,  -1.5930,  32.0435,2,  32.4135,2,    34.47,2,    10.55,2,     0.25,2,     1.80,2
  32PZ20020715,Arctic,    57,  1,    104,      4,2,20020805, 72.4935,-158.2660,   74,     34.9,  -1.5908,  32.0392,2,  32.4450,2,    34.14,2,    10.83,2,     0.26,2,     1.90,2
  32PZ20020715,Arctic,    57,  1,    102,      2,2,20020805, 72.4935,-158.2660,   74,     59.4,  -1.6967,  33.0309,2,  33.0915,2,    50.39,2,    14.77,2,     0.29,2,     2.25,2
  32PZ20020715,Arctic,    57,  1,    101,      1,2,20020805, 72.4935,-158.2660,   74,     70.3,  -1.7303,  33.1222,2,  33.1202,2,    50.62,2,    14.84,2,     0.31,2,     2.34,2
  32PZ20020715,Arctic,    58,  1,    109,      9,2,20020805, 72.5265,-158.1525,  131,      2.0,  -1.1533,  28.7887,2,  28.8987,2,     4.65,2,    -0.01,2,     0.01,2,     0.73,2
  32PZ20020715,Arctic,    58,  1,    107,      7,2,20020805, 72.5265,-158.1525,  131,     10.9,  -1.4033,  29.6309,2,  30.4266,2,     4.43,2,    -0.01,2,     0.01,2,     0.76,2
  32PZ20020715,Arctic,    58,  1,    108,      8,2,20020805, 72.5265,-158.1525,  131,     10.9,  -1.4037,  29.6351,2,  29.9242,2,     4.55,2,    -0.01,2,     0.01,2,     0.79,2
  32PZ20020715,Arctic,    58,  1,    105,      5,2,20020805, 72.5265,-158.1525,  131,     24.4,  -1.4910,  31.0381,2,  31.6001,2,    17.91,2,     4.74,2,     0.09,2,     1.24,2
  32PZ20020715,Arctic,    58,  1,    106,      6,2,20020805, 72.5265,-158.1525,  131,     24.4,  -1.3959,  30.6881,2,  31.6899,2,    16.35,2,     3.75,2,     0.08,2,     1.20,2
  32PZ20020715,Arctic,    58,  1,    104,      4,2,20020805, 72.5265,-158.1525,  131,     50.1,  -1.5758,  32.3601,2,  32.5852,2,    33.51,2,    11.23,2,     0.15,2,     1.71,2
  32PZ20020715,Arctic,    58,  1,    103,      3,2,20020805, 72.5265,-158.1525,  131,     76.1,  -1.6231,  32.9273,2,  33.0041,2,    40.26,2,    13.51,2,     0.16,2,     1.93,2
  32PZ20020715,Arctic,    58,  1,    102,      2,2,20020805, 72.5265,-158.1525,  131,    104.2,  -1.7402,  33.1531,2,  33.1617,2,    51.34,2,    14.97,2,     0.27,2,     2.26,2
  32PZ20020715,Arctic,    58,  1,    101,      1,2,20020805, 72.5265,-158.1525,  131,    124.7,  -1.7277,  33.2254,2,  33.2077,2,    50.89,2,    14.87,2,     0.31,2,     2.22,2
  32PZ20020715,Arctic,    59,  1,    108,      8,2,20020805, 72.5587,-158.0333,  181,      1.9,  -1.1144,  28.1978,2,  28.6317,2,     4.69,2,     0.00,2,     0.00,2,     0.72,2
  32PZ20020715,Arctic,    59,  1,    107,      7,2,20020805, 72.5587,-158.0333,  181,     10.0,  -1.3064,  29.3510,2,  29.8233,2,     4.14,2,     0.01,2,     0.00,2,     0.76,2
  32PZ20020715,Arctic,    59,  1,    106,      6,2,20020805, 72.5587,-158.0333,  181,     27.4,  -1.5242,  31.0709,2,  31.1752,2,    13.02,2,     1.10,2,     0.06,2,     1.09,2
  32PZ20020715,Arctic,    59,  1,    105,      5,2,20020805, 72.5587,-158.0333,  181,     43.7,  -1.5452,  31.7786,2,  32.0383,2,    22.96,2,     6.94,2,     0.14,2,     1.42,2
  32PZ20020715,Arctic,    59,  1,    104,      4,2,20020805, 72.5587,-158.0333,  181,     74.7,  -1.6617,  32.8795,2,  32.9026,2,    44.09,2,    13.93,2,     0.20,2,     1.98,2
  32PZ20020715,Arctic,    59,  1,    103,      3,2,20020805, 72.5587,-158.0333,  181,    103.5,  -1.7376,  33.1912,2,  33.1929,2,    50.97,2,    15.32,2,     0.30,2,     2.20,2
  32PZ20020715,Arctic,    59,  1,    102,      2,2,20020805, 72.5587,-158.0333,  181,    133.1,  -1.4997,  33.5242,2,  33.9254,2,    28.31,2,    13.59,2,     0.07,2,     1.55,2
  32PZ20020715,Arctic,    59,  1,    101,      1,2,20020805, 72.5587,-158.0333,  181,    173.9,   0.2076,  34.6432,2,  34.6395,2,    15.12,2,    12.39,2,     0.09,2,     1.15,2
  32PZ20020715,Arctic,    60,  1,    108,      8,2,20020805, 72.5915,-157.9183,  218,      2.1,  -1.2556,  29.0430,2,  29.1393,2,     3.66,2,     0.09,2,     0.00,2,     0.72,2
  32PZ20020715,Arctic,    60,  1,    107,      7,2,20020805, 72.5915,-157.9183,  218,     14.9,  -1.3950,  29.5685,2,  30.0344,2,     4.33,2,     0.10,2,     0.01,2,     0.77,2
  32PZ20020715,Arctic,    60,  1,    106,      6,2,20020805, 72.5915,-157.9183,  218,     39.9,  -1.5694,  31.6165,2,  31.9005,2,    22.91,2,     6.88,2,     0.19,2,     1.48,2
  32PZ20020715,Arctic,    60,  1,    105,      5,2,20020805, 72.5915,-157.9183,  218,     72.0,  -1.6526,  32.9450,2,  33.0199,2,    44.49,2,    14.63,2,     0.17,2,     2.06,2
  32PZ20020715,Arctic,    60,  1,    104,      4,2,20020805, 72.5915,-157.9183,  218,    119.3,  -1.7458,  33.1936,2,  33.1959,2,    50.92,2,    15.32,2,     0.26,2,     2.25,2
  32PZ20020715,Arctic,    60,  1,    103,      3,2,20020805, 72.5915,-157.9183,  218,    154.9,  -1.2188,  33.8807,2,  34.1889,2,    24.79,2,    13.37,2,     0.05,2,     1.44,2
  32PZ20020715,Arctic,    60,  1,    102,      2,2,20020805, 72.5915,-157.9183,  218,    190.5,   0.5620,  34.7597,2,  34.7670,2,    11.30,2,    12.24,2,     0.07,2,     1.03,2
  32PZ20020715,Arctic,    60,  1,    101,      1,2,20020805, 72.5915,-157.9183,  218,    210.0,   0.5804,  34.7950,2,  34.7952,2,    11.31,2,    12.12,2,     0.07,2,     1.04,2
  32PZ20020715,Arctic,    61,  1,    109,      9,2,20020805, 72.6237,-157.8203,  268,      4.9,  -1.3417,  29.2191,2,  29.0171,2,     4.61,2,     0.22,2,     0.02,2,     0.73,2
  32PZ20020715,Arctic,    61,  1,    108,      8,2,20020805, 72.6237,-157.8203,  268,     23.4,  -1.4253,  30.8018,2,  31.2789,2,    13.27,2,     2.74,2,     0.09,2,     1.12,2
  32PZ20020715,Arctic,    61,  1,    107,      7,2,20020805, 72.6237,-157.8203,  268,     46.5,  -1.4960,  32.0543,2,  32.1929,2,    24.76,2,     8.16,2,     0.16,2,     1.45,2
  32PZ20020715,Arctic,    61,  1,    106,      6,2,20020805, 72.6237,-157.8203,  268,     69.4,  -1.6452,  32.6875,2,  32.8407,2,    44.21,2,    14.41,2,     0.23,2,     2.02,2
  32PZ20020715,Arctic,    61,  1,    105,      5,2,20020805, 72.6237,-157.8203,  268,     99.9,  -1.7115,  33.0914,2,  33.0913,2,    50.88,2,    15.38,2,     0.24,2,     2.24,2
  32PZ20020715,Arctic,    61,  1,    104,      4,2,20020805, 72.6237,-157.8203,  268,    130.6,  -1.7293,  33.1716,2,  33.1735,2,    50.31,2,    15.45,2,     0.26,2,     2.23,2
  32PZ20020715,Arctic,    61,  1,    103,      3,2,20020805, 72.6237,-157.8203,  268,    160.4,  -0.8687,  34.2045,2,  34.2452,2,    23.18,2,    13.39,2,     0.01,2,     1.39,2
  32PZ20020715,Arctic,    61,  1,    102,      2,2,20020805, 72.6237,-157.8203,  268,    201.2,   0.2787,  34.6586,2,  34.6677,2,    12.04,2,    12.49,2,     0.02,2,     1.02,2
  32PZ20020715,Arctic,    61,  1,    101,      1,2,20020805, 72.6237,-157.8203,  268,    259.0,   0.5133,  34.8474,2,  34.8459,2,     8.05,2,    12.30,2,     0.02,2,     0.92,2
  32PZ20020715,Arctic,    62,  1,    105,      5,2,20020805, 72.6540,-157.6907,  320,      5.2,  -1.1068,  27.6441,2,  27.6327,2,     4.58,2,     0.00,2,     0.00,2,     0.68,2
  32PZ20020715,Arctic,    62,  1,    103,      3,2,20020805, 72.6540,-157.6907,  320,    200.2,  -0.1373,  34.5120,2,  34.5436,2,    15.79,2,    12.46,2,     0.00,2,     1.13,2
  32PZ20020715,Arctic,    62,  1,    102,      2,2,20020805, 72.6540,-157.6907,  320,    250.4,   0.5711,  34.7592,2,  34.7644,2,    10.49,2,    12.09,2,     0.00,2,     0.96,2
  32PZ20020715,Arctic,    62,  1,    101,      1,2,20020805, 72.6540,-157.6907,  320,    310.1,   0.5319,  34.8467,2,  34.8465,2,     7.74,2,    11.93,2,     0.00,2,     0.90,2
  32PZ20020715,Arctic,    63,  1,    109,      9,2,20020805, 72.6838,-157.6065,  374,      5.2,  -1.2500,  28.6062,2,  29.2094,2,     6.64,2,    -0.01,2,     0.01,2,     0.78,2
  32PZ20020715,Arctic,    63,  1,    108,      8,2,20020805, 72.6838,-157.6065,  374,     24.7,  -1.5150,  30.9078,2,  31.2643,2,    14.48,2,     2.41,2,     0.14,2,     1.11,5
  32PZ20020715,Arctic,    63,  1,    107,      7,2,20020805, 72.6838,-157.6065,  374,     50.0,  -1.3975,  32.0021,2,  32.0846,2,    21.69,2,     6.59,2,     0.11,2,     1.41,2
  32PZ20020715,Arctic,    63,  1,    106,      6,2,20020805, 72.6838,-157.6065,  374,    100.7,  -1.6763,  33.0292,2,  33.1089,2,    42.12,2,    13.51,2,     0.16,2,     1.90,2
  32PZ20020715,Arctic,    63,  1,    105,      5,2,20020805, 72.6838,-157.6065,  374,    124.6,  -1.6314,  33.2423,2,  33.3488,2,    39.87,2,    13.25,2,     0.13,2,     1.82,2
  32PZ20020715,Arctic,    63,  1,    104,      4,2,20020805, 72.6838,-157.6065,  374,    150.2,  -1.5027,  33.6633,2,  33.8079,2,    33.36,2,    13.79,2,     0.09,2,     1.66,2
  32PZ20020715,Arctic,    63,  1,    103,      3,2,20020805, 72.6838,-157.6065,  374,    201.3,  -0.3136,  34.4651,2,  34.4632,2,    15.67,2,    12.27,2,     0.00,2,     1.13,2
  32PZ20020715,Arctic,    63,  1,    102,      2,2,20020805, 72.6838,-157.6065,  374,    250.6,   0.5307,  34.7368,2,  34.7351,2,     9.93,2,    12.04,2,     0.00,2,     0.95,2
  32PZ20020715,Arctic,    63,  1,    101,      1,2,20020805, 72.6838,-157.6065,  374,    362.0,   0.4985,  34.8496,2,  34.8475,2,     7.73,2,    11.89,2,     0.00,2,     0.90,2
  32PZ20020715,Arctic,    64,  1,    114,     14,2,20020805, 72.7160,-157.5093,  426,      5.2,  -1.2216,  28.8705,2,  28.9098,2,     6.29,2,     0.00,2,     0.00,2,     0.74,2
  32PZ20020715,Arctic,    64,  1,    113,     13,2,20020805, 72.7160,-157.5093,  426,     23.9,  -1.5802,  30.7500,2,  31.0455,2,    15.48,2,     3.19,2,     0.13,2,     1.14,2
  32PZ20020715,Arctic,    64,  1,    112,     12,2,20020805, 72.7160,-157.5093,  426,     74.4,  -1.6265,  32.6572,2,  32.7428,2,    39.59,2,    12.71,2,     0.09,2,     1.86,2
  32PZ20020715,Arctic,    64,  1,    108,      8,2,20020805, 72.7160,-157.5093,  426,    123.5,  -1.7432,  33.1642,2,  33.2431,2,    48.90,2,    14.62,2,     0.17,2,     2.12,2
  32PZ20020715,Arctic,    64,  1,    105,      5,2,20020805, 72.7160,-157.5093,  426,    149.9,  -1.5729,  33.5292,2,  33.5299,2,    38.55,2,    13.54,2,     0.10,2,     1.81,2
  32PZ20020715,Arctic,    64,  1,    104,      4,2,20020805, 72.7160,-157.5093,  426,    200.7,  -0.5791,  34.3680,2,  34.4064,2,    16.78,2,    12.12,2,     0.00,2,     1.15,2
  32PZ20020715,Arctic,    64,  1,    103,      3,2,20020805, 72.7160,-157.5093,  426,    274.0,   0.6619,  34.7783,2,  34.7800,2,     8.15,2,    11.75,2,     0.00,2,     0.90,2
  32PZ20020715,Arctic,    64,  1,    102,      2,2,20020805, 72.7160,-157.5093,  426,    351.8,   0.6869,  34.8216,2,  34.8313,2,     7.82,2,    11.82,2,     0.00,2,     0.90,2
  32PZ20020715,Arctic,    64,  1,    101,      1,2,20020805, 72.7160,-157.5093,  426,    413.9,   0.5310,  34.8472,2,  34.8473,2,     7.71,2,    11.81,2,     0.00,2,     0.93,2
  32PZ20020715,Arctic,    65,  1,    111,     11,2,20020806, 72.7435,-157.3950,  800,      5.8,  -1.0579,  28.3175,2,  28.4896,2,     5.05,2,     0.00,2,     0.00,2,     0.72,2
  32PZ20020715,Arctic,    65,  1,    110,     10,2,20020806, 72.7435,-157.3950,  800,     23.1,  -1.4347,  30.5543,2,  30.8498,2,     4.93,2,     0.00,2,     0.00,2,     0.83,2
  32PZ20020715,Arctic,    65,  1,    109,      9,2,20020806, 72.7435,-157.3950,  800,     49.4,  -1.5121,  31.9667,2,  31.9725,2,    20.60,2,     6.01,2,     0.14,2,     1.35,2
  32PZ20020715,Arctic,    65,  1,    108,      8,2,20020806, 72.7435,-157.3950,  800,     95.1,  -1.6523,  32.9654,2,  33.0292,2,    41.43,2,    13.64,2,     0.13,2,     1.93,2
  32PZ20020715,Arctic,    65,  1,    107,      7,2,20020806, 72.7435,-157.3950,  800,    119.8,  -1.6950,  33.2028,2,  33.2856,2,    42.77,2,    13.82,2,     0.15,2,     1.95,2
  32PZ20020715,Arctic,    65,  1,    106,      6,2,20020806, 72.7435,-157.3950,  800,    172.1,  -1.0347,  34.1022,2,  34.2011,2,    24.69,2,    13.11,2,     0.00,2,     1.43,2
  32PZ20020715,Arctic,    65,  1,    105,      5,2,20020806, 72.7435,-157.3950,  800,    254.3,   0.4051,  34.6977,2,  34.6997,2,     9.89,2,    12.11,2,     0.00,2,     0.94,2
  32PZ20020715,Arctic,    65,  1,    104,      4,2,20020806, 72.7435,-157.3950,  800,    396.7,   0.6482,  34.8333,2,  34.8329,2,     7.03,2,    11.95,2,     0.00,2,     0.89,2
  32PZ20020715,Arctic,    65,  1,    103,      3,2,20020806, 72.7435,-157.3950,  800,    543.5,   0.4596,  34.8547,2,  34.8544,2,     7.36,2,    12.02,2,     0.00,2,     0.90,2
  32PZ20020715,Arctic,    65,  1,    102,      2,2,20020806, 72.7435,-157.3950,  800,    698.7,   0.4240,  34.8581,2,  34.8583,2,     7.36,2,    12.01,2,     0.00,2,     0.90,2
  32PZ20020715,Arctic,    65,  1,    101,      1,2,20020806, 72.7435,-157.3950,  800,    776.4,   0.2861,  34.8665,2,  34.8654,2,     7.36,2,    12.01,2,     0.00,2,     0.91,2
  32PZ20020715,Arctic,    66,  1,    116,     16,2,20020806, 72.7808,-157.2640, 1348,      6.5,  -1.2174,  28.7463,2,  28.9104,2,     4.49,2,     0.00,2,     0.00,2,     0.73,2
  32PZ20020715,Arctic,    66,  1,    115,     15,2,20020806, 72.7808,-157.2640, 1348,     50.2,  -1.5450,  31.8766,2,  31.9783,2,    20.62,2,     6.79,2,     0.10,2,     1.37,2
  32PZ20020715,Arctic,    66,  1,    114,     14,2,20020806, 72.7808,-157.2640, 1348,    100.4,  -1.6604,  32.9095,2,  33.0679,2,    37.88,2,    13.11,2,     0.09,2,     1.81,2
  32PZ20020715,Arctic,    66,  1,    113,     13,2,20020806, 72.7808,-157.2640, 1348,    149.3,  -1.5637,  33.6261,2,  33.7225,2,    34.44,2,    13.82,2,     0.06,2,     1.70,2
  32PZ20020715,Arctic,    66,  1,    112,     12,2,20020806, 72.7808,-157.2640, 1348,    200.5,  -0.4047,  34.4453,2,  34.5161,2,    13.13,2,    12.01,2,     0.00,2,     1.04,2
  32PZ20020715,Arctic,    66,  1,    111,     11,2,20020806, 72.7808,-157.2640, 1348,    295.7,   0.6832,  34.7863,2,  34.7911,2,     7.33,2,    11.81,2,     0.00,2,     0.89,2
  32PZ20020715,Arctic,    66,  1,    110,     10,2,20020806, 72.7808,-157.2640, 1348,    400.1,   0.6536,  34.8294,2,  34.8302,2,     7.01,2,    11.87,2,     0.00,2,     0.89,2
  32PZ20020715,Arctic,    66,  1,    109,      9,2,20020806, 72.7808,-157.2640, 1348,    501.1,   0.5517,  34.8498,2,  34.8522,2,     6.90,2,    11.94,2,     0.00,2,     0.89,2
  32PZ20020715,Arctic,    66,  1,    108,      8,2,20020806, 72.7808,-157.2640, 1348,    600.9,   0.4032,  34.8597,2,  34.8597,2,     7.12,2,    12.01,2,     0.00,2,     0.90,2
  32PZ20020715,Arctic,    66,  1,    107,      7,2,20020806, 72.7808,-157.2640, 1348,    698.7,   0.2752,  34.8665,2,  34.8668,2,     7.13,2,    12.01,2,     0.00,2,     0.91,2
  32PZ20020715,Arctic,    66,  1,    106,      6,2,20020806, 72.7808,-157.2640, 1348,    798.2,   0.1280,  34.8746,2,  34.8744,2,     7.25,2,    12.15,2,     0.00,2,     0.91,2
  32PZ20020715,Arctic,    66,  1,    105,      5,2,20020806, 72.7808,-157.2640, 1348,    897.0,   0.0592,  34.8792,2,  34.8794,2,     7.37,2,    12.22,2,     0.00,2,     0.92,2
  32PZ20020715,Arctic,    66,  1,    104,      4,2,20020806, 72.7808,-157.2640, 1348,   1001.3,   0.0144,  34.8824,2,  34.8826,2,     7.48,2,    12.21,2,     0.00,2,     0.92,2
  32PZ20020715,Arctic,    66,  1,    103,      3,2,20020806, 72.7808,-157.2640, 1348,   1096.6,  -0.0133,  34.8848,2,  34.8842,2,     7.59,2,    12.27,2,     0.00,2,     0.93,2
  32PZ20020715,Arctic,    66,  1,    102,      2,2,20020806, 72.7808,-157.2640, 1348,   1211.5,  -0.0736,  34.8895,2,  34.8898,2,     7.60,2,    12.27,2,     0.00,2,     0.93,2
  32PZ20020715,Arctic,    66,  1,    101,      1,2,20020806, 72.7808,-157.2640, 1348,   1325.4,  -0.1873,  34.9008,2,  34.8995,2,     8.16,2,    12.49,2,     0.00,2,     0.95,2
  32PZ20020715,Arctic,    67,  1,    108,      8,2,20020806, 72.2473,-156.7090,  245,      5.0,  -0.9189,  27.4897,2,  27.6753,2,     4.34,2,     0.00,2,     0.00,2,     0.69,2
  32PZ20020715,Arctic,    67,  1,    107,      7,2,20020806, 72.2473,-156.7090,  245,     18.5,  -1.3608,  30.1301,2,  30.3518,2,     6.30,2,     0.00,2,     0.00,2,     0.81,2
  32PZ20020715,Arctic,    67,  1,    106,      6,2,20020806, 72.2473,-156.7090,  245,     40.2,  -1.5560,  31.7013,2,  32.0610,2,    21.87,2,     7.18,2,     0.13,2,     1.40,2
  32PZ20020715,Arctic,    67,  1,    105,      5,2,20020806, 72.2473,-156.7090,  245,     80.0,  -1.7251,  33.0731,2,  33.0775,2,    51.81,2,    14.91,2,     0.21,2,     2.16,2
  32PZ20020715,Arctic,    67,  1,    104,      4,2,20020806, 72.2473,-156.7090,  245,    120.1,  -1.7394,  33.2220,2,  33.2267,2,    51.26,2,    15.73,2,  -999.00,5,     2.19,2
  32PZ20020715,Arctic,    67,  1,    103,      3,2,20020806, 72.2473,-156.7090,  245,    160.4,  -1.6382,  33.3784,2,  33.4939,2,    40.80,2,    14.24,2,     0.12,2,     1.87,2
  32PZ20020715,Arctic,    67,  1,    102,      2,2,20020806, 72.2473,-156.7090,  245,    214.5,   0.5740,  34.8059,2,  34.8070,2,    10.23,2,    12.20,2,     0.02,2,     0.98,2
  32PZ20020715,Arctic,    67,  1,    101,      1,2,20020806, 72.2473,-156.7090,  245,    239.2,   0.5824,  34.8063,2,  34.8075,2,    10.13,2,    12.20,2,     0.03,2,     0.97,2
  32PZ20020715,Arctic,    68,  1,    104,      4,2,20020806, 72.3188,-156.7997,  261,    154.2,  -1.4090,  33.7825,2,  33.9684,2,    30.71,2,    13.74,2,  -999.00,5,     1.59,2
  32PZ20020715,Arctic,    68,  1,    103,      3,2,20020806, 72.3188,-156.7997,  261,    200.3,   0.3149,  34.6662,2,  34.6687,2,    13.78,2,    12.57,2,  -999.00,5,     1.08,2
  32PZ20020715,Arctic,    68,  1,    102,      2,2,20020806, 72.3188,-156.7997,  261,    231.0,   0.4780,  34.7234,2,  34.7244,2,    11.49,2,    12.23,2,     0.00,2,     1.01,2
  32PZ20020715,Arctic,    68,  1,    101,      1,2,20020806, 72.3188,-156.7997,  261,    253.5,   0.6062,  34.7802,2,  34.7788,2,     9.97,2,    12.08,2,     0.01,2,     0.97,2
END_DATA
