<?xml version="1.0" encoding="UTF-8"?>
<FFSignatureFile xmlns="http://www.nationalarchives.gov.uk/pronom/SignatureFile" Version="1" DateCreated="2022-04-28T16:10:27+00:00">
  <InternalSignatureCollection>
  <InternalSignature ID="1" Specificity="Specific">
  <ByteSequence Reference="BOFoffset">
    <SubSequence MinFragLength="0" Position="1" SubSeqMaxOffset="0" SubSeqMinOffset="0">
      <Sequence>52494646</Sequence>
      <DefaultShift>5</DefaultShift>
      <Shift Byte="52">4</Shift>
      <Shift Byte="49">3</Shift>
      <Shift Byte="46">1</Shift>
    </SubSequence>
  </ByteSequence>
  <ByteSequence Reference="BOFoffset">
    <SubSequence MinFragLength="0" Position="1" SubSeqMaxOffset="8" SubSeqMinOffset="8">
      <Sequence>43445354</Sequence>
      <DefaultShift>5</DefaultShift>
      <Shift Byte="43">4</Shift>
      <Shift Byte="44">3</Shift>
      <Shift Byte="53">2</Shift>
      <Shift Byte="54">1</Shift>
    </SubSequence>
  </ByteSequence>
</InternalSignature>
</InternalSignatureCollection>
<FileFormatCollection>
  <FileFormat ID="1" Name="CorelDraw V4 Template" PUID="dev/1" Version="1.0" MIMEType="application/octet-stream">
    <InternalSignatureID>1</InternalSignatureID>
    <Extension>cdt</Extension>
  </FileFormat>
</FileFormatCollection></FFSignatureFile>
